-- phpMyAdmin SQL Dump
-- version 5.2.1
-- https://www.phpmyadmin.net/
--
-- Host: database
-- Generation Time: May 28, 2024 at 08:35 AM
-- Server version: 11.3.2-MariaDB-1:11.3.2+maria~ubu2204
-- PHP Version: 8.2.19

SET SQL_MODE = "NO_AUTO_VALUE_ON_ZERO";
START TRANSACTION;
SET time_zone = "+00:00";


/*!40101 SET @OLD_CHARACTER_SET_CLIENT=@@CHARACTER_SET_CLIENT */;
/*!40101 SET @OLD_CHARACTER_SET_RESULTS=@@CHARACTER_SET_RESULTS */;
/*!40101 SET @OLD_COLLATION_CONNECTION=@@COLLATION_CONNECTION */;
/*!40101 SET NAMES utf8mb4 */;

--
-- Database: `event`
--

-- --------------------------------------------------------

--
-- Table structure for table `country`
--

CREATE TABLE `country` (
  `id` int(11) NOT NULL,
  `uuid` binary(20) NOT NULL,
  `name_th` varchar(100) NOT NULL,
  `name_en` varchar(100) NOT NULL,
  `code` varchar(10) NOT NULL,
  `status` int(1) NOT NULL DEFAULT 1,
  `updated` datetime DEFAULT NULL,
  `created` datetime NOT NULL DEFAULT current_timestamp()
) ENGINE=InnoDB DEFAULT CHARSET=utf8mb4 COLLATE=utf8mb4_general_ci;

--
-- Dumping data for table `country`
--

INSERT INTO `country` (`id`, `uuid`, `name_th`, `name_en`, `code`, `status`, `updated`, `created`) VALUES
(1, 0x61306334383434652d306163392d313165662d38, 'กรีซ', 'Greece', 'GR', 1, NULL, '2024-05-05 17:24:17'),
(2, 0x61306335313632352d306163392d313165662d38, 'กรีนแลนด์', 'Greenland', 'GL', 1, NULL, '2024-05-05 17:24:17'),
(3, 0x61306335616466342d306163392d313165662d38, 'กวม', 'Guam', 'GU', 1, NULL, '2024-05-05 17:24:17'),
(4, 0x61306335663831312d306163392d313165662d38, 'กัมพูชา', 'Cambodia', 'KH', 1, NULL, '2024-05-05 17:24:17'),
(5, 0x61306336343136302d306163392d313165662d38, 'กัวเดอลุป', 'Guadeloupe', 'GP', 1, NULL, '2024-05-05 17:24:17'),
(6, 0x61306336383635662d306163392d313165662d38, 'กัวเตมาลา', 'Guatemala', 'GT', 1, NULL, '2024-05-05 17:24:17'),
(7, 0x61306336636261352d306163392d313165662d38, 'กาตาร์', 'Qatar', 'QA', 1, NULL, '2024-05-05 17:24:17'),
(8, 0x61306337313131332d306163392d313165662d38, 'กานา', 'Ghana', 'GH', 1, NULL, '2024-05-05 17:24:17'),
(9, 0x61306337353263362d306163392d313165662d38, 'กาบอง', 'Gabon', 'GA', 1, NULL, '2024-05-05 17:24:17'),
(10, 0x61306337393336342d306163392d313165662d38, 'กาบูเวร์ดี', 'Cabo Verde', 'CV', 1, NULL, '2024-05-05 17:24:17'),
(11, 0x61306337643263362d306163392d313165662d38, 'กายอานา', 'Guyana', 'GY', 1, NULL, '2024-05-05 17:24:17'),
(12, 0x61306338313333352d306163392d313165662d38, 'กินี', 'Guinea', 'GN', 1, NULL, '2024-05-05 17:24:17'),
(13, 0x61306338353065622d306163392d313165662d38, 'กินี-บิสเซา', 'Guinea-Bissau', 'GW', 1, NULL, '2024-05-05 17:24:17'),
(14, 0x61306338386631382d306163392d313165662d38, 'กือราเซา', 'Curaçao', 'CW', 1, NULL, '2024-05-05 17:24:17'),
(15, 0x61306338633931382d306163392d313165662d38, 'เกรเนดา', 'Grenada', 'GD', 1, NULL, '2024-05-05 17:24:17'),
(16, 0x61306339336635342d306163392d313165662d38, 'เกาหลีใต้', 'South Korea', 'KR', 1, NULL, '2024-05-05 17:24:17'),
(17, 0x61306339373934392d306163392d313165662d38, 'เกาหลีเหนือ', 'North Korea', 'KP', 1, NULL, '2024-05-05 17:24:17'),
(18, 0x61306339623535392d306163392d313165662d38, 'เกาะคริสต์มาส', 'Christmas Island', 'CX', 1, NULL, '2024-05-05 17:24:17'),
(19, 0x61306339656532362d306163392d313165662d38, 'เกาะเซาท์จอร์เจียและหมู่เกาะเซาท์แซนด์วิช', 'South Georgia and the South Sandwich Islands', 'GS', 1, NULL, '2024-05-05 17:24:17'),
(20, 0x61306361333437302d306163392d313165662d38, 'เกาะนอร์ฟอล์ก', 'Norfolk Island', 'NF', 1, NULL, '2024-05-05 17:24:17'),
(21, 0x61306361373231382d306163392d313165662d38, 'เกาะบูเวต์', 'Bouvet Island', 'BV', 1, NULL, '2024-05-05 17:24:17'),
(22, 0x61306361616232362d306163392d313165662d38, 'เกาะเล็กรอบนอกของสหรัฐอเมริกา', 'United States Minor Outlying Islands', 'UM', 1, NULL, '2024-05-05 17:24:17'),
(23, 0x61306361653238332d306163392d313165662d38, 'เกาะเฮิร์ดและหมู่เกาะแมกดอนัลด์', 'Heard Island and McDonald Islands', 'HM', 1, NULL, '2024-05-05 17:24:17'),
(24, 0x61306362316233392d306163392d313165662d38, 'เกิร์นซีย์', 'Guernsey', 'GG', 1, NULL, '2024-05-05 17:24:17'),
(25, 0x61306362353134342d306163392d313165662d38, 'แกมเบีย', 'Gambia', 'GM', 1, NULL, '2024-05-05 17:24:17'),
(26, 0x61306362386135302d306163392d313165662d38, 'โกตดิวัวร์', 'Côte d\'Ivoire', 'CI', 1, NULL, '2024-05-05 17:24:17'),
(27, 0x61306362626432332d306163392d313165662d38, 'คอโมโรส', 'Comoros', 'KM', 1, NULL, '2024-05-05 17:24:17'),
(28, 0x61306363323265372d306163392d313165662d38, 'คอสตาริกา', 'Costa Rica', 'CR', 1, NULL, '2024-05-05 17:24:17'),
(29, 0x61306363353866312d306163392d313165662d38, 'คาซัคสถาน', 'Kazakhstan', 'KZ', 1, NULL, '2024-05-05 17:24:17'),
(30, 0x61306363393231332d306163392d313165662d38, 'คิริบาส', 'Kiribati', 'KI', 1, NULL, '2024-05-05 17:24:17'),
(31, 0x61306363633965622d306163392d313165662d38, 'คิวบา', 'Cuba', 'CU', 1, NULL, '2024-05-05 17:24:17'),
(32, 0x61306363666564652d306163392d313165662d38, 'คีร์กีซสถาน', 'Kyrgyzstan', 'KG', 1, NULL, '2024-05-05 17:24:17'),
(33, 0x61306364333564392d306163392d313165662d38, 'คูเวต', 'Kuwait', 'KW', 1, NULL, '2024-05-05 17:24:17'),
(34, 0x61306364366434662d306163392d313165662d38, 'เคนยา', 'Kenya', 'KE', 1, NULL, '2024-05-05 17:24:17'),
(35, 0x61306364613434322d306163392d313165662d38, 'แคนาดา', 'Canada', 'CA', 1, NULL, '2024-05-05 17:24:17'),
(36, 0x61306364646534642d306163392d313165662d38, 'แคเมอรูน', 'Cameroon', 'CM', 1, NULL, '2024-05-05 17:24:17'),
(37, 0x61306365316234612d306163392d313165662d38, 'โครเอเชีย', 'Croatia', 'HR', 1, NULL, '2024-05-05 17:24:17'),
(38, 0x61306365353761302d306163392d313165662d38, 'โคลอมเบีย', 'Colombia', 'CO', 1, NULL, '2024-05-05 17:24:17'),
(39, 0x61306365393233362d306163392d313165662d38, 'จอร์เจีย', 'Georgia', 'GE', 1, NULL, '2024-05-05 17:24:17'),
(40, 0x61306365643162642d306163392d313165662d38, 'จอร์แดน', 'Jordan', 'JO', 1, NULL, '2024-05-05 17:24:17'),
(41, 0x61306366343166662d306163392d313165662d38, 'จาเมกา', 'Jamaica', 'JM', 1, NULL, '2024-05-05 17:24:17'),
(42, 0x61306366376336322d306163392d313165662d38, 'จิบูตี', 'Djibouti', 'DJ', 1, NULL, '2024-05-05 17:24:17'),
(43, 0x61306366623464622d306163392d313165662d38, 'จีน', 'China', 'CN', 1, NULL, '2024-05-05 17:24:17'),
(44, 0x61306366656264362d306163392d313165662d38, 'เจอร์ซีย์', 'Jersey', 'JE', 1, NULL, '2024-05-05 17:24:17'),
(45, 0x61306430323236342d306163392d313165662d38, 'ชาด', 'Chad', 'TD', 1, NULL, '2024-05-05 17:24:17'),
(46, 0x61306430356665322d306163392d313165662d38, 'ชิลี', 'Chile', 'CL', 1, NULL, '2024-05-05 17:24:17'),
(47, 0x61306430393366652d306163392d313165662d38, 'เช็กเกีย', 'Czech Republic', 'CZ', 1, NULL, '2024-05-05 17:24:17'),
(48, 0x61306430636338642d306163392d313165662d38, 'ซานมารีโน', 'San Marino', 'SM', 1, NULL, '2024-05-05 17:24:17'),
(49, 0x61306430666639392d306163392d313165662d38, 'ซามัว', 'Samoa', 'WS', 1, NULL, '2024-05-05 17:24:17'),
(50, 0x61306431333535612d306163392d313165662d38, 'ซาอุดีอาระเบีย', 'Saudi Arabia', 'SA', 1, NULL, '2024-05-05 17:24:17'),
(51, 0x61306431366361322d306163392d313165662d38, 'ซาฮาราตะวันตก', 'Western Sahara', 'EH', 1, NULL, '2024-05-05 17:24:17'),
(52, 0x61306431613433622d306163392d313165662d38, 'ซิมบับเว', 'Zimbabwe', 'ZW', 1, NULL, '2024-05-05 17:24:17'),
(53, 0x61306431643836622d306163392d313165662d38, 'ซีเรีย', 'Syrian Arab Republic', 'SY', 1, NULL, '2024-05-05 17:24:17'),
(54, 0x61306432343133322d306163392d313165662d38, 'ซูดาน', 'Sudan', 'SD', 1, NULL, '2024-05-05 17:24:17'),
(55, 0x61306432373638332d306163392d313165662d38, 'ซูรินาม', 'Suriname', 'SR', 1, NULL, '2024-05-05 17:24:17'),
(56, 0x61306432616235612d306163392d313165662d38, 'เซเชลส์', 'Seychelles', 'SC', 1, NULL, '2024-05-05 17:24:17'),
(57, 0x61306432653539382d306163392d313165662d38, 'เซนต์คิตส์และเนวิส', 'Saint Kitts and Nevis', 'KN', 1, NULL, '2024-05-05 17:24:17'),
(58, 0x61306433316436302d306163392d313165662d38, 'เซนต์ลูเชีย', 'Saint Lucia', 'LC', 1, NULL, '2024-05-05 17:24:17'),
(59, 0x61306433353637302d306163392d313165662d38, 'เซนต์วินเซนต์และเกรนาดีนส์', 'Saint Vincent and the Grenadines', 'VC', 1, NULL, '2024-05-05 17:24:17'),
(60, 0x61306433386539622d306163392d313165662d38, 'เซนต์เฮเลนา', 'Saint Helena Ascension and Tristan da Cunha', 'SH', 1, NULL, '2024-05-05 17:24:17'),
(61, 0x61306433636333342d306163392d313165662d38, 'เซเนกัล', 'Senegal', 'SN', 1, NULL, '2024-05-05 17:24:17'),
(62, 0x61306434313238342d306163392d313165662d38, 'เซอร์เบีย', 'Serbia', 'RS', 1, NULL, '2024-05-05 17:24:17'),
(63, 0x61306434356332382d306163392d313165662d38, 'เซาตูเมและปรินซีปี', 'Sao Tome and Principe', 'ST', 1, NULL, '2024-05-05 17:24:17'),
(64, 0x61306434393961392d306163392d313165662d38, 'เซียร์ราลีโอน', 'Sierra Leone', 'SL', 1, NULL, '2024-05-05 17:24:17'),
(65, 0x61306434643664622d306163392d313165662d38, 'แซงบาร์เตเลมี', 'Saint Barthélemy', 'BL', 1, NULL, '2024-05-05 17:24:17'),
(66, 0x61306435346161662d306163392d313165662d38, 'แซงปีแยร์และมีเกอลง', 'Saint Pierre and Miquelon', 'PM', 1, NULL, '2024-05-05 17:24:17'),
(67, 0x61306435383465322d306163392d313165662d38, 'แซงมาร์แตง', 'Saint Martin', 'MF', 1, NULL, '2024-05-05 17:24:17'),
(68, 0x61306435633238302d306163392d313165662d38, 'แซมเบีย', 'Zambia', 'ZM', 1, NULL, '2024-05-05 17:24:17'),
(69, 0x61306435666238342d306163392d313165662d38, 'โซมาเลีย', 'Somalia', 'SO', 1, NULL, '2024-05-05 17:24:17'),
(70, 0x61306436333763612d306163392d313165662d38, 'ไซปรัส', 'Cyprus', 'CY', 1, NULL, '2024-05-05 17:24:17'),
(71, 0x61306436373137632d306163392d313165662d38, 'ญี่ปุ่น', 'Japan', 'JP', 1, NULL, '2024-05-05 17:24:17'),
(72, 0x61306436616665622d306163392d313165662d38, 'ดอมินีกา', 'Dominica', 'DM', 1, NULL, '2024-05-05 17:24:17'),
(73, 0x61306436653838612d306163392d313165662d38, 'เดนมาร์ก', 'Denmark', 'DK', 1, NULL, '2024-05-05 17:24:17'),
(74, 0x61306437323535352d306163392d313165662d38, 'ตรินิแดดและโตเบโก', 'Trinidad and Tobago', 'TT', 1, NULL, '2024-05-05 17:24:17'),
(75, 0x61306437363134312d306163392d313165662d38, 'ตองงา', 'Tonga', 'TO', 1, NULL, '2024-05-05 17:24:17'),
(76, 0x61306437613238332d306163392d313165662d38, 'ติมอร์-เลสเต', 'Timor-Leste', 'TL', 1, NULL, '2024-05-05 17:24:17'),
(77, 0x61306437646366332d306163392d313165662d38, 'ตุรกี', 'Turkey', 'TR', 1, NULL, '2024-05-05 17:24:17'),
(78, 0x61306438316236612d306163392d313165662d38, 'ตูนิเซีย', 'Tunisia', 'TN', 1, NULL, '2024-05-05 17:24:17'),
(79, 0x61306438386439342d306163392d313165662d38, 'ตูวาลู', 'Tuvalu', 'TV', 1, NULL, '2024-05-05 17:24:17'),
(80, 0x61306438633363632d306163392d313165662d38, 'เติร์กเมนิสถาน', 'Turkmenistan', 'TM', 1, NULL, '2024-05-05 17:24:17'),
(81, 0x61306439303461642d306163392d313165662d38, 'โตโก', 'Togo', 'TG', 1, NULL, '2024-05-05 17:24:17'),
(82, 0x61306439336661392d306163392d313165662d38, 'ไต้หวัน', 'Taiwan', 'TW', 1, NULL, '2024-05-05 17:24:17'),
(83, 0x61306439373937332d306163392d313165662d38, 'ทาจิกิสถาน', 'Tajikistan', 'TJ', 1, NULL, '2024-05-05 17:24:17'),
(84, 0x61306439616631322d306163392d313165662d38, 'แทนซาเนีย', 'Tanzania', 'TZ', 1, NULL, '2024-05-05 17:24:17'),
(85, 0x61306439653863312d306163392d313165662d38, 'โทเคอเลา', 'Tokelau', 'TK', 1, NULL, '2024-05-05 17:24:17'),
(86, 0x61306461326364382d306163392d313165662d38, 'ไทย', 'Thailand', 'TH', 1, NULL, '2024-05-05 17:24:17'),
(87, 0x61306461373937362d306163392d313165662d38, 'นครรัฐวาติกัน', 'Vatican City State', 'VA', 1, NULL, '2024-05-05 17:24:17'),
(88, 0x61306461623264332d306163392d313165662d38, 'นอร์เวย์', 'Norway', 'NO', 1, NULL, '2024-05-05 17:24:17'),
(89, 0x61306461663038652d306163392d313165662d38, 'นามิเบีย', 'Namibia', 'NA', 1, NULL, '2024-05-05 17:24:17'),
(90, 0x61306462323932392d306163392d313165662d38, 'นาอูรู', 'Nauru', 'NR', 1, NULL, '2024-05-05 17:24:17'),
(91, 0x61306462356430392d306163392d313165662d38, 'นิการากัว', 'Nicaragua', 'NI', 1, NULL, '2024-05-05 17:24:17'),
(92, 0x61306462636239302d306163392d313165662d38, 'นิวแคลิโดเนีย', 'New Caledonia', 'NC', 1, NULL, '2024-05-05 17:24:17'),
(93, 0x61306463306432392d306163392d313165662d38, 'นิวซีแลนด์', 'New Zealand', 'NZ', 1, NULL, '2024-05-05 17:24:17'),
(94, 0x61306463346261382d306163392d313165662d38, 'นีวเว', 'Niue', 'NU', 1, NULL, '2024-05-05 17:24:17'),
(95, 0x61306463386139652d306163392d313165662d38, 'เนเธอร์แลนด์', 'Netherlands', 'NL', 1, NULL, '2024-05-05 17:24:17'),
(96, 0x61306463633833392d306163392d313165662d38, 'เนปาล', 'Nepal', 'NP', 1, NULL, '2024-05-05 17:24:17'),
(97, 0x61306464303466372d306163392d313165662d38, 'ไนจีเรีย', 'Nigeria', 'NG', 1, NULL, '2024-05-05 17:24:17'),
(98, 0x61306464343161372d306163392d313165662d38, 'ไนเจอร์', 'Niger', 'NE', 1, NULL, '2024-05-05 17:24:17'),
(99, 0x61306464376263372d306163392d313165662d38, 'บราซิล', 'Brazil', 'BR', 1, NULL, '2024-05-05 17:24:17'),
(100, 0x61306464623965312d306163392d313165662d38, 'บริติชอินเดียนโอเชียนเทร์ริทอรี', 'British Indian Ocean Territory', 'IO', 1, NULL, '2024-05-05 17:24:17'),
(101, 0x61306464666137622d306163392d313165662d38, 'บรูไน', 'Brunei Darussalam', 'BN', 1, NULL, '2024-05-05 17:24:17'),
(102, 0x61306465333865362d306163392d313165662d38, 'บอตสวานา', 'Botswana', 'BW', 1, NULL, '2024-05-05 17:24:17'),
(103, 0x61306465373263652d306163392d313165662d38, 'บอสเนียและเฮอร์เซโกวีนา', 'Bosnia and Herzegovina', 'BA', 1, NULL, '2024-05-05 17:24:17'),
(104, 0x61306465616661312d306163392d313165662d38, 'บังกลาเทศ', 'Bangladesh', 'BD', 1, NULL, '2024-05-05 17:24:17'),
(105, 0x61306466323838302d306163392d313165662d38, 'บัลแกเรีย', 'Bulgaria', 'BG', 1, NULL, '2024-05-05 17:24:17'),
(106, 0x61306466363338642d306163392d313165662d38, 'บาร์เบโดส', 'Barbados', 'BB', 1, NULL, '2024-05-05 17:24:17'),
(107, 0x61306466396639372d306163392d313165662d38, 'บาห์เรน', 'Bahrain', 'BH', 1, NULL, '2024-05-05 17:24:17'),
(108, 0x61306466646337352d306163392d313165662d38, 'บาฮามาส', 'Bahamas', 'BS', 1, NULL, '2024-05-05 17:24:17'),
(109, 0x61306530313663392d306163392d313165662d38, 'บุรุนดี', 'Burundi', 'BI', 1, NULL, '2024-05-05 17:24:17'),
(110, 0x61306530353433372d306163392d313165662d38, 'บูร์กินาฟาโซ', 'Burkina Faso', 'BF', 1, NULL, '2024-05-05 17:24:17'),
(111, 0x61306530386634642d306163392d313165662d38, 'เบนิน', 'Benin', 'BJ', 1, NULL, '2024-05-05 17:24:17'),
(112, 0x61306530643066392d306163392d313165662d38, 'เบลเยียม', 'Belgium', 'BE', 1, NULL, '2024-05-05 17:24:17'),
(113, 0x61306531306462622d306163392d313165662d38, 'เบลารุส', 'Belarus', 'BY', 1, NULL, '2024-05-05 17:24:17'),
(114, 0x61306531353035372d306163392d313165662d38, 'เบลีซ', 'Belize', 'BZ', 1, NULL, '2024-05-05 17:24:17'),
(115, 0x61306531383966342d306163392d313165662d38, 'เบอร์มิวดา', 'Bermuda', 'BM', 1, NULL, '2024-05-05 17:24:17'),
(116, 0x61306531633165362d306163392d313165662d38, 'โบลิเวีย', 'Bolivia', 'BO', 1, NULL, '2024-05-05 17:24:17'),
(117, 0x61306532303164662d306163392d313165662d38, 'ปวยร์โตรีโก', 'Puerto Rico', 'PR', 1, NULL, '2024-05-05 17:24:17'),
(118, 0x61306532373232322d306163392d313165662d38, 'ปากีสถาน', 'Pakistan', 'PK', 1, NULL, '2024-05-05 17:24:17'),
(119, 0x61306532613931612d306163392d313165662d38, 'ปานามา', 'Panama', 'PA', 1, NULL, '2024-05-05 17:24:17'),
(120, 0x61306532653630332d306163392d313165662d38, 'ปาปัวนิวกินี', 'Papua New Guinea', 'PG', 1, NULL, '2024-05-05 17:24:17'),
(121, 0x61306533326565612d306163392d313165662d38, 'ปารากวัย', 'Paraguay', 'PY', 1, NULL, '2024-05-05 17:24:17'),
(122, 0x61306533366630662d306163392d313165662d38, 'ปาเลสไตน์', 'Palestine', 'PS', 1, NULL, '2024-05-05 17:24:17'),
(123, 0x61306533616431322d306163392d313165662d38, 'ปาเลา', 'Palau', 'PW', 1, NULL, '2024-05-05 17:24:17'),
(124, 0x61306533653534352d306163392d313165662d38, 'เปรู', 'Peru', 'PE', 1, NULL, '2024-05-05 17:24:17'),
(125, 0x61306534323336312d306163392d313165662d38, 'โปรตุเกส', 'Portugal', 'PT', 1, NULL, '2024-05-05 17:24:17'),
(126, 0x61306534363063332d306163392d313165662d38, 'โปแลนด์', 'Poland', 'PL', 1, NULL, '2024-05-05 17:24:17'),
(127, 0x61306534613062342d306163392d313165662d38, 'ฝรั่งเศส', 'France', 'FR', 1, NULL, '2024-05-05 17:24:17'),
(128, 0x61306534646663332d306163392d313165662d38, 'พม่า', 'Myanmar', 'MM', 1, NULL, '2024-05-05 17:24:17'),
(129, 0x61306535313761302d306163392d313165662d38, 'ฟินแลนด์', 'Finland', 'FI', 1, NULL, '2024-05-05 17:24:17'),
(130, 0x61306535353163632d306163392d313165662d38, 'ฟิลิปปินส์', 'Philippines', 'PH', 1, NULL, '2024-05-05 17:24:17'),
(131, 0x61306535383935632d306163392d313165662d38, 'ฟีจี', 'Fiji', 'FJ', 1, NULL, '2024-05-05 17:24:17'),
(132, 0x61306535663164392d306163392d313165662d38, 'เฟรนช์เกียนา', 'French Guiana', 'GF', 1, NULL, '2024-05-05 17:24:17'),
(133, 0x61306536326138312d306163392d313165662d38, 'เฟรนช์เซาเทิร์นและแอนตาร์กติกแลนดส์', 'French Southern Territories', 'TF', 1, NULL, '2024-05-05 17:24:17'),
(134, 0x61306536363031632d306163392d313165662d38, 'เฟรนช์พอลินีเชีย', 'French Polynesia', 'PF', 1, NULL, '2024-05-05 17:24:17'),
(135, 0x61306536393234392d306163392d313165662d38, 'ภูฏาน', 'Bhutan', 'BT', 1, NULL, '2024-05-05 17:24:17'),
(136, 0x61306536633832392d306163392d313165662d38, 'มองโกเลีย', 'Mongolia', 'MN', 1, NULL, '2024-05-05 17:24:17'),
(137, 0x61306536666631382d306163392d313165662d38, 'มอนต์เซอร์รัต', 'Montserrat', 'MS', 1, NULL, '2024-05-05 17:24:17'),
(138, 0x61306537333433642d306163392d313165662d38, 'มอนเตเนโกร', 'Montenegro', 'ME', 1, NULL, '2024-05-05 17:24:17'),
(139, 0x61306537366265322d306163392d313165662d38, 'มอริเชียส', 'Mauritius', 'MU', 1, NULL, '2024-05-05 17:24:17'),
(140, 0x61306537613236372d306163392d313165662d38, 'มอริเตเนีย', 'Mauritania', 'MR', 1, NULL, '2024-05-05 17:24:17'),
(141, 0x61306537646163332d306163392d313165662d38, 'มอลโดวา', 'Moldova', 'MD', 1, NULL, '2024-05-05 17:24:17'),
(142, 0x61306538313233642d306163392d313165662d38, 'มอลตา', 'Malta', 'MT', 1, NULL, '2024-05-05 17:24:17'),
(143, 0x61306538346261382d306163392d313165662d38, 'มัลดีฟส์', 'Maldives', 'MV', 1, NULL, '2024-05-05 17:24:17'),
(144, 0x61306538383264642d306163392d313165662d38, 'มาเก๊า', 'Macao', 'MO', 1, NULL, '2024-05-05 17:24:17'),
(145, 0x61306538623862372d306163392d313165662d38, 'นอร์ทมาซิโดเนีย', 'North Macedonia', 'MK', 1, NULL, '2024-05-05 17:24:17'),
(146, 0x61306538663331342d306163392d313165662d38, 'มาดากัสการ์', 'Madagascar', 'MG', 1, NULL, '2024-05-05 17:24:17'),
(147, 0x61306539326333612d306163392d313165662d38, 'มายอต', 'Mayotte', 'YT', 1, NULL, '2024-05-05 17:24:17'),
(148, 0x61306539363233392d306163392d313165662d38, 'มาร์ตีนิก', 'Martinique', 'MQ', 1, NULL, '2024-05-05 17:24:17'),
(149, 0x61306539393632352d306163392d313165662d38, 'มาลาวี', 'Malawi', 'MW', 1, NULL, '2024-05-05 17:24:17'),
(150, 0x61306539636465312d306163392d313165662d38, 'มาลี', 'Mali', 'ML', 1, NULL, '2024-05-05 17:24:17'),
(151, 0x61306561303337302d306163392d313165662d38, 'มาเลเซีย', 'Malaysia', 'MY', 1, NULL, '2024-05-05 17:24:17'),
(152, 0x61306561373232642d306163392d313165662d38, 'เม็กซิโก', 'Mexico', 'MX', 1, NULL, '2024-05-05 17:24:17'),
(153, 0x61306561616637382d306163392d313165662d38, 'โมซัมบิก', 'Mozambique', 'MZ', 1, NULL, '2024-05-05 17:24:17'),
(154, 0x61306561663136372d306163392d313165662d38, 'โมนาโก', 'Monaco', 'MC', 1, NULL, '2024-05-05 17:24:17'),
(155, 0x61306562333138382d306163392d313165662d38, 'โมร็อกโก', 'Morocco', 'MA', 1, NULL, '2024-05-05 17:24:17'),
(156, 0x61306562363963612d306163392d313165662d38, 'ไมโครนีเซีย', 'Micronesia', 'FM', 1, NULL, '2024-05-05 17:24:17'),
(157, 0x61306562613062302d306163392d313165662d38, 'ยิบรอลตาร์', 'Gibraltar', 'GI', 1, NULL, '2024-05-05 17:24:17'),
(158, 0x61306562646537662d306163392d313165662d38, 'ยูกันดา', 'Uganda', 'UG', 1, NULL, '2024-05-05 17:24:17'),
(159, 0x61306563313932392d306163392d313165662d38, 'ยูเครน', 'Ukraine', 'UA', 1, NULL, '2024-05-05 17:24:17'),
(160, 0x61306563353064662d306163392d313165662d38, 'เยเมน', 'Yemen', 'YE', 1, NULL, '2024-05-05 17:24:17'),
(161, 0x61306563386635352d306163392d313165662d38, 'เยอรมนี', 'Germany', 'DE', 1, NULL, '2024-05-05 17:24:17'),
(162, 0x61306564363038612d306163392d313165662d38, 'รวันดา', 'Rwanda', 'RW', 1, NULL, '2024-05-05 17:24:17'),
(163, 0x61306564643832312d306163392d313165662d38, 'รัสเซีย', 'Russian Federation', 'RU', 1, NULL, '2024-05-05 17:24:17'),
(164, 0x61306565313330382d306163392d313165662d38, 'เรอูว์นียง', 'Réunion', 'RE', 1, NULL, '2024-05-05 17:24:17'),
(165, 0x61306565346135322d306163392d313165662d38, 'โรมาเนีย', 'Romania', 'RO', 1, NULL, '2024-05-05 17:24:17'),
(166, 0x61306565383433372d306163392d313165662d38, 'ลักเซมเบิร์ก', 'Luxembourg', 'LU', 1, NULL, '2024-05-05 17:24:17'),
(167, 0x61306565626130372d306163392d313165662d38, 'ลัตเวีย', 'Latvia', 'LV', 1, NULL, '2024-05-05 17:24:17'),
(168, 0x61306565663037642d306163392d313165662d38, 'ลาว', 'Laos', 'LA', 1, NULL, '2024-05-05 17:24:17'),
(169, 0x61306566323461632d306163392d313165662d38, 'ลิกเตนสไตน์', 'Liechtenstein', 'LI', 1, NULL, '2024-05-05 17:24:17'),
(170, 0x61306566356132662d306163392d313165662d38, 'ลิทัวเนีย', 'Lithuania', 'LT', 1, NULL, '2024-05-05 17:24:17'),
(171, 0x61306566393634322d306163392d313165662d38, 'ลิเบีย', 'Libya', 'LY', 1, NULL, '2024-05-05 17:24:17'),
(172, 0x61306566633933332d306163392d313165662d38, 'เลโซโท', 'Lesotho', 'LS', 1, NULL, '2024-05-05 17:24:17'),
(173, 0x61306630303632622d306163392d313165662d38, 'เลบานอน', 'Lebanon', 'LB', 1, NULL, '2024-05-05 17:24:17'),
(174, 0x61306630343039332d306163392d313165662d38, 'ไลบีเรีย', 'Liberia', 'LR', 1, NULL, '2024-05-05 17:24:17'),
(175, 0x61306630373865632d306163392d313165662d38, 'วานูวาตู', 'Vanuatu', 'VU', 1, NULL, '2024-05-05 17:24:17'),
(176, 0x61306630616337392d306163392d313165662d38, 'วาลิสและฟูตูนา', 'Wallis and Futuna', 'WF', 1, NULL, '2024-05-05 17:24:17'),
(177, 0x61306630653764352d306163392d313165662d38, 'เวเนซุเอลา', 'Venezuela', 'VE', 1, NULL, '2024-05-05 17:24:17'),
(178, 0x61306631316532352d306163392d313165662d38, 'เวียดนาม', 'Vietnam', 'VN', 1, NULL, '2024-05-05 17:24:17'),
(179, 0x61306631353463632d306163392d313165662d38, 'ศรีลังกา', 'Sri Lanka', 'LK', 1, NULL, '2024-05-05 17:24:17'),
(180, 0x61306631386232612d306163392d313165662d38, 'สเปน', 'Spain', 'ES', 1, NULL, '2024-05-05 17:24:17'),
(181, 0x61306631626436312d306163392d313165662d38, 'สโลวาเกีย', 'Slovakia', 'SK', 1, NULL, '2024-05-05 17:24:17'),
(182, 0x61306631663063302d306163392d313165662d38, 'สโลวีเนีย', 'Slovenia', 'SI', 1, NULL, '2024-05-05 17:24:17'),
(183, 0x61306632346632392d306163392d313165662d38, 'สวาซิแลนด์', 'Swaziland', 'SZ', 1, NULL, '2024-05-05 17:24:17'),
(184, 0x61306632383665632d306163392d313165662d38, 'สวิตเซอร์แลนด์', 'Switzerland', 'CH', 1, NULL, '2024-05-05 17:24:17'),
(185, 0x61306632633034312d306163392d313165662d38, 'สวีเดน', 'Sweden', 'SE', 1, NULL, '2024-05-05 17:24:17'),
(186, 0x61306632663761612d306163392d313165662d38, 'สหรัฐ', 'United States of America', 'US', 1, NULL, '2024-05-05 17:24:17'),
(187, 0x61306633326432362d306163392d313165662d38, 'สหรัฐอาหรับเอมิเรตส์', 'United Arab Emirates', 'AE', 1, NULL, '2024-05-05 17:24:17'),
(188, 0x61306633376666362d306163392d313165662d38, 'สหราชอาณาจักร', 'United Kingdom of Great Britain and Northern Ireland', 'GB', 1, NULL, '2024-05-05 17:24:17'),
(189, 0x61306633623139612d306163392d313165662d38, 'สาธารณรัฐคองโก', 'Republic of the Congo', 'CG', 1, NULL, '2024-05-05 17:24:17'),
(190, 0x61306633653734642d306163392d313165662d38, 'สาธารณรัฐโดมินิกัน', 'Dominican Republic', 'DO', 1, NULL, '2024-05-05 17:24:17'),
(191, 0x61306634316333622d306163392d313165662d38, 'สาธารณรัฐประชาธิปไตยคองโก', 'Democratic Republic of the Congo', 'CD', 1, NULL, '2024-05-05 17:24:17'),
(192, 0x61306634353138352d306163392d313165662d38, 'สาธารณรัฐแอฟริกากลาง', 'Central African Republic', 'CF', 1, NULL, '2024-05-05 17:24:17'),
(193, 0x61306634383631392d306163392d313165662d38, 'สิงคโปร์', 'Singapore', 'SG', 1, NULL, '2024-05-05 17:24:17'),
(194, 0x61306634623765382d306163392d313165662d38, 'หมู่เกาะคุก', 'Cook Islands', 'CK', 1, NULL, '2024-05-05 17:24:17'),
(195, 0x61306634663163612d306163392d313165662d38, 'หมู่เกาะเคย์แมน', 'Cayman Islands', 'KY', 1, NULL, '2024-05-05 17:24:17'),
(196, 0x61306635326639302d306163392d313165662d38, 'หมู่เกาะโคโคส', 'Cocos (Keeling) Islands', 'CC', 1, NULL, '2024-05-05 17:24:17'),
(197, 0x61306635373035372d306163392d313165662d38, 'หมู่เกาะโซโลมอน', 'Solomon Islands', 'SB', 1, NULL, '2024-05-05 17:24:17'),
(198, 0x61306635616136322d306163392d313165662d38, 'หมู่เกาะเติกส์และเคคอส', 'Turks and Caicos Islands', 'TC', 1, NULL, '2024-05-05 17:24:17'),
(199, 0x61306635653466322d306163392d313165662d38, 'หมู่เกาะนอร์เทิร์นมาเรียนา', 'Northern Mariana Islands', 'MP', 1, NULL, '2024-05-05 17:24:17'),
(200, 0x61306636316465642d306163392d313165662d38, 'หมู่เกาะบริติชเวอร์จิน', 'British Virgin Islands', 'VG', 1, NULL, '2024-05-05 17:24:17'),
(201, 0x61306636386232362d306163392d313165662d38, 'หมู่เกาะพิตแคร์น', 'Pitcairn', 'PN', 1, NULL, '2024-05-05 17:24:17'),
(202, 0x61306636633438362d306163392d313165662d38, 'หมู่เกาะฟอล์กแลนด์', 'Falkland Islands', 'FK', 1, NULL, '2024-05-05 17:24:17'),
(203, 0x61306636666637342d306163392d313165662d38, 'หมู่เกาะแฟโร', 'Faroe Islands', 'FO', 1, NULL, '2024-05-05 17:24:17'),
(204, 0x61306637333830372d306163392d313165662d38, 'หมู่เกาะมาร์แชลล์', 'Marshall Islands', 'MH', 1, NULL, '2024-05-05 17:24:17'),
(205, 0x61306637366334332d306163392d313165662d38, 'หมู่เกาะเวอร์จินของสหรัฐอเมริกา', 'United States Virgin Islands', 'VI', 1, NULL, '2024-05-05 17:24:17'),
(206, 0x61306637616138352d306163392d313165662d38, 'หมู่เกาะโอลันด์', 'Åland Islands', 'AX', 1, NULL, '2024-05-05 17:24:17'),
(207, 0x61306637653134642d306163392d313165662d38, 'อเมริกันซามัว', 'American Samoa', 'AS', 1, NULL, '2024-05-05 17:24:17'),
(208, 0x61306638313837662d306163392d313165662d38, 'ออสเตรเลีย', 'Australia', 'AU', 1, NULL, '2024-05-05 17:24:17'),
(209, 0x61306638343962312d306163392d313165662d38, 'ออสเตรีย', 'Austria', 'AT', 1, NULL, '2024-05-05 17:24:17'),
(210, 0x61306638383632312d306163392d313165662d38, 'อันดอร์รา', 'Andorra', 'AD', 1, NULL, '2024-05-05 17:24:17'),
(211, 0x61306638633535622d306163392d313165662d38, 'อัฟกานิสถาน', 'Afghanistan', 'AF', 1, NULL, '2024-05-05 17:24:17'),
(212, 0x61306638666139342d306163392d313165662d38, 'อาเซอร์ไบจาน', 'Azerbaijan', 'AZ', 1, NULL, '2024-05-05 17:24:17'),
(213, 0x61306639333532622d306163392d313165662d38, 'อาร์เจนตินา', 'Argentina', 'AR', 1, NULL, '2024-05-05 17:24:17'),
(214, 0x61306639373030392d306163392d313165662d38, 'อาร์มีเนีย', 'Armenia', 'AM', 1, NULL, '2024-05-05 17:24:17'),
(215, 0x61306639613663312d306163392d313165662d38, 'อารูบา', 'Aruba', 'AW', 1, NULL, '2024-05-05 17:24:17'),
(216, 0x61306639653161322d306163392d313165662d38, 'อิเควทอเรียลกินี', 'Equatorial Guinea', 'GQ', 1, NULL, '2024-05-05 17:24:17'),
(217, 0x61306661323035612d306163392d313165662d38, 'อิตาลี', 'Italy', 'IT', 1, NULL, '2024-05-05 17:24:17'),
(218, 0x61306661353763392d306163392d313165662d38, 'อินเดีย', 'India', 'IN', 1, NULL, '2024-05-05 17:24:17'),
(219, 0x61306661626464642d306163392d313165662d38, 'อินโดนีเซีย', 'Indonesia', 'ID', 1, NULL, '2024-05-05 17:24:17'),
(220, 0x61306661663139652d306163392d313165662d38, 'อิรัก', 'Iraq', 'IQ', 1, NULL, '2024-05-05 17:24:17'),
(221, 0x61306662323561352d306163392d313165662d38, 'อิสราเอล', 'Israel', 'IL', 1, NULL, '2024-05-05 17:24:17'),
(222, 0x61306662356565342d306163392d313165662d38, 'อิหร่าน', 'Iran', 'IR', 1, NULL, '2024-05-05 17:24:17'),
(223, 0x61306662393331662d306163392d313165662d38, 'อียิปต์', 'Egypt', 'EG', 1, NULL, '2024-05-05 17:24:17'),
(224, 0x61306662633631342d306163392d313165662d38, 'อุซเบกิสถาน', 'Uzbekistan', 'UZ', 1, NULL, '2024-05-05 17:24:17'),
(225, 0x61306662663639312d306163392d313165662d38, 'อุรุกวัย', 'Uruguay', 'UY', 1, NULL, '2024-05-05 17:24:17'),
(226, 0x61306663323965352d306163392d313165662d38, 'เอกวาดอร์', 'Ecuador', 'EC', 1, NULL, '2024-05-05 17:24:17'),
(227, 0x61306663363562352d306163392d313165662d38, 'เอธิโอเปีย', 'Ethiopia', 'ET', 1, NULL, '2024-05-05 17:24:17'),
(228, 0x61306663396561302d306163392d313165662d38, 'เอริเทรีย', 'Eritrea', 'ER', 1, NULL, '2024-05-05 17:24:17'),
(229, 0x61306663653066302d306163392d313165662d38, 'เอลซัลวาดอร์', 'El Salvador', 'SV', 1, NULL, '2024-05-05 17:24:17'),
(230, 0x61306664316334362d306163392d313165662d38, 'เอสโตเนีย', 'Estonia', 'EE', 1, NULL, '2024-05-05 17:24:17'),
(231, 0x61306664353335382d306163392d313165662d38, 'แองกวิลลา', 'Anguilla', 'AI', 1, NULL, '2024-05-05 17:24:17'),
(232, 0x61306664386131382d306163392d313165662d38, 'แองโกลา', 'Angola', 'AO', 1, NULL, '2024-05-05 17:24:17'),
(233, 0x61306664633134372d306163392d313165662d38, 'แอนตาร์กติกา', 'Antarctica', 'AQ', 1, NULL, '2024-05-05 17:24:17'),
(234, 0x61306665303363362d306163392d313165662d38, 'แอนติกาและบาร์บูดา', 'Antigua and Barbuda', 'AG', 1, NULL, '2024-05-05 17:24:17'),
(235, 0x61306665353433352d306163392d313165662d38, 'แอฟริกาใต้', 'South Africa', 'ZA', 1, NULL, '2024-05-05 17:24:17'),
(236, 0x61306665613136392d306163392d313165662d38, 'แอลจีเรีย', 'Algeria', 'DZ', 1, NULL, '2024-05-05 17:24:17'),
(237, 0x61306666336134662d306163392d313165662d38, 'แอลเบเนีย', 'Albania', 'AL', 1, NULL, '2024-05-05 17:24:17'),
(238, 0x61306666616139312d306163392d313165662d38, 'โอมาน', 'Oman', 'OM', 1, NULL, '2024-05-05 17:24:17'),
(239, 0x61306666656234382d306163392d313165662d38, 'ไอซ์แลนด์', 'Iceland', 'IS', 1, NULL, '2024-05-05 17:24:17'),
(240, 0x61313030333337632d306163392d313165662d38, 'ไอร์แลนด์', 'Ireland', 'IE', 1, NULL, '2024-05-05 17:24:17'),
(241, 0x61313030376563352d306163392d313165662d38, 'ไอล์ออฟแมน', 'Isle of Man', 'IM', 1, NULL, '2024-05-05 17:24:17'),
(242, 0x61313030633138642d306163392d313165662d38, 'ฮ่องกง', 'Hong Kong', 'HK', 1, NULL, '2024-05-05 17:24:17'),
(243, 0x61313031303438312d306163392d313165662d38, 'ฮอนดูรัส', 'Honduras', 'HN', 1, NULL, '2024-05-05 17:24:17'),
(244, 0x61313031343165352d306163392d313165662d38, 'ฮังการี', 'Hungary', 'HU', 1, NULL, '2024-05-05 17:24:17'),
(245, 0x61313031376232662d306163392d313165662d38, 'เฮติ', 'Haiti', 'HT', 1, NULL, '2024-05-05 17:24:17'),
(246, 0x61313031623930352d306163392d313165662d38, 'ซินต์มาร์เติน', 'Sint Maarten', 'SX', 1, NULL, '2024-05-05 17:24:17'),
(247, 0x61313031663834312d306163392d313165662d38, 'เนเธอร์แลนด์แคริบเบียน', 'Bonaire, Sint Eustatius and Saba', 'BQ', 1, NULL, '2024-05-05 17:24:17'),
(248, 0x61313032333431362d306163392d313165662d38, 'สฟาลบาร์และยานไมเอน', 'Svalbard and Jan Mayen', 'SJ', 1, NULL, '2024-05-05 17:24:17');

-- --------------------------------------------------------

--
-- Table structure for table `customer`
--

CREATE TABLE `customer` (
  `id` int(11) NOT NULL,
  `uuid` binary(20) NOT NULL,
  `name` varchar(200) NOT NULL,
  `email` varchar(100) DEFAULT NULL,
  `company` varchar(200) DEFAULT NULL,
  `country` int(11) NOT NULL,
  `status` int(1) NOT NULL DEFAULT 1,
  `updated` datetime DEFAULT NULL,
  `created` datetime NOT NULL DEFAULT current_timestamp()
) ENGINE=InnoDB DEFAULT CHARSET=utf8mb4 COLLATE=utf8mb4_general_ci;

--
-- Dumping data for table `customer`
--

INSERT INTO `customer` (`id`, `uuid`, `name`, `email`, `company`, `country`, `status`, `updated`, `created`) VALUES
(1, 0x66343636393861622d316362612d313165662d39, 'Bramantyo Wikantyoso', '', '', 219, 1, NULL, '2024-05-28 14:08:30'),
(2, 0x66343637353161622d316362612d313165662d39, 'Chow-Yang Lee', '', '', 186, 1, NULL, '2024-05-28 14:08:30'),
(3, 0x66343638306435312d316362612d313165662d39, 'Catherine Malveda-Baisas', '', '', 130, 1, NULL, '2024-05-28 14:08:30'),
(4, 0x66343638373438392d316362612d313165662d39, 'Chris Daeyun Kim', '', '', 86, 1, NULL, '2024-05-28 14:08:30'),
(5, 0x66343639303664392d316362612d313165662d39, 'Christina Liew', '', '', 193, 1, NULL, '2024-05-28 14:08:30'),
(6, 0x66343639383862372d316362612d313165662d39, 'Chun-I Chiu', '', '', 86, 1, NULL, '2024-05-28 14:08:30'),
(7, 0x66343661303531372d316362612d313165662d39, 'Decha Wiwatwittaya', '', '', 86, 1, NULL, '2024-05-28 14:08:30'),
(8, 0x66343661366663352d316362612d313165662d39, 'Faith Oi', '', '', 186, 1, NULL, '2024-05-28 14:08:30'),
(9, 0x66343662303036302d316362612d313165662d39, 'Harlan Bengardi', '', '', 219, 1, NULL, '2024-05-28 14:08:30'),
(10, 0x66343662363936302d316362612d313165662d39, 'Indra Vythilingam', '', '', 218, 1, NULL, '2024-05-28 14:08:30'),
(11, 0x66343662643839322d316362612d313165662d39, 'Intan Ahmad', '', '', 219, 1, NULL, '2024-05-28 14:08:30'),
(12, 0x66343663356530662d316362612d313165662d39, 'Kok-Boon Neoh', '', '', 82, 1, NULL, '2024-05-28 14:08:30'),
(13, 0x66343663663634332d316362612d313165662d39, 'Menandro Acda', '', '', 130, 1, NULL, '2024-05-28 14:08:30'),
(14, 0x66343664393236382d316362612d313165662d39, 'Neena Singla', '', '', 218, 1, NULL, '2024-05-28 14:08:30'),
(15, 0x66343665323464622d316362612d313165662d39, 'Partho Dhang', '', '', 130, 1, NULL, '2024-05-28 14:08:30'),
(16, 0x66343665616137632d316362612d313165662d39, 'Rungarun Tisgratog', '', '', 86, 1, NULL, '2024-05-28 14:08:30'),
(17, 0x66343666323564662d316362612d313165662d39, 'Scotty Yang', '', '', 71, 1, NULL, '2024-05-28 14:08:30'),
(18, 0x66343666393263342d316362612d313165662d39, 'S Khoirul Himmi', '', '', 219, 1, NULL, '2024-05-28 14:08:30'),
(19, 0x66343730323730652d316362612d313165662d39, 'S Sivakumar', '', '', 218, 1, NULL, '2024-05-28 14:08:30'),
(20, 0x66343730393136632d316362612d313165662d39, 'Theeraphap Chareonviriyaphap', '', '', 86, 1, NULL, '2024-05-28 14:08:30'),
(21, 0x66343731323163632d316362612d313165662d39, 'Tony Poulsen', '', '', 193, 1, NULL, '2024-05-28 14:08:30'),
(22, 0x66343731613032372d316362612d313165662d39, 'Albert Lee', '', '', 193, 1, NULL, '2024-05-28 14:08:30'),
(23, 0x66343732333531302d316362612d313165662d39, 'Drajat Nugraha', '', '', 219, 1, NULL, '2024-05-28 14:08:30'),
(24, 0x66343732613232352d316362612d313165662d39, 'Suchart Leelayouthyotin', '', '', 86, 1, NULL, '2024-05-28 14:08:30'),
(25, 0x66343733306330302d316362612d313165662d39, 'Hemang Prakash', '', '', 218, 1, NULL, '2024-05-28 14:08:30'),
(26, 0x66343733376163632d316362612d313165662d39, 'Liwayway Clemente-Cordel', '', '', 130, 1, NULL, '2024-05-28 14:08:30'),
(27, 0x66343734316530612d316362612d313165662d39, 'Raymond Lee', '', '', 151, 1, NULL, '2024-05-28 14:08:30'),
(28, 0x66343734626431652d316362612d313165662d39, 'Selvarajan Muthiah', '', '', 151, 1, NULL, '2024-05-28 14:08:30'),
(29, 0x66343735353232632d316362612d313165662d39, 'Sathes Raamachandran', '', '', 118, 1, NULL, '2024-05-28 14:08:30'),
(30, 0x66343735633034612d316362612d313165662d39, 'Ras Patel', '', '', 188, 1, NULL, '2024-05-28 14:08:30'),
(31, 0x66343736363033322d316362612d313165662d39, 'Supanut Kiatyingpracha', '', '', 86, 1, NULL, '2024-05-28 14:08:30'),
(32, 0x66343736643937382d316362612d313165662d39, 'Winyoo Jesadavisut', '', '', 86, 1, NULL, '2024-05-28 14:08:30'),
(33, 0x66343737373431312d316362612d313165662d39, 'นิรันดร์ ศิริอาภรณ์ธรรม', '', '', 86, 1, NULL, '2024-05-28 14:08:30'),
(34, 0x66343737653363642d316362612d313165662d39, 'นิรันดร์ จอนแจ้ง', '', '', 86, 1, NULL, '2024-05-28 14:08:30'),
(35, 0x66343738346465652d316362612d313165662d39, 'สุมาลี ฉลวยเจิญวงศ์', '', '', 86, 1, NULL, '2024-05-28 14:08:30'),
(36, 0x66343738636163322d316362612d313165662d39, 'อัศนีย์ ดาวเรือง', '', '', 86, 1, NULL, '2024-05-28 14:08:30'),
(37, 0x66343739373165312d316362612d313165662d39, 'สรรค์เศรษฐ์ สุจวิพันธ์', '', '', 86, 1, NULL, '2024-05-28 14:08:30'),
(38, 0x66343739653136362d316362612d313165662d39, 'ธนากร โรจน์รุ่งเรือง', '', '', 86, 1, NULL, '2024-05-28 14:08:30'),
(39, 0x66343761346436622d316362612d313165662d39, 'วุฒิไกร เมธิสริยพงศ์', '', '', 86, 1, NULL, '2024-05-28 14:08:30'),
(40, 0x66343761626262332d316362612d313165662d39, 'ชัยชนะ ขันติสิทธิ์', '', '', 86, 1, NULL, '2024-05-28 14:08:30'),
(41, 0x66343762393030352d316362612d313165662d39, 'สุรัฐ เอิบธรรม', '', '', 86, 1, NULL, '2024-05-28 14:08:30'),
(42, 0x66343763303765332d316362612d313165662d39, 'กรัสนัย เล้าประเสริฐ', '', '', 86, 1, NULL, '2024-05-28 14:08:30'),
(43, 0x66343763396435622d316362612d313165662d39, 'สุภาพร เครือถาวร', '', '', 86, 1, NULL, '2024-05-28 14:08:30'),
(44, 0x66343764303933622d316362612d313165662d39, 'สุทิน ใหม่รัตนกุล', '', '', 86, 1, NULL, '2024-05-28 14:08:30'),
(45, 0x66343764633139612d316362612d313165662d39, 'สุริยา เหลาทอง', '', '', 86, 1, NULL, '2024-05-28 14:08:30'),
(46, 0x66343765333831612d316362612d313165662d39, 'สุภาพร ช้างสีสุก', '', '', 86, 1, NULL, '2024-05-28 14:08:30'),
(47, 0x66343765636634642d316362612d313165662d39, 'ผศ.รัชฎาวรรณ เงินกลั่น', '', '', 86, 1, NULL, '2024-05-28 14:08:30'),
(48, 0x66343766336563332d316362612d313165662d39, 'ดร. จิโรจ นระรักษ์', '', '', 86, 1, NULL, '2024-05-28 14:08:30'),
(49, 0x66343766653230632d316362612d313165662d39, 'Daniel Devan', 'devan_daniel@yahoo.com.my', '', 151, 1, NULL, '2024-05-28 14:08:30'),
(50, 0x66343830363463302d316362612d313165662d39, 'Intan Noorafniza', 'iafniza@gmail.com', '', 151, 1, NULL, '2024-05-28 14:08:30'),
(51, 0x66343831303161372d316362612d313165662d39, 'Wan Mohd Yusri', 'wmyusri@gmail.com', '', 151, 1, NULL, '2024-05-28 14:08:30'),
(52, 0x66343831373234612d316362612d313165662d39, 'Juan Emilio', 'jeffersonsotto@cctchemicals.net', '', 130, 1, NULL, '2024-05-28 14:08:30'),
(53, 0x66343832343133652d316362612d313165662d39, 'Paola Garcia', 'jeffersonsotto@cctchemicals.net', '', 130, 1, NULL, '2024-05-28 14:08:30'),
(54, 0x66343832623236622d316362612d313165662d39, 'Falcone', 'jeffersonsotto@cctchemicals.net', '', 130, 1, NULL, '2024-05-28 14:08:30'),
(55, 0x66343833333264382d316362612d313165662d39, 'Joel', 'jeffersonsotto@cctchemicals.net', '', 130, 1, NULL, '2024-05-28 14:08:30'),
(56, 0x66343833616132392d316362612d313165662d39, 'Margarette Louise', 'nathanaelquinones@cctchemicals.net', '', 130, 1, NULL, '2024-05-28 14:08:30'),
(57, 0x66343834343634392d316362612d313165662d39, 'Joshua Miguel', 'nathanaelquinones@cctchemicals.net', '', 130, 1, NULL, '2024-05-28 14:08:30'),
(58, 0x66343834616562652d316362612d313165662d39, 'Jesus', 'nathanaelquinones@cctchemicals.net', '', 130, 1, NULL, '2024-05-28 14:08:30'),
(59, 0x66343835313431612d316362612d313165662d39, 'Nathanael', 'nathanaelquinones@cctchemicals.net', '', 130, 1, NULL, '2024-05-28 14:08:30'),
(60, 0x66343835393536362d316362612d313165662d39, 'Sotto', 'jeffersonsotto@cctchemicals.net', '', 130, 1, NULL, '2024-05-28 14:08:30'),
(61, 0x66343836333364392d316362612d313165662d39, 'Ravi Shanker', 'info@surencooke.com', '', 179, 1, NULL, '2024-05-28 14:08:30'),
(62, 0x66343836396465622d316362612d313165662d39, 'Rajitha', 'rajitha@surencooke.com', '', 179, 1, NULL, '2024-05-28 14:08:30'),
(63, 0x66343837303831662d316362612d313165662d39, 'Pei Ling', 'kinpest.jb@gmail.com', '', 151, 1, NULL, '2024-05-28 14:08:30'),
(64, 0x66343837366434632d316362612d313165662d39, 'Rao', 'srrao4@gmail.com', '', 218, 1, NULL, '2024-05-28 14:08:30'),
(65, 0x66343838346662382d316362612d313165662d39, 'Pei Li', 'juhana.ismail@rentokil-initial.com', '', 101, 1, NULL, '2024-05-28 14:08:30'),
(66, 0x66343838643337342d316362612d313165662d39, 'Waie Kuan', 'carol.lam@rentokil-initial.com', '', 151, 1, NULL, '2024-05-28 14:08:30'),
(67, 0x66343839373238372d316362612d313165662d39, 'Andrew', 'enquiry@servcare.com.sg', '', 193, 1, NULL, '2024-05-28 14:08:30'),
(68, 0x66343839653435632d316362612d313165662d39, 'Victor', 'victor@ecospacepest.com.sg', '', 193, 1, NULL, '2024-05-28 14:08:30'),
(69, 0x66343861353965372d316362612d313165662d39, 'Rajesh Krish', 'needspestcontrol@rediffmail.com', '', 218, 1, NULL, '2024-05-28 14:08:30'),
(70, 0x66343861646231362d316362612d313165662d39, 'Ridzuan', 'ridzuan@entoworks.com', '', 151, 1, NULL, '2024-05-28 14:08:30'),
(71, 0x66343862376661632d316362612d313165662d39, 'Prafull Prabhakar Gurav', 'cleanpest@cleanpest.in', '', 218, 1, NULL, '2024-05-28 14:08:30'),
(72, 0x66343862656436622d316362612d313165662d39, 'Amit', 'amithanamghar@yahoo.com', '', 218, 1, NULL, '2024-05-28 14:08:30'),
(73, 0x66343863353366612d316362612d313165662d39, 'Hun Yuen', 'limhunyuen@yahoo.com', '', 151, 1, NULL, '2024-05-28 14:08:30'),
(74, 0x66343863623737362d316362612d313165662d39, 'Kim Hon', 'fongjac@pc.jaring.asia', '', 151, 1, NULL, '2024-05-28 14:08:30'),
(75, 0x66343864356535302d316362612d313165662d39, 'Weng Choy', 'eric@termguard.com', '', 151, 1, NULL, '2024-05-28 14:08:30'),
(76, 0x66343864636230612d316362612d313165662d39, 'Raoof', 'raoof@nontoxic.in', '', 218, 1, NULL, '2024-05-28 14:08:30'),
(77, 0x66343865326633662d316362612d313165662d39, 'Mei Ling', 'MebromML@mebrom.com', '', 151, 1, NULL, '2024-05-28 14:08:30'),
(78, 0x66343865656566652d316362612d313165662d39, 'Alex', 'alex@pyronesys.com', '', 186, 1, NULL, '2024-05-28 14:08:30'),
(79, 0x66343866353533302d316362612d313165662d39, 'Brian', 'brian@pyronesys.com', '', 186, 1, NULL, '2024-05-28 14:08:30'),
(80, 0x66343866643432642d316362612d313165662d39, 'Kyaw Swa', 'greenpestmyanmar@gmail.com', '', 128, 1, NULL, '2024-05-28 14:08:30'),
(81, 0x66343930366534352d316362612d313165662d39, 'Guruprasad', 'info@pestterminators.com', '', 218, 1, NULL, '2024-05-28 14:08:30'),
(82, 0x66343930643764652d316362612d313165662d39, 'Binay P Singh', 'binay@orionpest.com', '', 218, 1, NULL, '2024-05-28 14:08:30'),
(83, 0x66343931343431362d316362612d313165662d39, 'Ashutosh', 'bharatpest.jawale@gmail.com', '', 218, 1, NULL, '2024-05-28 14:08:30'),
(84, 0x66343931616132662d316362612d313165662d39, 'Vijay', 'unitedagricareindia@gmail.com', '', 218, 1, NULL, '2024-05-28 14:08:30'),
(85, 0x66343932343031662d316362612d313165662d39, 'Chee Siean', 'jeffery.ngoh@yahoo.com', '', 151, 1, NULL, '2024-05-28 14:08:30'),
(86, 0x66343932616438322d316362612d313165662d39, 'Rithy', 'limrithymba@gmail.com', '', 4, 1, NULL, '2024-05-28 14:08:30'),
(87, 0x66343933313739652d316362612d313165662d39, 'Sookhee', 'monica.mo@kukboscience.co.kr', '', 16, 1, NULL, '2024-05-28 14:08:30'),
(88, 0x66343933376636362d316362612d313165662d39, 'Jaeyoung', 'jenny@kukboscience.co.kr', '', 16, 1, NULL, '2024-05-28 14:08:30'),
(89, 0x66343934306632372d316362612d313165662d39, 'Jianzhong Edmund', 'kershing@cleansolutions.com.sg', '', 193, 1, NULL, '2024-05-28 14:08:30'),
(90, 0x66343934373638372d316362612d313165662d39, 'Jo Lynn', 'jolynn.teh@hysia.jp', '', 193, 1, NULL, '2024-05-28 14:08:30'),
(91, 0x66343935353062382d316362612d313165662d39, 'Mohammad Azattul', 'juhana.ismail@rentokil-initial.com', '', 101, 1, NULL, '2024-05-28 14:08:30'),
(92, 0x66343935623836362d316362612d313165662d39, 'Rorifer Torres', 'juhana.ismail@rentokil-initial.com', '', 101, 1, NULL, '2024-05-28 14:08:30'),
(93, 0x66343936316562662d316362612d313165662d39, 'Khiong', 'juhana.ismail@rentokil-initial.com', '', 101, 1, NULL, '2024-05-28 14:08:30'),
(94, 0x66343936383432382d316362612d313165662d39, 'Tiama', 'juhana.ismail@rentokil-initial.com', '', 101, 1, NULL, '2024-05-28 14:08:30'),
(95, 0x66343937316438382d316362612d313165662d39, 'Guruprasada', 'guru@ipest.in', '', 218, 1, NULL, '2024-05-28 14:08:30'),
(96, 0x66343937616539382d316362612d313165662d39, 'Vasanthraj', 'guru@ipest.in', '', 218, 1, NULL, '2024-05-28 14:08:30'),
(97, 0x66343938333865342d316362612d313165662d39, 'Vm Prakash', 'kiranpest8@gmail.com', '', 218, 1, NULL, '2024-05-28 14:08:30'),
(98, 0x66343938623662632d316362612d313165662d39, 'Muniswamaiah', 'kiranpest8@gmail.com', '', 218, 1, NULL, '2024-05-28 14:08:30'),
(99, 0x66343961313231332d316362612d313165662d39, 'Huei Ying (Nancy)', 'shin@chunghsi.com.tw', '', 82, 1, NULL, '2024-05-28 14:08:30'),
(100, 0x66343961666137372d316362612d313165662d39, 'Wan Cheng (Allis)', 'shin@chunghsi.com.tw', '', 82, 1, NULL, '2024-05-28 14:08:30'),
(101, 0x66343962646230312d316362612d313165662d39, 'Tyagi', 'satishtyagijpr@gmail.com', '', 218, 1, NULL, '2024-05-28 14:08:30'),
(102, 0x66343964326535312d316362612d313165662d39, 'Sharma', 'satishtyagijpr@gmail.com', '', 218, 1, NULL, '2024-05-28 14:08:30'),
(103, 0x66343966313430662d316362612d313165662d39, 'Ruziyatul Aznieda', 'ruziyatul.aznieda@gmail.com', '', 151, 1, NULL, '2024-05-28 14:08:30'),
(104, 0x66346130303737622d316362612d313165662d39, 'Nur Amalina', 'ruziyatul.aznieda@gmail.com', '', 151, 1, NULL, '2024-05-28 14:08:30'),
(105, 0x66346130393261382d316362612d313165662d39, 'Seyha', 'info@lpestcontrol.com', '', 4, 1, NULL, '2024-05-28 14:08:30'),
(106, 0x66346131353263332d316362612d313165662d39, 'Huor', 'info@lpestcontrol.com', '', 4, 1, NULL, '2024-05-28 14:08:30'),
(107, 0x66346132343139662d316362612d313165662d39, 'Ravi Shankar', 'ravivyas@hotmail.com', '', 218, 1, NULL, '2024-05-28 14:08:30'),
(108, 0x66346132633761382d316362612d313165662d39, 'Ankush', 'ravivyas@hotmail.com', '', 218, 1, NULL, '2024-05-28 14:08:30'),
(109, 0x66346133346431612d316362612d313165662d39, 'Muhammad Syazwan', 'info.bioideas@gmail.com', '', 151, 1, NULL, '2024-05-28 14:08:30'),
(110, 0x66346133626436322d316362612d313165662d39, 'Mohd Qhairol Af Hafiz', 'info.bioideas@gmail.com', '', 151, 1, NULL, '2024-05-28 14:08:30'),
(111, 0x66346134363563372d316362612d313165662d39, 'Myla Sri Krishna Varma', 'quality_fumigation@yahoo.com', '', 218, 1, NULL, '2024-05-28 14:08:30'),
(112, 0x66346134653234382d316362612d313165662d39, 'Myla Asha', 'quality_fumigation@yahoo.com', '', 218, 1, NULL, '2024-05-28 14:08:30'),
(113, 0x66346135353665352d316362612d313165662d39, 'Ajay', 'mahalaxmiagro77@gmail.com', '', 218, 1, NULL, '2024-05-28 14:08:30'),
(114, 0x66346135633939322d316362612d313165662d39, 'Rajesh', 'mahalaxmiagro77@gmail.com', '', 218, 1, NULL, '2024-05-28 14:08:30'),
(115, 0x66346136373432322d316362612d313165662d39, 'Gaurav', 'gauravtota16@gmail.com', '', 218, 1, NULL, '2024-05-28 14:08:30'),
(116, 0x66346137633163382d316362612d313165662d39, 'Mahendra', 'gauravtota16@gmail.com', '', 218, 1, NULL, '2024-05-28 14:08:30'),
(117, 0x66346138343735342d316362612d313165662d39, 'Rakesh Kumar Singh', 'rakesh.pestcon@gmail.com', '', 218, 1, NULL, '2024-05-28 14:08:30'),
(118, 0x66346138653864332d316362612d313165662d39, 'Gautam Guchchhait', 'rakesh.pestcon@gmail.com', '', 218, 1, NULL, '2024-05-28 14:08:30'),
(119, 0x66346139363932642d316362612d313165662d39, 'Antoni', 'laboratorio@agrochem.es', '', 180, 1, NULL, '2024-05-28 14:08:30'),
(120, 0x66346139646236612d316362612d313165662d39, 'Eva', 'laboratorio@agrochem.es', '', 180, 1, NULL, '2024-05-28 14:08:30'),
(121, 0x66346161353730362d316362612d313165662d39, 'Hoe Chen Alex', 'hoechen.ling@spmglobal.co', '', 193, 1, NULL, '2024-05-28 14:08:30'),
(122, 0x66346162313034362d316362612d313165662d39, 'Iman Nassir', 'hoechen.ling@spmglobal.co', '', 193, 1, NULL, '2024-05-28 14:08:30'),
(123, 0x66346162393531322d316362612d313165662d39, 'Surendranath Reddy', 'surendranath.reddy@dekriminators.in', '', 218, 1, NULL, '2024-05-28 14:08:30'),
(124, 0x66346163316232352d316362612d313165662d39, 'N', 'surendranath.reddy@dekriminators.in', '', 218, 1, NULL, '2024-05-28 14:08:30'),
(125, 0x66346163663363392d316362612d313165662d39, 'นางสาวศรัญญา   อาจหาญ', 'chemin_1980@hotmail.com', 'บริษัท เคมอิน อินคอร์โปเรชั่น จำกัด', 86, 1, NULL, '2024-05-28 14:08:30'),
(126, 0x66346164393765652d316362612d313165662d39, 'นางสาวอ้อมใจ   เหียดใส', 'chemin.saleservice@gmail.com', 'บริษัท เคมอิน อินคอร์โปเรชั่น จำกัด', 86, 1, NULL, '2024-05-28 14:08:30'),
(127, 0x66346165393435392d316362612d313165662d39, 'นางพจนา   วีแอนเดน', 'potjana@vpmc.co.th', 'บริษัท วีพี มอสคีโต คอนโทรล จำกัด', 86, 1, NULL, '2024-05-28 14:08:30'),
(128, 0x66346166313361322d316362612d313165662d39, 'นางสาวสุมาลี   ฉลวยเจริญวงศ์', 'sumalee.th2024@gmail.com', 'บริษัท เทมโป-เอเชีย จำกัด', 86, 1, NULL, '2024-05-28 14:08:30'),
(129, 0x66346166626535352d316362612d313165662d39, 'นางสาวปัณรวีย์   บุญคง', 'sumalee.th2024@gmail.com', 'บริษัท เทมโป-เอเชีย จำกัด', 86, 1, NULL, '2024-05-28 14:08:30'),
(130, 0x66346230333966322d316362612d313165662d39, 'นางสาวขวัญฤดี   ศรีกระทุม', 'sumalee.th2024@gmail.com', 'บริษัท เทมโป-เอเชีย จำกัด', 86, 1, NULL, '2024-05-28 14:08:30'),
(131, 0x66346230623261382d316362612d313165662d39, 'นายสุชาติ   หงส์พิลา', 'sumalee.th2024@gmail.com', 'บริษัท เทมโป-เอเชีย จำกัด', 86, 1, NULL, '2024-05-28 14:08:30'),
(132, 0x66346231326239362d316362612d313165662d39, 'นายณัฐพัชร์   แสนธรรมพล', 'sumalee.th2024@gmail.com', 'บริษัท เทมโป-เอเชีย จำกัด', 86, 1, NULL, '2024-05-28 14:08:30'),
(133, 0x66346232383434362d316362612d313165662d39, 'นางจันทรา   ลีละยุทธโยธิน', 'Chantra.lee@gmail.com', 'บริษัท คิงส์ เซอร์วิส เซ็นเตอร์ จำกัด', 86, 1, NULL, '2024-05-28 14:08:30'),
(134, 0x66346233373538362d316362612d313165662d39, 'นายสุธี   ลีละยุทธโยธิน', 'Sutee@kingservice.co.th', 'บริษัท คิงส์ เซอร์วิส เซ็นเตอร์ จำกัด', 86, 1, NULL, '2024-05-28 14:08:30'),
(135, 0x66346233666264612d316362612d313165662d39, 'นางภัทรา   ลีละยุทธโยธิน', 'Patra@kingservice.co.th', 'บริษัท คิงส์ เซอร์วิส เซ็นเตอร์ จำกัด', 86, 1, NULL, '2024-05-28 14:08:30'),
(136, 0x66346234393031362d316362612d313165662d39, 'นายดนัย   พัชรพจนากรณ์', 'Libra@kingservice.co.th', 'บริษัท คิงส์ เซอร์วิส เซ็นเตอร์ จำกัด', 86, 1, NULL, '2024-05-28 14:08:30'),
(137, 0x66346235306630612d316362612d313165662d39, 'นางสาวปุณิกา   อินทสุวรรณ์', 'Punika@kingservice.co.th', 'บริษัท คิงส์ เซอร์วิส เซ็นเตอร์ จำกัด', 86, 1, NULL, '2024-05-28 14:08:30'),
(138, 0x66346235393737372d316362612d313165662d39, 'นางสาวจินตนา   วงศ์ภิญ', 'Jintana@kingservice.co.th', 'บริษัท คิงส์ เซอร์วิส เซ็นเตอร์ จำกัด', 86, 1, NULL, '2024-05-28 14:08:30'),
(139, 0x66346236613439312d316362612d313165662d39, 'นางสาวนงนภัส   ปัญญายิ่ง', 'Nongnaphat@kingservice.co.th', 'บริษัท คิงส์ เซอร์วิส เซ็นเตอร์ จำกัด', 86, 1, NULL, '2024-05-28 14:08:30'),
(140, 0x66346237323032312d316362612d313165662d39, 'นายธีธัช   เผือกโสภา', 'Thithat.ph@gmail.com', 'บริษัท คิงส์ เซอร์วิส เซ็นเตอร์ จำกัด', 86, 1, NULL, '2024-05-28 14:08:30'),
(141, 0x66346237396665322d316362612d313165662d39, 'นางสาวละอองทิพย์   ใจสุข', 'Laorngtip@kingservice.co.th', 'บริษัท คิงส์ เซอร์วิส เซ็นเตอร์ จำกัด', 86, 1, NULL, '2024-05-28 14:08:30'),
(142, 0x66346239376132612d316362612d313165662d39, 'นางสาวอุบลวรรณ   เนตรวงศ์', 'Ubonwan@kingservice.co.th', 'บริษัท คิงส์ เซอร์วิส เซ็นเตอร์ จำกัด', 86, 1, NULL, '2024-05-28 14:08:30'),
(143, 0x66346261303033622d316362612d313165662d39, 'นางสาวศศิธร   โพธิ์ธานี', 'Sasithon@kingservice.co.th', 'บริษัท คิงส์ เซอร์วิส เซ็นเตอร์ จำกัด', 86, 1, NULL, '2024-05-28 14:08:30'),
(144, 0x66346261613761312d316362612d313165662d39, 'นางสาวกานต์สิริ   กรรมใจ', 'Kansiri@kingservice.co.th', 'บริษัท คิงส์ เซอร์วิส เซ็นเตอร์ จำกัด', 86, 1, NULL, '2024-05-28 14:08:30'),
(145, 0x66346262313831632d316362612d313165662d39, 'นางสาวกฤตยา คุ้นวงศ์', 'kritaya.c@ccspestcare.com', 'บริษัท ซี ซี เอส จำกัด (สำนักงานใหญ่)', 86, 1, NULL, '2024-05-28 14:08:30'),
(146, 0x66346262376665392d316362612d313165662d39, 'นางสาวสุมาวดี ทองคำ', 'sumawadee.t@ccspestcare.com', 'บริษัท ซี ซี เอส จำกัด (สำนักงานใหญ่)', 86, 1, NULL, '2024-05-28 14:08:30'),
(147, 0x66346263353238322d316362612d313165662d39, 'นายคมกริช สุดสาคร', 'khomkrit.s@ccspestcare.com', 'บริษัท ซี ซี เอส จำกัด (สำนักงานใหญ่)', 86, 1, NULL, '2024-05-28 14:08:30'),
(148, 0x66346263633037332d316362612d313165662d39, 'นางสาววิภาวี มีภูมิรู้', 'wipawee.m@ccspestcare.com', 'บริษัท ซี ซี เอส จำกัด (สำนักงานใหญ่)', 86, 1, NULL, '2024-05-28 14:08:30'),
(149, 0x66346264326231322d316362612d313165662d39, 'นายสมพล สุวรรณเนตร', 'sompol@csgroup.co.th', 'บริษัท ซี.เอส.กรุ๊ป จำกัด', 86, 1, NULL, '2024-05-28 14:08:30'),
(150, 0x66346264633237332d316362612d313165662d39, 'นายรัมย์ โรจน์รุ่งเรือง', 'rum@csgroup.co.th', 'บริษัท ซี.เอส.กรุ๊ป จำกัด', 86, 1, NULL, '2024-05-28 14:08:30'),
(151, 0x66346265326665302d316362612d313165662d39, 'Mr. Bharat Naik', 'lgm@ipmthailand.com', 'บริษัท อินโนเวทีฟ เพสท์ เมเนจเม้นท์ จำกัด', 86, 1, NULL, '2024-05-28 14:08:30'),
(152, 0x66346265613364622d316362612d313165662d39, 'Mr. Awdhesh Shukla', 'director@ipmthailand.com', 'บริษัท อินโนเวทีฟ เพสท์ เมเนจเม้นท์ จำกัด', 86, 1, NULL, '2024-05-28 14:08:30');

-- --------------------------------------------------------

--
-- Table structure for table `customer_type`
--

CREATE TABLE `customer_type` (
  `id` int(11) NOT NULL,
  `uuid` binary(20) NOT NULL,
  `name` varchar(100) NOT NULL,
  `status` int(1) NOT NULL DEFAULT 1,
  `updated` datetime DEFAULT NULL,
  `created` datetime NOT NULL DEFAULT current_timestamp()
) ENGINE=InnoDB DEFAULT CHARSET=utf8mb4 COLLATE=utf8mb4_general_ci;

--
-- Dumping data for table `customer_type`
--

INSERT INTO `customer_type` (`id`, `uuid`, `name`, `status`, `updated`, `created`) VALUES
(1, 0x33316332633566332d306139612d313165662d38, 'VIP', 1, '2024-05-28 09:17:57', '2024-05-05 11:44:44'),
(2, 0x34353735346634342d306139612d313165662d38, 'Customer', 1, NULL, '2024-05-05 11:45:17');

-- --------------------------------------------------------

--
-- Table structure for table `event_item`
--

CREATE TABLE `event_item` (
  `id` int(11) NOT NULL,
  `event_id` int(11) NOT NULL,
  `name` varchar(200) NOT NULL,
  `price` decimal(20,2) NOT NULL,
  `text` text NOT NULL,
  `status` int(1) NOT NULL DEFAULT 1,
  `updated` datetime DEFAULT NULL
) ENGINE=InnoDB DEFAULT CHARSET=utf8mb4 COLLATE=utf8mb4_general_ci;

--
-- Dumping data for table `event_item`
--

INSERT INTO `event_item` (`id`, `event_id`, `name`, `price`, `text`, `status`, `updated`) VALUES
(1, 1, 'Single Member Pack', 250.00, '1 Member : Full registration + Gala Dinner', 1, '2024-05-28 14:17:34'),
(2, 1, 'Single Member with Room Pack', 350.00, '1 Member : Full registration + Gala Dinner + 1 room 2 nights (Double room for 1 member)*', 1, '2024-05-28 14:17:34'),
(3, 1, 'Duo Member with Room Pack', 600.00, '2 Members : 2 Full registrations + 2 Gala Dinner + 1 room 2 nights (Shared Double room for 2 members)*', 1, '2024-05-28 14:17:34'),
(4, 1, 'Single Non-member Pack', 400.00, '1 Non-member : Full registration + Gala Dinne', 1, '2024-05-28 14:17:34'),
(5, 1, 'Thai Member', 0.00, '1 Member', 1, '2024-05-28 14:17:34'),
(6, 1, 'VIP', 0.00, '1 Member', 1, NULL);

-- --------------------------------------------------------

--
-- Table structure for table `event_request`
--

CREATE TABLE `event_request` (
  `id` int(11) NOT NULL,
  `uuid` binary(20) NOT NULL,
  `name` varchar(200) NOT NULL,
  `topic` text NOT NULL,
  `date` varchar(100) NOT NULL,
  `start` date NOT NULL,
  `end` date NOT NULL,
  `status` int(1) NOT NULL DEFAULT 1,
  `updated` datetime DEFAULT NULL,
  `created` datetime NOT NULL DEFAULT current_timestamp()
) ENGINE=InnoDB DEFAULT CHARSET=utf8mb4 COLLATE=utf8mb4_general_ci;

--
-- Dumping data for table `event_request`
--

INSERT INTO `event_request` (`id`, `uuid`, `name`, `topic`, `date`, `start`, `end`, `status`, `updated`, `created`) VALUES
(1, 0x35303963636636372d306261372d313165662d61, '[APMA] ASIAN PEST MANAGEMENT ASSOCIATION', '- Future Outlook of Pest Management\r\n- Business Outlook &amp; Innovation\r\n- Termite and General Pest Control Sessions\r\n- Vector Control Situation around Asia\r\n- New Trends in Urban Pest Management', '10/06/2024 - 11/06/2024', '2024-06-10', '2024-06-11', 1, '2024-05-28 14:17:34', '2024-05-06 19:51:11');

-- --------------------------------------------------------

--
-- Table structure for table `login`
--

CREATE TABLE `login` (
  `id` int(11) NOT NULL,
  `uuid` binary(20) DEFAULT NULL,
  `email` varchar(100) NOT NULL,
  `password` varchar(200) NOT NULL,
  `level` int(1) NOT NULL DEFAULT 1,
  `status` int(1) NOT NULL DEFAULT 1,
  `updated` datetime DEFAULT NULL,
  `created` datetime NOT NULL DEFAULT current_timestamp()
) ENGINE=InnoDB DEFAULT CHARSET=utf8mb4 COLLATE=utf8mb4_general_ci;

--
-- Dumping data for table `login`
--

INSERT INTO `login` (`id`, `uuid`, `email`, `password`, `level`, `status`, `updated`, `created`) VALUES
(1, 0x30323133653763342d383961612d313165652d62, 'admin@test.com', '$2y$10$zgN7Tu3Yxcj/w0KCbhEBy.5EuYiJRPaDMd50CJ4L0D5a7pcVh/dgC', 9, 1, '2024-04-30 13:58:31', '2023-11-23 09:42:54');

-- --------------------------------------------------------

--
-- Table structure for table `registration`
--

CREATE TABLE `registration` (
  `id` int(11) NOT NULL,
  `uuid` binary(20) NOT NULL,
  `code` varchar(10) NOT NULL,
  `user` int(11) NOT NULL,
  `type` varchar(100) NOT NULL,
  `event` int(11) NOT NULL,
  `package` int(11) NOT NULL,
  `status` int(1) NOT NULL DEFAULT 1,
  `updated` datetime DEFAULT NULL,
  `created` datetime NOT NULL DEFAULT current_timestamp()
) ENGINE=InnoDB DEFAULT CHARSET=utf8mb4 COLLATE=utf8mb4_general_ci;

--
-- Dumping data for table `registration`
--

INSERT INTO `registration` (`id`, `uuid`, `code`, `user`, `type`, `event`, `package`, `status`, `updated`, `created`) VALUES
(1, 0x66346266306632662d316362612d313165662d39, 'VIP 002', 1, 'Speaker', 1, 6, 1, NULL, '2024-05-28 14:08:30'),
(2, 0x66346266616165302d316362612d313165662d39, 'VIP 001', 2, 'Keynote Speaker', 1, 6, 1, NULL, '2024-05-28 14:08:30'),
(3, 0x66346330383733612d316362612d313165662d39, 'VIP 003', 3, 'Speaker', 1, 6, 1, NULL, '2024-05-28 14:08:30'),
(4, 0x66346330663463342d316362612d313165662d39, 'VIP 004', 4, 'Speaker', 1, 6, 1, NULL, '2024-05-28 14:08:30'),
(5, 0x66346331363236622d316362612d313165662d39, 'VIP 005', 5, 'Speaker', 1, 6, 1, NULL, '2024-05-28 14:08:30'),
(6, 0x66346331663039382d316362612d313165662d39, 'VIP 006', 6, 'Speaker', 1, 6, 1, NULL, '2024-05-28 14:08:30'),
(7, 0x66346332356164332d316362612d313165662d39, 'VIP 007', 7, 'Speaker', 1, 6, 1, NULL, '2024-05-28 14:08:30'),
(8, 0x66346332646664632d316362612d313165662d39, 'VIP 008', 8, 'Speaker', 1, 6, 1, NULL, '2024-05-28 14:08:30'),
(9, 0x66346333353030342d316362612d313165662d39, 'VIP 009', 9, 'Speaker', 1, 6, 1, NULL, '2024-05-28 14:08:30'),
(10, 0x66346333653463622d316362612d313165662d39, 'VIP 010', 10, 'Speaker', 1, 6, 1, NULL, '2024-05-28 14:08:30'),
(11, 0x66346334353139322d316362612d313165662d39, 'VIP 011', 11, 'Speaker', 1, 6, 1, NULL, '2024-05-28 14:08:30'),
(12, 0x66346334623961382d316362612d313165662d39, 'VIP 012', 12, 'Speaker', 1, 6, 1, NULL, '2024-05-28 14:08:30'),
(13, 0x66346335326133352d316362612d313165662d39, 'VIP 013', 13, 'Speaker', 1, 6, 1, NULL, '2024-05-28 14:08:30'),
(14, 0x66346335666430662d316362612d313165662d39, 'VIP 014', 14, 'Speaker', 1, 6, 1, NULL, '2024-05-28 14:08:30'),
(15, 0x66346336373061322d316362612d313165662d39, 'VIP 015', 15, 'Speaker', 1, 6, 1, NULL, '2024-05-28 14:08:30'),
(16, 0x66346337316265302d316362612d313165662d39, 'VIP 016', 16, 'Speaker', 1, 6, 1, NULL, '2024-05-28 14:08:30'),
(17, 0x66346337613236652d316362612d313165662d39, 'VIP 017', 17, 'Speaker', 1, 6, 1, NULL, '2024-05-28 14:08:30'),
(18, 0x66346338323264632d316362612d313165662d39, 'VIP 018', 18, 'Speaker', 1, 6, 1, NULL, '2024-05-28 14:08:30'),
(19, 0x66346338643436342d316362612d313165662d39, 'VIP 019', 19, 'Speaker & Exco', 1, 6, 1, NULL, '2024-05-28 14:08:30'),
(20, 0x66346339376163332d316362612d313165662d39, 'VIP 020', 20, 'Speaker', 1, 6, 1, NULL, '2024-05-28 14:08:30'),
(21, 0x66346339653739652d316362612d313165662d39, 'VIP 021', 21, 'Speaker', 1, 6, 1, NULL, '2024-05-28 14:08:30'),
(22, 0x66346361363062362d316362612d313165662d39, 'VIP 029', 22, 'EXCO', 1, 6, 1, NULL, '2024-05-28 14:08:30'),
(23, 0x66346361646532322d316362612d313165662d39, 'VIP 023', 23, 'EXCO & Moderator', 1, 6, 1, NULL, '2024-05-28 14:08:30'),
(24, 0x66346362373162352d316362612d313165662d39, 'VIP 024', 24, 'President of APMA', 1, 6, 1, NULL, '2024-05-28 14:08:30'),
(25, 0x66346363313234382d316362612d313165662d39, 'VIP 025', 25, 'EXCO', 1, 6, 1, NULL, '2024-05-28 14:08:30'),
(26, 0x66346363623935382d316362612d313165662d39, 'VIP 027', 26, 'EXCO', 1, 6, 1, NULL, '2024-05-28 14:08:30'),
(27, 0x66346364343664372d316362612d313165662d39, 'VIP 022', 27, 'EXCO & Moderator', 1, 6, 1, NULL, '2024-05-28 14:08:30'),
(28, 0x66346364633464362d316362612d313165662d39, 'VIP 026', 28, 'EXCO', 1, 6, 1, NULL, '2024-05-28 14:08:30'),
(29, 0x66346365333965302d316362612d313165662d39, 'VIP 028', 29, 'EXCO', 1, 6, 1, NULL, '2024-05-28 14:08:30'),
(30, 0x66346365646635322d316362612d313165662d39, 'VIP 030', 30, 'Advertiser', 1, 6, 1, NULL, '2024-05-28 14:08:30'),
(31, 0x66346366346634322d316362612d313165662d39, 'VIP 031', 31, 'Organizing Chairman APMA 2024', 1, 6, 1, NULL, '2024-05-28 14:08:30'),
(32, 0x66346366633034322d316362612d313165662d39, 'VIP 032', 32, 'President of TPMA', 1, 6, 1, NULL, '2024-05-28 14:08:30'),
(33, 0x66346430323730362d316362612d313165662d39, 'VIP 033', 33, 'อุปนายกฝ่ายบริหาร', 1, 6, 1, NULL, '2024-05-28 14:08:30'),
(34, 0x66346430623966302d316362612d313165662d39, 'VIP 034', 34, 'อุปนายกฝ่ายวิชาการ', 1, 6, 1, NULL, '2024-05-28 14:08:30'),
(35, 0x66346431353637332d316362612d313165662d39, 'VIP 035', 35, 'กรรมการและเหรัญญิก', 1, 6, 1, NULL, '2024-05-28 14:08:30'),
(36, 0x66346431663065642d316362612d313165662d39, 'VIP 036', 36, 'กรรมการและเลขานุการ', 1, 6, 1, NULL, '2024-05-28 14:08:30'),
(37, 0x66346432363732382d316362612d313165662d39, 'VIP 037', 37, 'กรรมการและฝ่ายทะเบียน', 1, 6, 1, NULL, '2024-05-28 14:08:30'),
(38, 0x66346432646533352d316362612d313165662d39, 'VIP 038', 38, 'กรรมการ', 1, 6, 1, NULL, '2024-05-28 14:08:30'),
(39, 0x66346433353361392d316362612d313165662d39, 'VIP 039', 39, 'กรรมการ', 1, 6, 1, NULL, '2024-05-28 14:08:30'),
(40, 0x66346433663734342d316362612d313165662d39, 'VIP 040', 40, 'กรรมการ', 1, 6, 1, NULL, '2024-05-28 14:08:30'),
(41, 0x66346434376466302d316362612d313165662d39, 'VIP 041', 41, 'กรรมการ', 1, 6, 1, NULL, '2024-05-28 14:08:30'),
(42, 0x66346435303632332d316362612d313165662d39, 'VIP 042', 42, 'กรรมการ', 1, 6, 1, NULL, '2024-05-28 14:08:30'),
(43, 0x66346435383462622d316362612d313165662d39, 'VIP 043', 43, 'กรรมการ', 1, 6, 1, NULL, '2024-05-28 14:08:30'),
(44, 0x66346436333039322d316362612d313165662d39, 'VIP 044', 44, 'ที่ปรึกษา', 1, 6, 1, NULL, '2024-05-28 14:08:30'),
(45, 0x66346436653335322d316362612d313165662d39, 'VIP 045', 45, 'ที่ปรึกษา', 1, 6, 1, NULL, '2024-05-28 14:08:30'),
(46, 0x66346437396562612d316362612d313165662d39, 'VIP 046', 46, 'เจ้าหน้าที่สมาคม', 1, 6, 1, NULL, '2024-05-28 14:08:30'),
(47, 0x66346438313131302d316362612d313165662d39, 'VIP 047', 47, 'Guest', 1, 6, 1, NULL, '2024-05-28 14:08:30'),
(48, 0x66346438373938312d316362612d313165662d39, 'VIP 048', 48, 'Guest', 1, 6, 1, NULL, '2024-05-28 14:08:30'),
(49, 0x66346439316338642d316362612d313165662d39, 'A001', 49, 'Customer', 1, 1, 1, NULL, '2024-05-28 14:08:30'),
(50, 0x66346439623162372d316362612d313165662d39, 'A002', 50, 'Customer', 1, 1, 1, NULL, '2024-05-28 14:08:30'),
(51, 0x66346461323039662d316362612d313165662d39, 'A003', 51, 'Customer', 1, 1, 1, NULL, '2024-05-28 14:08:30'),
(52, 0x66346461396637332d316362612d313165662d39, 'A004', 52, 'Customer', 1, 1, 1, NULL, '2024-05-28 14:08:30'),
(53, 0x66346462313139372d316362612d313165662d39, 'A005', 53, 'Customer', 1, 1, 1, NULL, '2024-05-28 14:08:31'),
(54, 0x66346462626139612d316362612d313165662d39, 'A006', 54, 'Customer', 1, 1, 1, NULL, '2024-05-28 14:08:31'),
(55, 0x66346463366338642d316362612d313165662d39, 'A007', 55, 'Customer', 1, 1, 1, NULL, '2024-05-28 14:08:31'),
(56, 0x66346464313166652d316362612d313165662d39, 'A008', 56, 'Customer', 1, 1, 1, NULL, '2024-05-28 14:08:31'),
(57, 0x66346464386531302d316362612d313165662d39, 'A009', 57, 'Customer', 1, 1, 1, NULL, '2024-05-28 14:08:31'),
(58, 0x66346465303136392d316362612d313165662d39, 'A010', 58, 'Customer', 1, 1, 1, NULL, '2024-05-28 14:08:31'),
(59, 0x66346465393432372d316362612d313165662d39, 'A011', 59, 'Customer', 1, 1, 1, NULL, '2024-05-28 14:08:31'),
(60, 0x66346466346261642d316362612d313165662d39, 'A012', 60, 'Customer', 1, 1, 1, NULL, '2024-05-28 14:08:31'),
(61, 0x66346466633437372d316362612d313165662d39, 'A013', 61, 'Customer', 1, 1, 1, NULL, '2024-05-28 14:08:31'),
(62, 0x66346530333334332d316362612d313165662d39, 'A014', 62, 'Customer', 1, 1, 1, NULL, '2024-05-28 14:08:31'),
(63, 0x66346530613661322d316362612d313165662d39, 'A015', 63, 'Customer', 1, 1, 1, NULL, '2024-05-28 14:08:31'),
(64, 0x66346531363036302d316362612d313165662d39, 'B001', 64, 'Customer', 1, 2, 1, NULL, '2024-05-28 14:08:31'),
(65, 0x66346531646236622d316362612d313165662d39, 'B002', 65, 'Customer', 1, 2, 1, NULL, '2024-05-28 14:08:31'),
(66, 0x66346532353234322d316362612d313165662d39, 'B003', 66, 'Customer', 1, 2, 1, NULL, '2024-05-28 14:08:31'),
(67, 0x66346533343565392d316362612d313165662d39, 'B004', 67, 'Customer', 1, 2, 1, NULL, '2024-05-28 14:08:31'),
(68, 0x66346533643166312d316362612d313165662d39, 'B005', 68, 'Customer', 1, 2, 1, NULL, '2024-05-28 14:08:31'),
(69, 0x66346534363037352d316362612d313165662d39, 'B006', 69, 'Customer', 1, 2, 1, NULL, '2024-05-28 14:08:31'),
(70, 0x66346535313666632d316362612d313165662d39, 'B007', 70, 'Customer', 1, 2, 1, NULL, '2024-05-28 14:08:31'),
(71, 0x66346535616138372d316362612d313165662d39, 'B008', 71, 'Customer', 1, 2, 1, NULL, '2024-05-28 14:08:31'),
(72, 0x66346536343034662d316362612d313165662d39, 'B009', 72, 'Customer', 1, 2, 1, NULL, '2024-05-28 14:08:31'),
(73, 0x66346536646435372d316362612d313165662d39, 'B010', 73, 'Customer', 1, 2, 1, NULL, '2024-05-28 14:08:31'),
(74, 0x66346537386266382d316362612d313165662d39, 'B011', 74, 'Customer', 1, 2, 1, NULL, '2024-05-28 14:08:31'),
(75, 0x66346538303763302d316362612d313165662d39, 'B012', 75, 'Customer', 1, 2, 1, NULL, '2024-05-28 14:08:31'),
(76, 0x66346538386438632d316362612d313165662d39, 'B013', 76, 'Customer', 1, 2, 1, NULL, '2024-05-28 14:08:31'),
(77, 0x66346539383666312d316362612d313165662d39, 'B014', 77, 'Customer', 1, 2, 1, NULL, '2024-05-28 14:08:31'),
(78, 0x66346561303537662d316362612d313165662d39, 'B015', 78, 'Customer', 1, 2, 1, NULL, '2024-05-28 14:08:31'),
(79, 0x66346561376231362d316362612d313165662d39, 'B016', 79, 'Customer', 1, 2, 1, NULL, '2024-05-28 14:08:31'),
(80, 0x66346562316237332d316362612d313165662d39, 'B017', 80, 'Customer', 1, 2, 1, NULL, '2024-05-28 14:08:31'),
(81, 0x66346562633835392d316362612d313165662d39, 'B018', 81, 'Customer', 1, 2, 1, NULL, '2024-05-28 14:08:31'),
(82, 0x66346563356238652d316362612d313165662d39, 'B019', 82, 'Customer', 1, 2, 1, NULL, '2024-05-28 14:08:31'),
(83, 0x66346563643932352d316362612d313165662d39, 'B020', 83, 'Customer', 1, 2, 1, NULL, '2024-05-28 14:08:31'),
(84, 0x66346564376164352d316362612d313165662d39, 'B021', 84, 'Customer', 1, 2, 1, NULL, '2024-05-28 14:08:31'),
(85, 0x66346564663938632d316362612d313165662d39, 'B022', 85, 'Customer', 1, 2, 1, NULL, '2024-05-28 14:08:31'),
(86, 0x66346565373734392d316362612d313165662d39, 'B023', 86, 'Customer', 1, 2, 1, NULL, '2024-05-28 14:08:31'),
(87, 0x66346565656662382d316362612d313165662d39, 'B024', 87, 'Customer', 1, 2, 1, NULL, '2024-05-28 14:08:31'),
(88, 0x66346566633263382d316362612d313165662d39, 'B025', 88, 'Customer', 1, 2, 1, NULL, '2024-05-28 14:08:31'),
(89, 0x66346630343837622d316362612d313165662d39, 'C001', 89, 'Customer', 1, 4, 1, NULL, '2024-05-28 14:08:31'),
(90, 0x66346631303363332d316362612d313165662d39, 'C002', 90, 'Customer', 1, 4, 1, NULL, '2024-05-28 14:08:31'),
(91, 0x66346631393536342d316362612d313165662d39, 'D001', 91, 'Customer', 1, 3, 1, NULL, '2024-05-28 14:08:31'),
(92, 0x66346632316638322d316362612d313165662d39, 'D002', 92, 'Customer', 1, 3, 1, NULL, '2024-05-28 14:08:31'),
(93, 0x66346632613662392d316362612d313165662d39, 'D003', 93, 'Customer', 1, 3, 1, NULL, '2024-05-28 14:08:31'),
(94, 0x66346633363564362d316362612d313165662d39, 'D004', 94, 'Customer', 1, 3, 1, NULL, '2024-05-28 14:08:31'),
(95, 0x66346633646437342d316362612d313165662d39, 'D005', 95, 'Customer', 1, 3, 1, NULL, '2024-05-28 14:08:31'),
(96, 0x66346634343831652d316362612d313165662d39, 'D006', 96, 'Customer', 1, 3, 1, NULL, '2024-05-28 14:08:31'),
(97, 0x66346634623132642d316362612d313165662d39, 'D007', 97, 'Customer', 1, 3, 1, NULL, '2024-05-28 14:08:31'),
(98, 0x66346635353263332d316362612d313165662d39, 'D008', 98, 'Customer', 1, 3, 1, NULL, '2024-05-28 14:08:31'),
(99, 0x66346635666134642d316362612d313165662d39, 'D009', 99, 'Customer', 1, 3, 1, NULL, '2024-05-28 14:08:31'),
(100, 0x66346636623536632d316362612d313165662d39, 'D010', 100, 'Customer', 1, 3, 1, NULL, '2024-05-28 14:08:31'),
(101, 0x66346637343231612d316362612d313165662d39, 'D011', 101, 'Customer', 1, 3, 1, NULL, '2024-05-28 14:08:31'),
(102, 0x66346637623832662d316362612d313165662d39, 'D012', 102, 'Customer', 1, 3, 1, NULL, '2024-05-28 14:08:31'),
(103, 0x66346638336130662d316362612d313165662d39, 'D013', 103, 'Customer', 1, 3, 1, NULL, '2024-05-28 14:08:31'),
(104, 0x66346638656531662d316362612d313165662d39, 'D014', 104, 'Customer', 1, 3, 1, NULL, '2024-05-28 14:08:31'),
(105, 0x66346639376230372d316362612d313165662d39, 'DO15', 105, 'Customer', 1, 3, 1, NULL, '2024-05-28 14:08:31'),
(106, 0x66346661306530322d316362612d313165662d39, 'DO16', 106, 'Customer', 1, 3, 1, NULL, '2024-05-28 14:08:31'),
(107, 0x66346661393436372d316362612d313165662d39, 'DO17', 107, 'Customer', 1, 3, 1, NULL, '2024-05-28 14:08:31'),
(108, 0x66346662336563362d316362612d313165662d39, 'DO18', 108, 'Customer', 1, 3, 1, NULL, '2024-05-28 14:08:31'),
(109, 0x66346663346237352d316362612d313165662d39, 'DO19', 109, 'Customer', 1, 3, 1, NULL, '2024-05-28 14:08:31'),
(110, 0x66346664306239382d316362612d313165662d39, 'DO20', 110, 'Customer', 1, 3, 1, NULL, '2024-05-28 14:08:31'),
(111, 0x66346664613436392d316362612d313165662d39, 'D021', 111, 'Customer', 1, 3, 1, NULL, '2024-05-28 14:08:31'),
(112, 0x66346665333737382d316362612d313165662d39, 'D022', 112, 'Customer', 1, 3, 1, NULL, '2024-05-28 14:08:31'),
(113, 0x66346665626638332d316362612d313165662d39, 'D023', 113, 'Customer', 1, 3, 1, NULL, '2024-05-28 14:08:31'),
(114, 0x66346666363637642d316362612d313165662d39, 'D024', 114, 'Customer', 1, 3, 1, NULL, '2024-05-28 14:08:31'),
(115, 0x66346666663537312d316362612d313165662d39, 'DO25', 115, 'Customer', 1, 3, 1, NULL, '2024-05-28 14:08:31'),
(116, 0x66353030373432612d316362612d313165662d39, 'DO26', 116, 'Customer', 1, 3, 1, NULL, '2024-05-28 14:08:31'),
(117, 0x66353030656362312d316362612d313165662d39, 'DO27', 117, 'Customer', 1, 3, 1, NULL, '2024-05-28 14:08:31'),
(118, 0x66353031386632632d316362612d313165662d39, 'DO28', 118, 'Customer', 1, 3, 1, NULL, '2024-05-28 14:08:31'),
(119, 0x66353032303932352d316362612d313165662d39, 'DO29', 119, 'Customer', 1, 3, 1, NULL, '2024-05-28 14:08:31'),
(120, 0x66353032646638612d316362612d313165662d39, 'DO30', 120, 'Customer', 1, 3, 1, NULL, '2024-05-28 14:08:31'),
(121, 0x66353033356133612d316362612d313165662d39, 'D031', 121, 'Customer', 1, 3, 1, NULL, '2024-05-28 14:08:31'),
(122, 0x66353033643661312d316362612d313165662d39, 'D032', 122, 'Customer', 1, 3, 1, NULL, '2024-05-28 14:08:31'),
(123, 0x66353034346635382d316362612d313165662d39, 'D033', 123, 'Customer', 1, 3, 1, NULL, '2024-05-28 14:08:31'),
(124, 0x66353034663466382d316362612d313165662d39, 'D034', 124, 'Customer', 1, 3, 1, NULL, '2024-05-28 14:08:31'),
(125, 0x66353035613437332d316362612d313165662d39, 'AT001', 125, 'Customer', 1, 5, 1, NULL, '2024-05-28 14:08:31'),
(126, 0x66353036313261392d316362612d313165662d39, 'AT002', 126, 'Customer', 1, 5, 1, NULL, '2024-05-28 14:08:31'),
(127, 0x66353036376238362d316362612d313165662d39, 'AT003', 127, 'Customer', 1, 5, 1, NULL, '2024-05-28 14:08:31'),
(128, 0x66353037313432372d316362612d313165662d39, 'AT004', 128, 'Customer', 1, 5, 1, NULL, '2024-05-28 14:08:31'),
(129, 0x66353037613238632d316362612d313165662d39, 'AT005', 129, 'Customer', 1, 5, 1, NULL, '2024-05-28 14:08:31'),
(130, 0x66353038316334372d316362612d313165662d39, 'AT006', 130, 'Customer', 1, 5, 1, NULL, '2024-05-28 14:08:31'),
(131, 0x66353038653564302d316362612d313165662d39, 'AT007', 131, 'Customer', 1, 5, 1, NULL, '2024-05-28 14:08:31'),
(132, 0x66353039356336362d316362612d313165662d39, 'AT008', 132, 'Customer', 1, 5, 1, NULL, '2024-05-28 14:08:31'),
(133, 0x66353039653163352d316362612d313165662d39, 'AT009', 133, 'Customer', 1, 5, 1, NULL, '2024-05-28 14:08:31'),
(134, 0x66353061396566662d316362612d313165662d39, 'AT010', 134, 'Customer', 1, 5, 1, NULL, '2024-05-28 14:08:31'),
(135, 0x66353062323161312d316362612d313165662d39, 'AT011', 135, 'Customer', 1, 5, 1, NULL, '2024-05-28 14:08:31'),
(136, 0x66353062393934362d316362612d313165662d39, 'AT012', 136, 'Customer', 1, 5, 1, NULL, '2024-05-28 14:08:31'),
(137, 0x66353063306439642d316362612d313165662d39, 'AT013', 137, 'Customer', 1, 5, 1, NULL, '2024-05-28 14:08:31'),
(138, 0x66353063623936382d316362612d313165662d39, 'AT014', 138, 'Customer', 1, 5, 1, NULL, '2024-05-28 14:08:31'),
(139, 0x66353064333961312d316362612d313165662d39, 'AT015', 139, 'Customer', 1, 5, 1, NULL, '2024-05-28 14:08:31'),
(140, 0x66353064623334362d316362612d313165662d39, 'AT016', 140, 'Customer', 1, 5, 1, NULL, '2024-05-28 14:08:31'),
(141, 0x66353065333264302d316362612d313165662d39, 'AT017', 141, 'Customer', 1, 5, 1, NULL, '2024-05-28 14:08:31'),
(142, 0x66353066323732632d316362612d313165662d39, 'AT018', 142, 'Customer', 1, 5, 1, NULL, '2024-05-28 14:08:31'),
(143, 0x66353066626336642d316362612d313165662d39, 'AT019', 143, 'Customer', 1, 5, 1, NULL, '2024-05-28 14:08:31'),
(144, 0x66353130373462652d316362612d313165662d39, 'AT020', 144, 'Customer', 1, 5, 1, NULL, '2024-05-28 14:08:31'),
(145, 0x66353130666537392d316362612d313165662d39, 'AT021', 145, 'Customer', 1, 5, 1, NULL, '2024-05-28 14:08:31'),
(146, 0x66353131393936312d316362612d313165662d39, 'AT022', 146, 'Customer', 1, 5, 1, NULL, '2024-05-28 14:08:31'),
(147, 0x66353132323330342d316362612d313165662d39, 'AT023', 147, 'Customer', 1, 5, 1, NULL, '2024-05-28 14:08:31'),
(148, 0x66353132643032332d316362612d313165662d39, 'AT024', 148, 'Customer', 1, 5, 1, NULL, '2024-05-28 14:08:31'),
(149, 0x66353133353261362d316362612d313165662d39, 'AT025', 149, 'Customer', 1, 5, 1, NULL, '2024-05-28 14:08:31'),
(150, 0x66353133643061312d316362612d313165662d39, 'AT026', 150, 'Customer', 1, 5, 1, NULL, '2024-05-28 14:08:31'),
(151, 0x66353134356438342d316362612d313165662d39, 'AT027', 151, 'Customer', 1, 5, 1, NULL, '2024-05-28 14:08:31'),
(152, 0x66353135336237302d316362612d313165662d39, 'AT028', 152, 'Customer', 1, 5, 1, NULL, '2024-05-28 14:08:31');

-- --------------------------------------------------------

--
-- Table structure for table `system`
--

CREATE TABLE `system` (
  `id` int(11) NOT NULL,
  `name` varchar(200) NOT NULL,
  `email` varchar(100) NOT NULL,
  `password_email` varchar(200) NOT NULL,
  `password_default` varchar(50) NOT NULL,
  `updated` datetime DEFAULT NULL
) ENGINE=InnoDB DEFAULT CHARSET=utf8mb4 COLLATE=utf8mb4_general_ci;

--
-- Dumping data for table `system`
--

INSERT INTO `system` (`id`, `name`, `email`, `password_email`, `password_default`, `updated`) VALUES
(1, 'EVENT', 'cpl.issue@gmail.com', 'wtubrchtfugusotb', 'testtest', '2024-05-05 13:22:02');

-- --------------------------------------------------------

--
-- Table structure for table `user`
--

CREATE TABLE `user` (
  `id` int(11) NOT NULL,
  `login` int(11) NOT NULL,
  `firstname` varchar(100) NOT NULL,
  `lastname` varchar(100) NOT NULL,
  `contact` varchar(100) NOT NULL
) ENGINE=InnoDB DEFAULT CHARSET=utf8mb4 COLLATE=utf8mb4_general_ci;

--
-- Dumping data for table `user`
--

INSERT INTO `user` (`id`, `login`, `firstname`, `lastname`, `contact`) VALUES
(1, 1, 'admin', 'system', '199');

--
-- Indexes for dumped tables
--

--
-- Indexes for table `country`
--
ALTER TABLE `country`
  ADD PRIMARY KEY (`id`);

--
-- Indexes for table `customer`
--
ALTER TABLE `customer`
  ADD PRIMARY KEY (`id`);

--
-- Indexes for table `customer_type`
--
ALTER TABLE `customer_type`
  ADD PRIMARY KEY (`id`);

--
-- Indexes for table `event_item`
--
ALTER TABLE `event_item`
  ADD PRIMARY KEY (`id`);

--
-- Indexes for table `event_request`
--
ALTER TABLE `event_request`
  ADD PRIMARY KEY (`id`);

--
-- Indexes for table `login`
--
ALTER TABLE `login`
  ADD PRIMARY KEY (`id`);

--
-- Indexes for table `registration`
--
ALTER TABLE `registration`
  ADD PRIMARY KEY (`id`);

--
-- Indexes for table `system`
--
ALTER TABLE `system`
  ADD PRIMARY KEY (`id`);

--
-- Indexes for table `user`
--
ALTER TABLE `user`
  ADD PRIMARY KEY (`id`);

--
-- AUTO_INCREMENT for dumped tables
--

--
-- AUTO_INCREMENT for table `country`
--
ALTER TABLE `country`
  MODIFY `id` int(11) NOT NULL AUTO_INCREMENT, AUTO_INCREMENT=249;

--
-- AUTO_INCREMENT for table `customer`
--
ALTER TABLE `customer`
  MODIFY `id` int(11) NOT NULL AUTO_INCREMENT, AUTO_INCREMENT=153;

--
-- AUTO_INCREMENT for table `customer_type`
--
ALTER TABLE `customer_type`
  MODIFY `id` int(11) NOT NULL AUTO_INCREMENT, AUTO_INCREMENT=4;

--
-- AUTO_INCREMENT for table `event_item`
--
ALTER TABLE `event_item`
  MODIFY `id` int(11) NOT NULL AUTO_INCREMENT, AUTO_INCREMENT=7;

--
-- AUTO_INCREMENT for table `event_request`
--
ALTER TABLE `event_request`
  MODIFY `id` int(11) NOT NULL AUTO_INCREMENT, AUTO_INCREMENT=2;

--
-- AUTO_INCREMENT for table `login`
--
ALTER TABLE `login`
  MODIFY `id` int(11) NOT NULL AUTO_INCREMENT, AUTO_INCREMENT=2;

--
-- AUTO_INCREMENT for table `registration`
--
ALTER TABLE `registration`
  MODIFY `id` int(11) NOT NULL AUTO_INCREMENT, AUTO_INCREMENT=153;

--
-- AUTO_INCREMENT for table `system`
--
ALTER TABLE `system`
  MODIFY `id` int(11) NOT NULL AUTO_INCREMENT, AUTO_INCREMENT=2;

--
-- AUTO_INCREMENT for table `user`
--
ALTER TABLE `user`
  MODIFY `id` int(11) NOT NULL AUTO_INCREMENT, AUTO_INCREMENT=2;
COMMIT;

/*!40101 SET CHARACTER_SET_CLIENT=@OLD_CHARACTER_SET_CLIENT */;
/*!40101 SET CHARACTER_SET_RESULTS=@OLD_CHARACTER_SET_RESULTS */;
/*!40101 SET COLLATION_CONNECTION=@OLD_COLLATION_CONNECTION */;
