-- phpMyAdmin SQL Dump
-- version 5.2.1
-- https://www.phpmyadmin.net/
--
-- Host: database
-- Generation Time: May 07, 2024 at 09:35 AM
-- Server version: 11.3.2-MariaDB-1:11.3.2+maria~ubu2204
-- PHP Version: 8.2.18

SET SQL_MODE = "NO_AUTO_VALUE_ON_ZERO";
START TRANSACTION;
SET time_zone = "+00:00";


/*!40101 SET @OLD_CHARACTER_SET_CLIENT=@@CHARACTER_SET_CLIENT */;
/*!40101 SET @OLD_CHARACTER_SET_RESULTS=@@CHARACTER_SET_RESULTS */;
/*!40101 SET @OLD_COLLATION_CONNECTION=@@COLLATION_CONNECTION */;
/*!40101 SET NAMES utf8mb4 */;

--
-- Database: `event`
--

-- --------------------------------------------------------

--
-- Table structure for table `country`
--

CREATE TABLE `country` (
  `id` int(11) NOT NULL,
  `uuid` binary(20) NOT NULL,
  `name_th` varchar(100) NOT NULL,
  `name_en` varchar(100) NOT NULL,
  `code` varchar(10) NOT NULL,
  `status` int(1) NOT NULL DEFAULT 1,
  `updated` datetime DEFAULT NULL,
  `created` datetime NOT NULL DEFAULT current_timestamp()
) ENGINE=InnoDB DEFAULT CHARSET=utf8mb4 COLLATE=utf8mb4_general_ci;

--
-- Dumping data for table `country`
--

INSERT INTO `country` (`id`, `uuid`, `name_th`, `name_en`, `code`, `status`, `updated`, `created`) VALUES
(1, 0x61306334383434652d306163392d313165662d38, 'กรีซ', 'Greece', 'GR', 1, NULL, '2024-05-05 17:24:17'),
(2, 0x61306335313632352d306163392d313165662d38, 'กรีนแลนด์', 'Greenland', 'GL', 1, NULL, '2024-05-05 17:24:17'),
(3, 0x61306335616466342d306163392d313165662d38, 'กวม', 'Guam', 'GU', 1, NULL, '2024-05-05 17:24:17'),
(4, 0x61306335663831312d306163392d313165662d38, 'กัมพูชา', 'Cambodia', 'KH', 1, NULL, '2024-05-05 17:24:17'),
(5, 0x61306336343136302d306163392d313165662d38, 'กัวเดอลุป', 'Guadeloupe', 'GP', 1, NULL, '2024-05-05 17:24:17'),
(6, 0x61306336383635662d306163392d313165662d38, 'กัวเตมาลา', 'Guatemala', 'GT', 1, NULL, '2024-05-05 17:24:17'),
(7, 0x61306336636261352d306163392d313165662d38, 'กาตาร์', 'Qatar', 'QA', 1, NULL, '2024-05-05 17:24:17'),
(8, 0x61306337313131332d306163392d313165662d38, 'กานา', 'Ghana', 'GH', 1, NULL, '2024-05-05 17:24:17'),
(9, 0x61306337353263362d306163392d313165662d38, 'กาบอง', 'Gabon', 'GA', 1, NULL, '2024-05-05 17:24:17'),
(10, 0x61306337393336342d306163392d313165662d38, 'กาบูเวร์ดี', 'Cabo Verde', 'CV', 1, NULL, '2024-05-05 17:24:17'),
(11, 0x61306337643263362d306163392d313165662d38, 'กายอานา', 'Guyana', 'GY', 1, NULL, '2024-05-05 17:24:17'),
(12, 0x61306338313333352d306163392d313165662d38, 'กินี', 'Guinea', 'GN', 1, NULL, '2024-05-05 17:24:17'),
(13, 0x61306338353065622d306163392d313165662d38, 'กินี-บิสเซา', 'Guinea-Bissau', 'GW', 1, NULL, '2024-05-05 17:24:17'),
(14, 0x61306338386631382d306163392d313165662d38, 'กือราเซา', 'Curaçao', 'CW', 1, NULL, '2024-05-05 17:24:17'),
(15, 0x61306338633931382d306163392d313165662d38, 'เกรเนดา', 'Grenada', 'GD', 1, NULL, '2024-05-05 17:24:17'),
(16, 0x61306339336635342d306163392d313165662d38, 'เกาหลีใต้', 'South Korea', 'KR', 1, NULL, '2024-05-05 17:24:17'),
(17, 0x61306339373934392d306163392d313165662d38, 'เกาหลีเหนือ', 'North Korea', 'KP', 1, NULL, '2024-05-05 17:24:17'),
(18, 0x61306339623535392d306163392d313165662d38, 'เกาะคริสต์มาส', 'Christmas Island', 'CX', 1, NULL, '2024-05-05 17:24:17'),
(19, 0x61306339656532362d306163392d313165662d38, 'เกาะเซาท์จอร์เจียและหมู่เกาะเซาท์แซนด์วิช', 'South Georgia and the South Sandwich Islands', 'GS', 1, NULL, '2024-05-05 17:24:17'),
(20, 0x61306361333437302d306163392d313165662d38, 'เกาะนอร์ฟอล์ก', 'Norfolk Island', 'NF', 1, NULL, '2024-05-05 17:24:17'),
(21, 0x61306361373231382d306163392d313165662d38, 'เกาะบูเวต์', 'Bouvet Island', 'BV', 1, NULL, '2024-05-05 17:24:17'),
(22, 0x61306361616232362d306163392d313165662d38, 'เกาะเล็กรอบนอกของสหรัฐอเมริกา', 'United States Minor Outlying Islands', 'UM', 1, NULL, '2024-05-05 17:24:17'),
(23, 0x61306361653238332d306163392d313165662d38, 'เกาะเฮิร์ดและหมู่เกาะแมกดอนัลด์', 'Heard Island and McDonald Islands', 'HM', 1, NULL, '2024-05-05 17:24:17'),
(24, 0x61306362316233392d306163392d313165662d38, 'เกิร์นซีย์', 'Guernsey', 'GG', 1, NULL, '2024-05-05 17:24:17'),
(25, 0x61306362353134342d306163392d313165662d38, 'แกมเบีย', 'Gambia', 'GM', 1, NULL, '2024-05-05 17:24:17'),
(26, 0x61306362386135302d306163392d313165662d38, 'โกตดิวัวร์', 'Côte d\'Ivoire', 'CI', 1, NULL, '2024-05-05 17:24:17'),
(27, 0x61306362626432332d306163392d313165662d38, 'คอโมโรส', 'Comoros', 'KM', 1, NULL, '2024-05-05 17:24:17'),
(28, 0x61306363323265372d306163392d313165662d38, 'คอสตาริกา', 'Costa Rica', 'CR', 1, NULL, '2024-05-05 17:24:17'),
(29, 0x61306363353866312d306163392d313165662d38, 'คาซัคสถาน', 'Kazakhstan', 'KZ', 1, NULL, '2024-05-05 17:24:17'),
(30, 0x61306363393231332d306163392d313165662d38, 'คิริบาส', 'Kiribati', 'KI', 1, NULL, '2024-05-05 17:24:17'),
(31, 0x61306363633965622d306163392d313165662d38, 'คิวบา', 'Cuba', 'CU', 1, NULL, '2024-05-05 17:24:17'),
(32, 0x61306363666564652d306163392d313165662d38, 'คีร์กีซสถาน', 'Kyrgyzstan', 'KG', 1, NULL, '2024-05-05 17:24:17'),
(33, 0x61306364333564392d306163392d313165662d38, 'คูเวต', 'Kuwait', 'KW', 1, NULL, '2024-05-05 17:24:17'),
(34, 0x61306364366434662d306163392d313165662d38, 'เคนยา', 'Kenya', 'KE', 1, NULL, '2024-05-05 17:24:17'),
(35, 0x61306364613434322d306163392d313165662d38, 'แคนาดา', 'Canada', 'CA', 1, NULL, '2024-05-05 17:24:17'),
(36, 0x61306364646534642d306163392d313165662d38, 'แคเมอรูน', 'Cameroon', 'CM', 1, NULL, '2024-05-05 17:24:17'),
(37, 0x61306365316234612d306163392d313165662d38, 'โครเอเชีย', 'Croatia', 'HR', 1, NULL, '2024-05-05 17:24:17'),
(38, 0x61306365353761302d306163392d313165662d38, 'โคลอมเบีย', 'Colombia', 'CO', 1, NULL, '2024-05-05 17:24:17'),
(39, 0x61306365393233362d306163392d313165662d38, 'จอร์เจีย', 'Georgia', 'GE', 1, NULL, '2024-05-05 17:24:17'),
(40, 0x61306365643162642d306163392d313165662d38, 'จอร์แดน', 'Jordan', 'JO', 1, NULL, '2024-05-05 17:24:17'),
(41, 0x61306366343166662d306163392d313165662d38, 'จาเมกา', 'Jamaica', 'JM', 1, NULL, '2024-05-05 17:24:17'),
(42, 0x61306366376336322d306163392d313165662d38, 'จิบูตี', 'Djibouti', 'DJ', 1, NULL, '2024-05-05 17:24:17'),
(43, 0x61306366623464622d306163392d313165662d38, 'จีน', 'China', 'CN', 1, NULL, '2024-05-05 17:24:17'),
(44, 0x61306366656264362d306163392d313165662d38, 'เจอร์ซีย์', 'Jersey', 'JE', 1, NULL, '2024-05-05 17:24:17'),
(45, 0x61306430323236342d306163392d313165662d38, 'ชาด', 'Chad', 'TD', 1, NULL, '2024-05-05 17:24:17'),
(46, 0x61306430356665322d306163392d313165662d38, 'ชิลี', 'Chile', 'CL', 1, NULL, '2024-05-05 17:24:17'),
(47, 0x61306430393366652d306163392d313165662d38, 'เช็กเกีย', 'Czech Republic', 'CZ', 1, NULL, '2024-05-05 17:24:17'),
(48, 0x61306430636338642d306163392d313165662d38, 'ซานมารีโน', 'San Marino', 'SM', 1, NULL, '2024-05-05 17:24:17'),
(49, 0x61306430666639392d306163392d313165662d38, 'ซามัว', 'Samoa', 'WS', 1, NULL, '2024-05-05 17:24:17'),
(50, 0x61306431333535612d306163392d313165662d38, 'ซาอุดีอาระเบีย', 'Saudi Arabia', 'SA', 1, NULL, '2024-05-05 17:24:17'),
(51, 0x61306431366361322d306163392d313165662d38, 'ซาฮาราตะวันตก', 'Western Sahara', 'EH', 1, NULL, '2024-05-05 17:24:17'),
(52, 0x61306431613433622d306163392d313165662d38, 'ซิมบับเว', 'Zimbabwe', 'ZW', 1, NULL, '2024-05-05 17:24:17'),
(53, 0x61306431643836622d306163392d313165662d38, 'ซีเรีย', 'Syrian Arab Republic', 'SY', 1, NULL, '2024-05-05 17:24:17'),
(54, 0x61306432343133322d306163392d313165662d38, 'ซูดาน', 'Sudan', 'SD', 1, NULL, '2024-05-05 17:24:17'),
(55, 0x61306432373638332d306163392d313165662d38, 'ซูรินาม', 'Suriname', 'SR', 1, NULL, '2024-05-05 17:24:17'),
(56, 0x61306432616235612d306163392d313165662d38, 'เซเชลส์', 'Seychelles', 'SC', 1, NULL, '2024-05-05 17:24:17'),
(57, 0x61306432653539382d306163392d313165662d38, 'เซนต์คิตส์และเนวิส', 'Saint Kitts and Nevis', 'KN', 1, NULL, '2024-05-05 17:24:17'),
(58, 0x61306433316436302d306163392d313165662d38, 'เซนต์ลูเชีย', 'Saint Lucia', 'LC', 1, NULL, '2024-05-05 17:24:17'),
(59, 0x61306433353637302d306163392d313165662d38, 'เซนต์วินเซนต์และเกรนาดีนส์', 'Saint Vincent and the Grenadines', 'VC', 1, NULL, '2024-05-05 17:24:17'),
(60, 0x61306433386539622d306163392d313165662d38, 'เซนต์เฮเลนา', 'Saint Helena Ascension and Tristan da Cunha', 'SH', 1, NULL, '2024-05-05 17:24:17'),
(61, 0x61306433636333342d306163392d313165662d38, 'เซเนกัล', 'Senegal', 'SN', 1, NULL, '2024-05-05 17:24:17'),
(62, 0x61306434313238342d306163392d313165662d38, 'เซอร์เบีย', 'Serbia', 'RS', 1, NULL, '2024-05-05 17:24:17'),
(63, 0x61306434356332382d306163392d313165662d38, 'เซาตูเมและปรินซีปี', 'Sao Tome and Principe', 'ST', 1, NULL, '2024-05-05 17:24:17'),
(64, 0x61306434393961392d306163392d313165662d38, 'เซียร์ราลีโอน', 'Sierra Leone', 'SL', 1, NULL, '2024-05-05 17:24:17'),
(65, 0x61306434643664622d306163392d313165662d38, 'แซงบาร์เตเลมี', 'Saint Barthélemy', 'BL', 1, NULL, '2024-05-05 17:24:17'),
(66, 0x61306435346161662d306163392d313165662d38, 'แซงปีแยร์และมีเกอลง', 'Saint Pierre and Miquelon', 'PM', 1, NULL, '2024-05-05 17:24:17'),
(67, 0x61306435383465322d306163392d313165662d38, 'แซงมาร์แตง', 'Saint Martin', 'MF', 1, NULL, '2024-05-05 17:24:17'),
(68, 0x61306435633238302d306163392d313165662d38, 'แซมเบีย', 'Zambia', 'ZM', 1, NULL, '2024-05-05 17:24:17'),
(69, 0x61306435666238342d306163392d313165662d38, 'โซมาเลีย', 'Somalia', 'SO', 1, NULL, '2024-05-05 17:24:17'),
(70, 0x61306436333763612d306163392d313165662d38, 'ไซปรัส', 'Cyprus', 'CY', 1, NULL, '2024-05-05 17:24:17'),
(71, 0x61306436373137632d306163392d313165662d38, 'ญี่ปุ่น', 'Japan', 'JP', 1, NULL, '2024-05-05 17:24:17'),
(72, 0x61306436616665622d306163392d313165662d38, 'ดอมินีกา', 'Dominica', 'DM', 1, NULL, '2024-05-05 17:24:17'),
(73, 0x61306436653838612d306163392d313165662d38, 'เดนมาร์ก', 'Denmark', 'DK', 1, NULL, '2024-05-05 17:24:17'),
(74, 0x61306437323535352d306163392d313165662d38, 'ตรินิแดดและโตเบโก', 'Trinidad and Tobago', 'TT', 1, NULL, '2024-05-05 17:24:17'),
(75, 0x61306437363134312d306163392d313165662d38, 'ตองงา', 'Tonga', 'TO', 1, NULL, '2024-05-05 17:24:17'),
(76, 0x61306437613238332d306163392d313165662d38, 'ติมอร์-เลสเต', 'Timor-Leste', 'TL', 1, NULL, '2024-05-05 17:24:17'),
(77, 0x61306437646366332d306163392d313165662d38, 'ตุรกี', 'Turkey', 'TR', 1, NULL, '2024-05-05 17:24:17'),
(78, 0x61306438316236612d306163392d313165662d38, 'ตูนิเซีย', 'Tunisia', 'TN', 1, NULL, '2024-05-05 17:24:17'),
(79, 0x61306438386439342d306163392d313165662d38, 'ตูวาลู', 'Tuvalu', 'TV', 1, NULL, '2024-05-05 17:24:17'),
(80, 0x61306438633363632d306163392d313165662d38, 'เติร์กเมนิสถาน', 'Turkmenistan', 'TM', 1, NULL, '2024-05-05 17:24:17'),
(81, 0x61306439303461642d306163392d313165662d38, 'โตโก', 'Togo', 'TG', 1, NULL, '2024-05-05 17:24:17'),
(82, 0x61306439336661392d306163392d313165662d38, 'ไต้หวัน', 'Taiwan', 'TW', 1, NULL, '2024-05-05 17:24:17'),
(83, 0x61306439373937332d306163392d313165662d38, 'ทาจิกิสถาน', 'Tajikistan', 'TJ', 1, NULL, '2024-05-05 17:24:17'),
(84, 0x61306439616631322d306163392d313165662d38, 'แทนซาเนีย', 'Tanzania', 'TZ', 1, NULL, '2024-05-05 17:24:17'),
(85, 0x61306439653863312d306163392d313165662d38, 'โทเคอเลา', 'Tokelau', 'TK', 1, NULL, '2024-05-05 17:24:17'),
(86, 0x61306461326364382d306163392d313165662d38, 'ไทย', 'Thailand', 'TH', 1, NULL, '2024-05-05 17:24:17'),
(87, 0x61306461373937362d306163392d313165662d38, 'นครรัฐวาติกัน', 'Vatican City State', 'VA', 1, NULL, '2024-05-05 17:24:17'),
(88, 0x61306461623264332d306163392d313165662d38, 'นอร์เวย์', 'Norway', 'NO', 1, NULL, '2024-05-05 17:24:17'),
(89, 0x61306461663038652d306163392d313165662d38, 'นามิเบีย', 'Namibia', 'NA', 1, NULL, '2024-05-05 17:24:17'),
(90, 0x61306462323932392d306163392d313165662d38, 'นาอูรู', 'Nauru', 'NR', 1, NULL, '2024-05-05 17:24:17'),
(91, 0x61306462356430392d306163392d313165662d38, 'นิการากัว', 'Nicaragua', 'NI', 1, NULL, '2024-05-05 17:24:17'),
(92, 0x61306462636239302d306163392d313165662d38, 'นิวแคลิโดเนีย', 'New Caledonia', 'NC', 1, NULL, '2024-05-05 17:24:17'),
(93, 0x61306463306432392d306163392d313165662d38, 'นิวซีแลนด์', 'New Zealand', 'NZ', 1, NULL, '2024-05-05 17:24:17'),
(94, 0x61306463346261382d306163392d313165662d38, 'นีวเว', 'Niue', 'NU', 1, NULL, '2024-05-05 17:24:17'),
(95, 0x61306463386139652d306163392d313165662d38, 'เนเธอร์แลนด์', 'Netherlands', 'NL', 1, NULL, '2024-05-05 17:24:17'),
(96, 0x61306463633833392d306163392d313165662d38, 'เนปาล', 'Nepal', 'NP', 1, NULL, '2024-05-05 17:24:17'),
(97, 0x61306464303466372d306163392d313165662d38, 'ไนจีเรีย', 'Nigeria', 'NG', 1, NULL, '2024-05-05 17:24:17'),
(98, 0x61306464343161372d306163392d313165662d38, 'ไนเจอร์', 'Niger', 'NE', 1, NULL, '2024-05-05 17:24:17'),
(99, 0x61306464376263372d306163392d313165662d38, 'บราซิล', 'Brazil', 'BR', 1, NULL, '2024-05-05 17:24:17'),
(100, 0x61306464623965312d306163392d313165662d38, 'บริติชอินเดียนโอเชียนเทร์ริทอรี', 'British Indian Ocean Territory', 'IO', 1, NULL, '2024-05-05 17:24:17'),
(101, 0x61306464666137622d306163392d313165662d38, 'บรูไน', 'Brunei Darussalam', 'BN', 1, NULL, '2024-05-05 17:24:17'),
(102, 0x61306465333865362d306163392d313165662d38, 'บอตสวานา', 'Botswana', 'BW', 1, NULL, '2024-05-05 17:24:17'),
(103, 0x61306465373263652d306163392d313165662d38, 'บอสเนียและเฮอร์เซโกวีนา', 'Bosnia and Herzegovina', 'BA', 1, NULL, '2024-05-05 17:24:17'),
(104, 0x61306465616661312d306163392d313165662d38, 'บังกลาเทศ', 'Bangladesh', 'BD', 1, NULL, '2024-05-05 17:24:17'),
(105, 0x61306466323838302d306163392d313165662d38, 'บัลแกเรีย', 'Bulgaria', 'BG', 1, NULL, '2024-05-05 17:24:17'),
(106, 0x61306466363338642d306163392d313165662d38, 'บาร์เบโดส', 'Barbados', 'BB', 1, NULL, '2024-05-05 17:24:17'),
(107, 0x61306466396639372d306163392d313165662d38, 'บาห์เรน', 'Bahrain', 'BH', 1, NULL, '2024-05-05 17:24:17'),
(108, 0x61306466646337352d306163392d313165662d38, 'บาฮามาส', 'Bahamas', 'BS', 1, NULL, '2024-05-05 17:24:17'),
(109, 0x61306530313663392d306163392d313165662d38, 'บุรุนดี', 'Burundi', 'BI', 1, NULL, '2024-05-05 17:24:17'),
(110, 0x61306530353433372d306163392d313165662d38, 'บูร์กินาฟาโซ', 'Burkina Faso', 'BF', 1, NULL, '2024-05-05 17:24:17'),
(111, 0x61306530386634642d306163392d313165662d38, 'เบนิน', 'Benin', 'BJ', 1, NULL, '2024-05-05 17:24:17'),
(112, 0x61306530643066392d306163392d313165662d38, 'เบลเยียม', 'Belgium', 'BE', 1, NULL, '2024-05-05 17:24:17'),
(113, 0x61306531306462622d306163392d313165662d38, 'เบลารุส', 'Belarus', 'BY', 1, NULL, '2024-05-05 17:24:17'),
(114, 0x61306531353035372d306163392d313165662d38, 'เบลีซ', 'Belize', 'BZ', 1, NULL, '2024-05-05 17:24:17'),
(115, 0x61306531383966342d306163392d313165662d38, 'เบอร์มิวดา', 'Bermuda', 'BM', 1, NULL, '2024-05-05 17:24:17'),
(116, 0x61306531633165362d306163392d313165662d38, 'โบลิเวีย', 'Bolivia', 'BO', 1, NULL, '2024-05-05 17:24:17'),
(117, 0x61306532303164662d306163392d313165662d38, 'ปวยร์โตรีโก', 'Puerto Rico', 'PR', 1, NULL, '2024-05-05 17:24:17'),
(118, 0x61306532373232322d306163392d313165662d38, 'ปากีสถาน', 'Pakistan', 'PK', 1, NULL, '2024-05-05 17:24:17'),
(119, 0x61306532613931612d306163392d313165662d38, 'ปานามา', 'Panama', 'PA', 1, NULL, '2024-05-05 17:24:17'),
(120, 0x61306532653630332d306163392d313165662d38, 'ปาปัวนิวกินี', 'Papua New Guinea', 'PG', 1, NULL, '2024-05-05 17:24:17'),
(121, 0x61306533326565612d306163392d313165662d38, 'ปารากวัย', 'Paraguay', 'PY', 1, NULL, '2024-05-05 17:24:17'),
(122, 0x61306533366630662d306163392d313165662d38, 'ปาเลสไตน์', 'Palestine', 'PS', 1, NULL, '2024-05-05 17:24:17'),
(123, 0x61306533616431322d306163392d313165662d38, 'ปาเลา', 'Palau', 'PW', 1, NULL, '2024-05-05 17:24:17'),
(124, 0x61306533653534352d306163392d313165662d38, 'เปรู', 'Peru', 'PE', 1, NULL, '2024-05-05 17:24:17'),
(125, 0x61306534323336312d306163392d313165662d38, 'โปรตุเกส', 'Portugal', 'PT', 1, NULL, '2024-05-05 17:24:17'),
(126, 0x61306534363063332d306163392d313165662d38, 'โปแลนด์', 'Poland', 'PL', 1, NULL, '2024-05-05 17:24:17'),
(127, 0x61306534613062342d306163392d313165662d38, 'ฝรั่งเศส', 'France', 'FR', 1, NULL, '2024-05-05 17:24:17'),
(128, 0x61306534646663332d306163392d313165662d38, 'พม่า', 'Myanmar', 'MM', 1, NULL, '2024-05-05 17:24:17'),
(129, 0x61306535313761302d306163392d313165662d38, 'ฟินแลนด์', 'Finland', 'FI', 1, NULL, '2024-05-05 17:24:17'),
(130, 0x61306535353163632d306163392d313165662d38, 'ฟิลิปปินส์', 'Philippines', 'PH', 1, NULL, '2024-05-05 17:24:17'),
(131, 0x61306535383935632d306163392d313165662d38, 'ฟีจี', 'Fiji', 'FJ', 1, NULL, '2024-05-05 17:24:17'),
(132, 0x61306535663164392d306163392d313165662d38, 'เฟรนช์เกียนา', 'French Guiana', 'GF', 1, NULL, '2024-05-05 17:24:17'),
(133, 0x61306536326138312d306163392d313165662d38, 'เฟรนช์เซาเทิร์นและแอนตาร์กติกแลนดส์', 'French Southern Territories', 'TF', 1, NULL, '2024-05-05 17:24:17'),
(134, 0x61306536363031632d306163392d313165662d38, 'เฟรนช์พอลินีเชีย', 'French Polynesia', 'PF', 1, NULL, '2024-05-05 17:24:17'),
(135, 0x61306536393234392d306163392d313165662d38, 'ภูฏาน', 'Bhutan', 'BT', 1, NULL, '2024-05-05 17:24:17'),
(136, 0x61306536633832392d306163392d313165662d38, 'มองโกเลีย', 'Mongolia', 'MN', 1, NULL, '2024-05-05 17:24:17'),
(137, 0x61306536666631382d306163392d313165662d38, 'มอนต์เซอร์รัต', 'Montserrat', 'MS', 1, NULL, '2024-05-05 17:24:17'),
(138, 0x61306537333433642d306163392d313165662d38, 'มอนเตเนโกร', 'Montenegro', 'ME', 1, NULL, '2024-05-05 17:24:17'),
(139, 0x61306537366265322d306163392d313165662d38, 'มอริเชียส', 'Mauritius', 'MU', 1, NULL, '2024-05-05 17:24:17'),
(140, 0x61306537613236372d306163392d313165662d38, 'มอริเตเนีย', 'Mauritania', 'MR', 1, NULL, '2024-05-05 17:24:17'),
(141, 0x61306537646163332d306163392d313165662d38, 'มอลโดวา', 'Moldova', 'MD', 1, NULL, '2024-05-05 17:24:17'),
(142, 0x61306538313233642d306163392d313165662d38, 'มอลตา', 'Malta', 'MT', 1, NULL, '2024-05-05 17:24:17'),
(143, 0x61306538346261382d306163392d313165662d38, 'มัลดีฟส์', 'Maldives', 'MV', 1, NULL, '2024-05-05 17:24:17'),
(144, 0x61306538383264642d306163392d313165662d38, 'มาเก๊า', 'Macao', 'MO', 1, NULL, '2024-05-05 17:24:17'),
(145, 0x61306538623862372d306163392d313165662d38, 'นอร์ทมาซิโดเนีย', 'North Macedonia', 'MK', 1, NULL, '2024-05-05 17:24:17'),
(146, 0x61306538663331342d306163392d313165662d38, 'มาดากัสการ์', 'Madagascar', 'MG', 1, NULL, '2024-05-05 17:24:17'),
(147, 0x61306539326333612d306163392d313165662d38, 'มายอต', 'Mayotte', 'YT', 1, NULL, '2024-05-05 17:24:17'),
(148, 0x61306539363233392d306163392d313165662d38, 'มาร์ตีนิก', 'Martinique', 'MQ', 1, NULL, '2024-05-05 17:24:17'),
(149, 0x61306539393632352d306163392d313165662d38, 'มาลาวี', 'Malawi', 'MW', 1, NULL, '2024-05-05 17:24:17'),
(150, 0x61306539636465312d306163392d313165662d38, 'มาลี', 'Mali', 'ML', 1, NULL, '2024-05-05 17:24:17'),
(151, 0x61306561303337302d306163392d313165662d38, 'มาเลเซีย', 'Malaysia', 'MY', 1, NULL, '2024-05-05 17:24:17'),
(152, 0x61306561373232642d306163392d313165662d38, 'เม็กซิโก', 'Mexico', 'MX', 1, NULL, '2024-05-05 17:24:17'),
(153, 0x61306561616637382d306163392d313165662d38, 'โมซัมบิก', 'Mozambique', 'MZ', 1, NULL, '2024-05-05 17:24:17'),
(154, 0x61306561663136372d306163392d313165662d38, 'โมนาโก', 'Monaco', 'MC', 1, NULL, '2024-05-05 17:24:17'),
(155, 0x61306562333138382d306163392d313165662d38, 'โมร็อกโก', 'Morocco', 'MA', 1, NULL, '2024-05-05 17:24:17'),
(156, 0x61306562363963612d306163392d313165662d38, 'ไมโครนีเซีย', 'Micronesia', 'FM', 1, NULL, '2024-05-05 17:24:17'),
(157, 0x61306562613062302d306163392d313165662d38, 'ยิบรอลตาร์', 'Gibraltar', 'GI', 1, NULL, '2024-05-05 17:24:17'),
(158, 0x61306562646537662d306163392d313165662d38, 'ยูกันดา', 'Uganda', 'UG', 1, NULL, '2024-05-05 17:24:17'),
(159, 0x61306563313932392d306163392d313165662d38, 'ยูเครน', 'Ukraine', 'UA', 1, NULL, '2024-05-05 17:24:17'),
(160, 0x61306563353064662d306163392d313165662d38, 'เยเมน', 'Yemen', 'YE', 1, NULL, '2024-05-05 17:24:17'),
(161, 0x61306563386635352d306163392d313165662d38, 'เยอรมนี', 'Germany', 'DE', 1, NULL, '2024-05-05 17:24:17'),
(162, 0x61306564363038612d306163392d313165662d38, 'รวันดา', 'Rwanda', 'RW', 1, NULL, '2024-05-05 17:24:17'),
(163, 0x61306564643832312d306163392d313165662d38, 'รัสเซีย', 'Russian Federation', 'RU', 1, NULL, '2024-05-05 17:24:17'),
(164, 0x61306565313330382d306163392d313165662d38, 'เรอูว์นียง', 'Réunion', 'RE', 1, NULL, '2024-05-05 17:24:17'),
(165, 0x61306565346135322d306163392d313165662d38, 'โรมาเนีย', 'Romania', 'RO', 1, NULL, '2024-05-05 17:24:17'),
(166, 0x61306565383433372d306163392d313165662d38, 'ลักเซมเบิร์ก', 'Luxembourg', 'LU', 1, NULL, '2024-05-05 17:24:17'),
(167, 0x61306565626130372d306163392d313165662d38, 'ลัตเวีย', 'Latvia', 'LV', 1, NULL, '2024-05-05 17:24:17'),
(168, 0x61306565663037642d306163392d313165662d38, 'ลาว', 'Laos', 'LA', 1, NULL, '2024-05-05 17:24:17'),
(169, 0x61306566323461632d306163392d313165662d38, 'ลิกเตนสไตน์', 'Liechtenstein', 'LI', 1, NULL, '2024-05-05 17:24:17'),
(170, 0x61306566356132662d306163392d313165662d38, 'ลิทัวเนีย', 'Lithuania', 'LT', 1, NULL, '2024-05-05 17:24:17'),
(171, 0x61306566393634322d306163392d313165662d38, 'ลิเบีย', 'Libya', 'LY', 1, NULL, '2024-05-05 17:24:17'),
(172, 0x61306566633933332d306163392d313165662d38, 'เลโซโท', 'Lesotho', 'LS', 1, NULL, '2024-05-05 17:24:17'),
(173, 0x61306630303632622d306163392d313165662d38, 'เลบานอน', 'Lebanon', 'LB', 1, NULL, '2024-05-05 17:24:17'),
(174, 0x61306630343039332d306163392d313165662d38, 'ไลบีเรีย', 'Liberia', 'LR', 1, NULL, '2024-05-05 17:24:17'),
(175, 0x61306630373865632d306163392d313165662d38, 'วานูวาตู', 'Vanuatu', 'VU', 1, NULL, '2024-05-05 17:24:17'),
(176, 0x61306630616337392d306163392d313165662d38, 'วาลิสและฟูตูนา', 'Wallis and Futuna', 'WF', 1, NULL, '2024-05-05 17:24:17'),
(177, 0x61306630653764352d306163392d313165662d38, 'เวเนซุเอลา', 'Venezuela', 'VE', 1, NULL, '2024-05-05 17:24:17'),
(178, 0x61306631316532352d306163392d313165662d38, 'เวียดนาม', 'Vietnam', 'VN', 1, NULL, '2024-05-05 17:24:17'),
(179, 0x61306631353463632d306163392d313165662d38, 'ศรีลังกา', 'Sri Lanka', 'LK', 1, NULL, '2024-05-05 17:24:17'),
(180, 0x61306631386232612d306163392d313165662d38, 'สเปน', 'Spain', 'ES', 1, NULL, '2024-05-05 17:24:17'),
(181, 0x61306631626436312d306163392d313165662d38, 'สโลวาเกีย', 'Slovakia', 'SK', 1, NULL, '2024-05-05 17:24:17'),
(182, 0x61306631663063302d306163392d313165662d38, 'สโลวีเนีย', 'Slovenia', 'SI', 1, NULL, '2024-05-05 17:24:17'),
(183, 0x61306632346632392d306163392d313165662d38, 'สวาซิแลนด์', 'Swaziland', 'SZ', 1, NULL, '2024-05-05 17:24:17'),
(184, 0x61306632383665632d306163392d313165662d38, 'สวิตเซอร์แลนด์', 'Switzerland', 'CH', 1, NULL, '2024-05-05 17:24:17'),
(185, 0x61306632633034312d306163392d313165662d38, 'สวีเดน', 'Sweden', 'SE', 1, NULL, '2024-05-05 17:24:17'),
(186, 0x61306632663761612d306163392d313165662d38, 'สหรัฐ', 'United States of America', 'US', 1, NULL, '2024-05-05 17:24:17'),
(187, 0x61306633326432362d306163392d313165662d38, 'สหรัฐอาหรับเอมิเรตส์', 'United Arab Emirates', 'AE', 1, NULL, '2024-05-05 17:24:17'),
(188, 0x61306633376666362d306163392d313165662d38, 'สหราชอาณาจักร', 'United Kingdom of Great Britain and Northern Ireland', 'GB', 1, NULL, '2024-05-05 17:24:17'),
(189, 0x61306633623139612d306163392d313165662d38, 'สาธารณรัฐคองโก', 'Republic of the Congo', 'CG', 1, NULL, '2024-05-05 17:24:17'),
(190, 0x61306633653734642d306163392d313165662d38, 'สาธารณรัฐโดมินิกัน', 'Dominican Republic', 'DO', 1, NULL, '2024-05-05 17:24:17'),
(191, 0x61306634316333622d306163392d313165662d38, 'สาธารณรัฐประชาธิปไตยคองโก', 'Democratic Republic of the Congo', 'CD', 1, NULL, '2024-05-05 17:24:17'),
(192, 0x61306634353138352d306163392d313165662d38, 'สาธารณรัฐแอฟริกากลาง', 'Central African Republic', 'CF', 1, NULL, '2024-05-05 17:24:17'),
(193, 0x61306634383631392d306163392d313165662d38, 'สิงคโปร์', 'Singapore', 'SG', 1, NULL, '2024-05-05 17:24:17'),
(194, 0x61306634623765382d306163392d313165662d38, 'หมู่เกาะคุก', 'Cook Islands', 'CK', 1, NULL, '2024-05-05 17:24:17'),
(195, 0x61306634663163612d306163392d313165662d38, 'หมู่เกาะเคย์แมน', 'Cayman Islands', 'KY', 1, NULL, '2024-05-05 17:24:17'),
(196, 0x61306635326639302d306163392d313165662d38, 'หมู่เกาะโคโคส', 'Cocos (Keeling) Islands', 'CC', 1, NULL, '2024-05-05 17:24:17'),
(197, 0x61306635373035372d306163392d313165662d38, 'หมู่เกาะโซโลมอน', 'Solomon Islands', 'SB', 1, NULL, '2024-05-05 17:24:17'),
(198, 0x61306635616136322d306163392d313165662d38, 'หมู่เกาะเติกส์และเคคอส', 'Turks and Caicos Islands', 'TC', 1, NULL, '2024-05-05 17:24:17'),
(199, 0x61306635653466322d306163392d313165662d38, 'หมู่เกาะนอร์เทิร์นมาเรียนา', 'Northern Mariana Islands', 'MP', 1, NULL, '2024-05-05 17:24:17'),
(200, 0x61306636316465642d306163392d313165662d38, 'หมู่เกาะบริติชเวอร์จิน', 'British Virgin Islands', 'VG', 1, NULL, '2024-05-05 17:24:17'),
(201, 0x61306636386232362d306163392d313165662d38, 'หมู่เกาะพิตแคร์น', 'Pitcairn', 'PN', 1, NULL, '2024-05-05 17:24:17'),
(202, 0x61306636633438362d306163392d313165662d38, 'หมู่เกาะฟอล์กแลนด์', 'Falkland Islands', 'FK', 1, NULL, '2024-05-05 17:24:17'),
(203, 0x61306636666637342d306163392d313165662d38, 'หมู่เกาะแฟโร', 'Faroe Islands', 'FO', 1, NULL, '2024-05-05 17:24:17'),
(204, 0x61306637333830372d306163392d313165662d38, 'หมู่เกาะมาร์แชลล์', 'Marshall Islands', 'MH', 1, NULL, '2024-05-05 17:24:17'),
(205, 0x61306637366334332d306163392d313165662d38, 'หมู่เกาะเวอร์จินของสหรัฐอเมริกา', 'United States Virgin Islands', 'VI', 1, NULL, '2024-05-05 17:24:17'),
(206, 0x61306637616138352d306163392d313165662d38, 'หมู่เกาะโอลันด์', 'Åland Islands', 'AX', 1, NULL, '2024-05-05 17:24:17'),
(207, 0x61306637653134642d306163392d313165662d38, 'อเมริกันซามัว', 'American Samoa', 'AS', 1, NULL, '2024-05-05 17:24:17'),
(208, 0x61306638313837662d306163392d313165662d38, 'ออสเตรเลีย', 'Australia', 'AU', 1, NULL, '2024-05-05 17:24:17'),
(209, 0x61306638343962312d306163392d313165662d38, 'ออสเตรีย', 'Austria', 'AT', 1, NULL, '2024-05-05 17:24:17'),
(210, 0x61306638383632312d306163392d313165662d38, 'อันดอร์รา', 'Andorra', 'AD', 1, NULL, '2024-05-05 17:24:17'),
(211, 0x61306638633535622d306163392d313165662d38, 'อัฟกานิสถาน', 'Afghanistan', 'AF', 1, NULL, '2024-05-05 17:24:17'),
(212, 0x61306638666139342d306163392d313165662d38, 'อาเซอร์ไบจาน', 'Azerbaijan', 'AZ', 1, NULL, '2024-05-05 17:24:17'),
(213, 0x61306639333532622d306163392d313165662d38, 'อาร์เจนตินา', 'Argentina', 'AR', 1, NULL, '2024-05-05 17:24:17'),
(214, 0x61306639373030392d306163392d313165662d38, 'อาร์มีเนีย', 'Armenia', 'AM', 1, NULL, '2024-05-05 17:24:17'),
(215, 0x61306639613663312d306163392d313165662d38, 'อารูบา', 'Aruba', 'AW', 1, NULL, '2024-05-05 17:24:17'),
(216, 0x61306639653161322d306163392d313165662d38, 'อิเควทอเรียลกินี', 'Equatorial Guinea', 'GQ', 1, NULL, '2024-05-05 17:24:17'),
(217, 0x61306661323035612d306163392d313165662d38, 'อิตาลี', 'Italy', 'IT', 1, NULL, '2024-05-05 17:24:17'),
(218, 0x61306661353763392d306163392d313165662d38, 'อินเดีย', 'India', 'IN', 1, NULL, '2024-05-05 17:24:17'),
(219, 0x61306661626464642d306163392d313165662d38, 'อินโดนีเซีย', 'Indonesia', 'ID', 1, NULL, '2024-05-05 17:24:17'),
(220, 0x61306661663139652d306163392d313165662d38, 'อิรัก', 'Iraq', 'IQ', 1, NULL, '2024-05-05 17:24:17'),
(221, 0x61306662323561352d306163392d313165662d38, 'อิสราเอล', 'Israel', 'IL', 1, NULL, '2024-05-05 17:24:17'),
(222, 0x61306662356565342d306163392d313165662d38, 'อิหร่าน', 'Iran', 'IR', 1, NULL, '2024-05-05 17:24:17'),
(223, 0x61306662393331662d306163392d313165662d38, 'อียิปต์', 'Egypt', 'EG', 1, NULL, '2024-05-05 17:24:17'),
(224, 0x61306662633631342d306163392d313165662d38, 'อุซเบกิสถาน', 'Uzbekistan', 'UZ', 1, NULL, '2024-05-05 17:24:17'),
(225, 0x61306662663639312d306163392d313165662d38, 'อุรุกวัย', 'Uruguay', 'UY', 1, NULL, '2024-05-05 17:24:17'),
(226, 0x61306663323965352d306163392d313165662d38, 'เอกวาดอร์', 'Ecuador', 'EC', 1, NULL, '2024-05-05 17:24:17'),
(227, 0x61306663363562352d306163392d313165662d38, 'เอธิโอเปีย', 'Ethiopia', 'ET', 1, NULL, '2024-05-05 17:24:17'),
(228, 0x61306663396561302d306163392d313165662d38, 'เอริเทรีย', 'Eritrea', 'ER', 1, NULL, '2024-05-05 17:24:17'),
(229, 0x61306663653066302d306163392d313165662d38, 'เอลซัลวาดอร์', 'El Salvador', 'SV', 1, NULL, '2024-05-05 17:24:17'),
(230, 0x61306664316334362d306163392d313165662d38, 'เอสโตเนีย', 'Estonia', 'EE', 1, NULL, '2024-05-05 17:24:17'),
(231, 0x61306664353335382d306163392d313165662d38, 'แองกวิลลา', 'Anguilla', 'AI', 1, NULL, '2024-05-05 17:24:17'),
(232, 0x61306664386131382d306163392d313165662d38, 'แองโกลา', 'Angola', 'AO', 1, NULL, '2024-05-05 17:24:17'),
(233, 0x61306664633134372d306163392d313165662d38, 'แอนตาร์กติกา', 'Antarctica', 'AQ', 1, NULL, '2024-05-05 17:24:17'),
(234, 0x61306665303363362d306163392d313165662d38, 'แอนติกาและบาร์บูดา', 'Antigua and Barbuda', 'AG', 1, NULL, '2024-05-05 17:24:17'),
(235, 0x61306665353433352d306163392d313165662d38, 'แอฟริกาใต้', 'South Africa', 'ZA', 1, NULL, '2024-05-05 17:24:17'),
(236, 0x61306665613136392d306163392d313165662d38, 'แอลจีเรีย', 'Algeria', 'DZ', 1, NULL, '2024-05-05 17:24:17'),
(237, 0x61306666336134662d306163392d313165662d38, 'แอลเบเนีย', 'Albania', 'AL', 1, NULL, '2024-05-05 17:24:17'),
(238, 0x61306666616139312d306163392d313165662d38, 'โอมาน', 'Oman', 'OM', 1, NULL, '2024-05-05 17:24:17'),
(239, 0x61306666656234382d306163392d313165662d38, 'ไอซ์แลนด์', 'Iceland', 'IS', 1, NULL, '2024-05-05 17:24:17'),
(240, 0x61313030333337632d306163392d313165662d38, 'ไอร์แลนด์', 'Ireland', 'IE', 1, NULL, '2024-05-05 17:24:17'),
(241, 0x61313030376563352d306163392d313165662d38, 'ไอล์ออฟแมน', 'Isle of Man', 'IM', 1, NULL, '2024-05-05 17:24:17'),
(242, 0x61313030633138642d306163392d313165662d38, 'ฮ่องกง', 'Hong Kong', 'HK', 1, NULL, '2024-05-05 17:24:17'),
(243, 0x61313031303438312d306163392d313165662d38, 'ฮอนดูรัส', 'Honduras', 'HN', 1, NULL, '2024-05-05 17:24:17'),
(244, 0x61313031343165352d306163392d313165662d38, 'ฮังการี', 'Hungary', 'HU', 1, NULL, '2024-05-05 17:24:17'),
(245, 0x61313031376232662d306163392d313165662d38, 'เฮติ', 'Haiti', 'HT', 1, NULL, '2024-05-05 17:24:17'),
(246, 0x61313031623930352d306163392d313165662d38, 'ซินต์มาร์เติน', 'Sint Maarten', 'SX', 1, NULL, '2024-05-05 17:24:17'),
(247, 0x61313031663834312d306163392d313165662d38, 'เนเธอร์แลนด์แคริบเบียน', 'Bonaire, Sint Eustatius and Saba', 'BQ', 1, NULL, '2024-05-05 17:24:17'),
(248, 0x61313032333431362d306163392d313165662d38, 'สฟาลบาร์และยานไมเอน', 'Svalbard and Jan Mayen', 'SJ', 1, NULL, '2024-05-05 17:24:17');

-- --------------------------------------------------------

--
-- Table structure for table `customer`
--

CREATE TABLE `customer` (
  `id` int(11) NOT NULL,
  `uuid` binary(20) NOT NULL,
  `name` varchar(200) NOT NULL,
  `email` varchar(100) DEFAULT NULL,
  `country` int(11) NOT NULL,
  `status` int(1) NOT NULL DEFAULT 1,
  `updated` datetime DEFAULT NULL,
  `created` datetime NOT NULL DEFAULT current_timestamp()
) ENGINE=InnoDB DEFAULT CHARSET=utf8mb4 COLLATE=utf8mb4_general_ci;

--
-- Dumping data for table `customer`
--

INSERT INTO `customer` (`id`, `uuid`, `name`, `email`, `country`, `status`, `updated`, `created`) VALUES
(1, 0x39663531386438662d306332312d313165662d38, 'Bramantyo Wikantyoso', '', 219, 1, NULL, '2024-05-07 10:26:41'),
(2, 0x39663531653339342d306332312d313165662d38, 'Chow-Yang Lee', '', 186, 1, NULL, '2024-05-07 10:26:41'),
(3, 0x39663532356430302d306332312d313165662d38, 'Catherine Malveda-Baisas', '', 130, 1, NULL, '2024-05-07 10:26:41'),
(4, 0x39663532613137352d306332312d313165662d38, 'Chris Daeyun Kim', '', 86, 1, NULL, '2024-05-07 10:26:41'),
(5, 0x39663532656132622d306332312d313165662d38, 'Christina Liew', '', 193, 1, NULL, '2024-05-07 10:26:41'),
(6, 0x39663533353638372d306332312d313165662d38, 'Chun-I Chiu', '', 86, 1, NULL, '2024-05-07 10:26:41'),
(7, 0x39663534313464382d306332312d313165662d38, 'Decha Wiwatwittaya', '', 86, 1, NULL, '2024-05-07 10:26:41'),
(8, 0x39663534363234642d306332312d313165662d38, 'Faith Oi', '', 186, 1, NULL, '2024-05-07 10:26:41'),
(9, 0x39663534613866342d306332312d313165662d38, 'Harlan Bengardi', '', 219, 1, NULL, '2024-05-07 10:26:41'),
(10, 0x39663535313638352d306332312d313165662d38, 'Indra Vythilingam', '', 218, 1, NULL, '2024-05-07 10:26:41'),
(11, 0x39663535356239392d306332312d313165662d38, 'Intan Ahmad', '', 219, 1, NULL, '2024-05-07 10:26:41'),
(12, 0x39663535613135312d306332312d313165662d38, 'Kok-Boon Neoh', '', 82, 1, NULL, '2024-05-07 10:26:41'),
(13, 0x39663535653434392d306332312d313165662d38, 'Menandro Acda', '', 130, 1, NULL, '2024-05-07 10:26:41'),
(14, 0x39663536353738662d306332312d313165662d38, 'Neena Singla', '', 218, 1, NULL, '2024-05-07 10:26:41'),
(15, 0x39663536396461392d306332312d313165662d38, 'Partho Dhang', '', 130, 1, NULL, '2024-05-07 10:26:41'),
(16, 0x39663536653162372d306332312d313165662d38, 'Rungarun Tisgratog', '', 86, 1, NULL, '2024-05-07 10:26:41'),
(17, 0x39663537323364382d306332312d313165662d38, 'Scotty Yang', '', 71, 1, NULL, '2024-05-07 10:26:41'),
(18, 0x39663537393338302d306332312d313165662d38, 'S Khoirul Himmi', '', 219, 1, NULL, '2024-05-07 10:26:41'),
(19, 0x39663537643935382d306332312d313165662d38, 'S Sivakumar', '', 218, 1, NULL, '2024-05-07 10:26:41'),
(20, 0x39663538323135322d306332312d313165662d38, 'Theeraphap Chareonviriyaphap', '', 86, 1, NULL, '2024-05-07 10:26:41'),
(21, 0x39663538633931652d306332312d313165662d38, 'Tony Poulsen', '', 193, 1, NULL, '2024-05-07 10:26:41'),
(22, 0x39663539336266372d306332312d313165662d38, 'Albert Lee', '', 193, 1, NULL, '2024-05-07 10:26:41'),
(23, 0x39663539393032382d306332312d313165662d38, 'Drajat Nugraha', '', 219, 1, NULL, '2024-05-07 10:26:41'),
(24, 0x39663561303235332d306332312d313165662d38, 'Hemang Prakash', '', 218, 1, NULL, '2024-05-07 10:26:41'),
(25, 0x39663561343762662d306332312d313165662d38, 'Liwayway Clemente-Cordel', '', 130, 1, NULL, '2024-05-07 10:26:41'),
(26, 0x39663561386432632d306332312d313165662d38, 'Raymond Lee', '', 151, 1, NULL, '2024-05-07 10:26:41'),
(27, 0x39663561643164352d306332312d313165662d38, 'Selvarajan Muthiah', '', 151, 1, NULL, '2024-05-07 10:26:41'),
(28, 0x39663562343739312d306332312d313165662d38, 'Sathes Raamachandran', '', 118, 1, NULL, '2024-05-07 10:26:41'),
(29, 0x39663562613462362d306332312d313165662d38, 'Daniel Devan', 'devan_daniel@yahoo.com.my', 151, 1, NULL, '2024-05-07 10:26:41'),
(30, 0x39663562663264632d306332312d313165662d38, 'Intan Noorafniza', 'iafniza@gmail.com', 151, 1, NULL, '2024-05-07 10:26:41'),
(31, 0x39663563333863642d306332312d313165662d38, 'Wan Mohd Yusri', 'wmyusri@gmail.com', 151, 1, NULL, '2024-05-07 10:26:41'),
(32, 0x39663563613834642d306332312d313165662d38, 'Juan Emilio', 'jeffersonsotto@cctchemicals.net', 130, 1, NULL, '2024-05-07 10:26:41'),
(33, 0x39663563656465622d306332312d313165662d38, 'Paola Garcia', 'jeffersonsotto@cctchemicals.net', 130, 1, NULL, '2024-05-07 10:26:41'),
(34, 0x39663564333239312d306332312d313165662d38, 'Falcone', 'jeffersonsotto@cctchemicals.net', 130, 1, NULL, '2024-05-07 10:26:41'),
(35, 0x39663564643838622d306332312d313165662d38, 'Joel', 'jeffersonsotto@cctchemicals.net', 130, 1, NULL, '2024-05-07 10:26:41'),
(36, 0x39663565363135662d306332312d313165662d38, 'Margarette Louise', 'nathanaelquinones@cctchemicals.net', 130, 1, NULL, '2024-05-07 10:26:41'),
(37, 0x39663565616237392d306332312d313165662d38, 'Joshua Miguel', 'nathanaelquinones@cctchemicals.net', 130, 1, NULL, '2024-05-07 10:26:41'),
(38, 0x39663565663364352d306332312d313165662d38, 'Jesus', 'nathanaelquinones@cctchemicals.net', 130, 1, NULL, '2024-05-07 10:26:41'),
(39, 0x39663566336137372d306332312d313165662d38, 'Nathanael', 'nathanaelquinones@cctchemicals.net', 130, 1, NULL, '2024-05-07 10:26:41'),
(40, 0x39663566623433622d306332312d313165662d38, 'Sotto', 'jeffersonsotto@cctchemicals.net', 130, 1, NULL, '2024-05-07 10:26:41'),
(41, 0x39663630303236312d306332312d313165662d38, 'Ravi Shanker', 'info@surencooke.com', 179, 1, NULL, '2024-05-07 10:26:41'),
(42, 0x39663630353535662d306332312d313165662d38, 'Rajitha', 'rajitha@surencooke.com', 179, 1, NULL, '2024-05-07 10:26:41'),
(43, 0x39663630613464312d306332312d313165662d38, 'Rao', 'srrao4@gmail.com', 218, 1, NULL, '2024-05-07 10:26:41'),
(44, 0x39663631316433662d306332312d313165662d38, 'Pei Li', 'juhana.ismail@rentokil-initial.com', 101, 1, NULL, '2024-05-07 10:26:41'),
(45, 0x39663631366531392d306332312d313165662d38, 'Waie Kuan', 'carol.lam@rentokil-initial.com', 151, 1, NULL, '2024-05-07 10:26:41'),
(46, 0x39663631623433652d306332312d313165662d38, 'Andrew', 'enquiry@servcare.com.sg', 193, 1, NULL, '2024-05-07 10:26:41'),
(47, 0x39663631666163622d306332312d313165662d38, 'Victor', 'victor@ecospacepest.com.sg', 193, 1, NULL, '2024-05-07 10:26:41'),
(48, 0x39663632393563312d306332312d313165662d38, 'Jianzhong Edmund', 'kershing@cleansolutions.com.sg', 193, 1, NULL, '2024-05-07 10:26:41'),
(49, 0x39663632653031332d306332312d313165662d38, 'Mohammad Azattul', 'juhana.ismail@rentokil-initial.com', 101, 1, NULL, '2024-05-07 10:26:41'),
(50, 0x39663633363061332d306332312d313165662d38, 'Rorifer Torres', 'juhana.ismail@rentokil-initial.com', 101, 1, NULL, '2024-05-07 10:26:41'),
(51, 0x39663633616564662d306332312d313165662d38, 'Khiong', 'juhana.ismail@rentokil-initial.com', 101, 1, NULL, '2024-05-07 10:26:41'),
(52, 0x39663633663932372d306332312d313165662d38, 'Tiama', 'juhana.ismail@rentokil-initial.com', 101, 1, NULL, '2024-05-07 10:26:41'),
(53, 0x39663634343030352d306332312d313165662d38, 'Guruprasada', 'guru@ipest.in', 218, 1, NULL, '2024-05-07 10:26:41'),
(54, 0x39663634623133322d306332312d313165662d38, 'Vasanthraj', 'guru@ipest.in', 218, 1, NULL, '2024-05-07 10:26:41'),
(55, 0x39663634663739342d306332312d313165662d38, 'Vm Prakash', 'kiranpest8@gmail.com', 218, 1, NULL, '2024-05-07 10:26:41'),
(56, 0x39663635343332392d306332312d313165662d38, 'Muniswamaiah', 'kiranpest8@gmail.com', 218, 1, NULL, '2024-05-07 10:26:41'),
(57, 0x39663635393634652d306332312d313165662d38, 'Huei Ying (Nancy)', 'shin@chunghsi.com.tw', 82, 1, NULL, '2024-05-07 10:26:41'),
(58, 0x39663636316637372d306332312d313165662d38, 'Wan Cheng (Allis)', 'shin@chunghsi.com.tw', 82, 1, NULL, '2024-05-07 10:26:41'),
(59, 0x39663636366237392d306332312d313165662d38, 'Tyagi', 'satishtyagijpr@gmail.com', 218, 1, NULL, '2024-05-07 10:26:41'),
(60, 0x39663637303631392d306332312d313165662d38, 'Sharma', 'satishtyagijpr@gmail.com', 218, 1, NULL, '2024-05-07 10:26:41'),
(61, 0x39663637346239642d306332312d313165662d38, 'Ruziyatul Aznieda', 'ruziyatul.aznieda@gmail.com', 151, 1, NULL, '2024-05-07 10:26:41'),
(62, 0x39663637393635612d306332312d313165662d38, 'Nur Amalina', 'ruziyatul.aznieda@gmail.com', 151, 1, NULL, '2024-05-07 10:26:41');

-- --------------------------------------------------------

--
-- Table structure for table `customer_type`
--

CREATE TABLE `customer_type` (
  `id` int(11) NOT NULL,
  `uuid` binary(20) NOT NULL,
  `name` varchar(100) NOT NULL,
  `status` int(1) NOT NULL DEFAULT 1,
  `updated` datetime DEFAULT NULL,
  `created` datetime NOT NULL DEFAULT current_timestamp()
) ENGINE=InnoDB DEFAULT CHARSET=utf8mb4 COLLATE=utf8mb4_general_ci;

--
-- Dumping data for table `customer_type`
--

INSERT INTO `customer_type` (`id`, `uuid`, `name`, `status`, `updated`, `created`) VALUES
(1, 0x33316332633566332d306139612d313165662d38, 'Speaker', 1, NULL, '2024-05-05 11:44:44'),
(2, 0x33373464626663642d306139612d313165662d38, 'Moderator', 1, NULL, '2024-05-05 11:44:54'),
(3, 0x34353735346634342d306139612d313165662d38, 'Customer', 1, NULL, '2024-05-05 11:45:17');

-- --------------------------------------------------------

--
-- Table structure for table `event_item`
--

CREATE TABLE `event_item` (
  `id` int(11) NOT NULL,
  `event_id` int(11) NOT NULL,
  `name` varchar(200) NOT NULL,
  `price` decimal(20,2) NOT NULL,
  `text` text NOT NULL,
  `status` int(1) NOT NULL DEFAULT 1,
  `updated` datetime DEFAULT NULL
) ENGINE=InnoDB DEFAULT CHARSET=utf8mb4 COLLATE=utf8mb4_general_ci;

--
-- Dumping data for table `event_item`
--

INSERT INTO `event_item` (`id`, `event_id`, `name`, `price`, `text`, `status`, `updated`) VALUES
(1, 1, 'Single Member Pack', 250.00, '1 Member : Full registration + Gala Dinner', 1, '2024-05-06 20:58:44'),
(2, 1, 'Single Member with Room Pack', 350.00, '1 Member : Full registration + Gala Dinner + 1 room 2 nights (Double room for 1 member)*', 1, '2024-05-06 20:58:44'),
(3, 1, 'Duo Member with Room Pack', 600.00, '2 Members : 2 Full registrations + 2 Gala Dinner + 1 room 2 nights (Shared Double room for 2 members)*', 1, '2024-05-06 20:58:44'),
(4, 1, 'Single Non-member Pack', 400.00, '1 Non-member : Full registration + Gala Dinne', 1, '2024-05-06 20:58:44');

-- --------------------------------------------------------

--
-- Table structure for table `event_request`
--

CREATE TABLE `event_request` (
  `id` int(11) NOT NULL,
  `uuid` binary(20) NOT NULL,
  `name` varchar(200) NOT NULL,
  `topic` text NOT NULL,
  `date` varchar(100) NOT NULL,
  `start` date NOT NULL,
  `end` date NOT NULL,
  `status` int(1) NOT NULL DEFAULT 1,
  `updated` datetime DEFAULT NULL,
  `created` datetime NOT NULL DEFAULT current_timestamp()
) ENGINE=InnoDB DEFAULT CHARSET=utf8mb4 COLLATE=utf8mb4_general_ci;

--
-- Dumping data for table `event_request`
--

INSERT INTO `event_request` (`id`, `uuid`, `name`, `topic`, `date`, `start`, `end`, `status`, `updated`, `created`) VALUES
(1, 0x35303963636636372d306261372d313165662d61, '[APMA] ASIAN PEST MANAGEMENT ASSOCIATION', '- Future Outlook of Pest Management\r\n- Business Outlook &amp;amp; Innovation\r\n- Termite and General Pest Control Sessions\r\n- Vector Control Situation around Asia\r\n- New Trends in Urban Pest Management', '10/06/2024 - 11/06/2024', '2024-06-10', '2024-06-11', 1, '2024-05-06 20:58:44', '2024-05-06 19:51:11');

-- --------------------------------------------------------

--
-- Table structure for table `login`
--

CREATE TABLE `login` (
  `id` int(11) NOT NULL,
  `uuid` binary(20) DEFAULT NULL,
  `email` varchar(100) NOT NULL,
  `password` varchar(200) NOT NULL,
  `level` int(1) NOT NULL DEFAULT 1,
  `status` int(1) NOT NULL DEFAULT 1,
  `updated` datetime DEFAULT NULL,
  `created` datetime NOT NULL DEFAULT current_timestamp()
) ENGINE=InnoDB DEFAULT CHARSET=utf8mb4 COLLATE=utf8mb4_general_ci;

--
-- Dumping data for table `login`
--

INSERT INTO `login` (`id`, `uuid`, `email`, `password`, `level`, `status`, `updated`, `created`) VALUES
(1, 0x30323133653763342d383961612d313165652d62, 'admin@test.com', '$2y$10$zgN7Tu3Yxcj/w0KCbhEBy.5EuYiJRPaDMd50CJ4L0D5a7pcVh/dgC', 9, 1, '2024-04-30 13:58:31', '2023-11-23 09:42:54');

-- --------------------------------------------------------

--
-- Table structure for table `registration_item`
--

CREATE TABLE `registration_item` (
  `id` int(11) NOT NULL,
  `registration_id` int(11) NOT NULL,
  `customer_id` int(11) NOT NULL,
  `status` int(1) NOT NULL DEFAULT 1,
  `updated` datetime DEFAULT NULL
) ENGINE=InnoDB DEFAULT CHARSET=utf8mb4 COLLATE=utf8mb4_general_ci;

--
-- Dumping data for table `registration_item`
--

INSERT INTO `registration_item` (`id`, `registration_id`, `customer_id`, `status`, `updated`) VALUES
(1, 1, 1, 1, NULL),
(2, 1, 2, 1, NULL),
(3, 1, 3, 1, NULL),
(4, 1, 4, 1, NULL),
(5, 1, 5, 1, NULL),
(6, 1, 6, 1, NULL),
(7, 1, 7, 1, NULL),
(8, 1, 8, 1, NULL),
(9, 1, 9, 1, NULL),
(10, 1, 10, 1, NULL),
(11, 1, 11, 1, NULL),
(12, 1, 12, 1, NULL),
(13, 1, 13, 1, NULL),
(14, 1, 14, 1, NULL),
(15, 1, 15, 1, NULL),
(16, 1, 16, 1, NULL),
(17, 1, 17, 1, NULL),
(18, 1, 18, 1, NULL),
(19, 1, 19, 1, NULL),
(20, 1, 20, 1, NULL),
(21, 1, 21, 1, NULL),
(22, 2, 22, 1, NULL),
(23, 2, 23, 1, NULL),
(24, 2, 24, 1, NULL),
(25, 2, 25, 1, NULL),
(26, 2, 26, 1, NULL),
(27, 2, 27, 1, NULL),
(28, 2, 28, 1, NULL),
(29, 3, 29, 1, NULL),
(30, 3, 30, 1, NULL),
(31, 3, 31, 1, NULL),
(32, 3, 32, 1, NULL),
(33, 3, 33, 1, NULL),
(34, 3, 34, 1, NULL),
(35, 3, 35, 1, NULL),
(36, 3, 36, 1, NULL),
(37, 3, 37, 1, NULL),
(38, 3, 38, 1, NULL),
(39, 3, 39, 1, NULL),
(40, 3, 40, 1, NULL),
(41, 3, 41, 1, NULL),
(42, 3, 42, 1, NULL),
(43, 4, 43, 1, NULL),
(44, 4, 44, 1, NULL),
(45, 4, 45, 1, NULL),
(46, 4, 46, 1, NULL),
(47, 4, 47, 1, NULL),
(48, 5, 48, 1, NULL),
(49, 6, 49, 1, NULL),
(50, 6, 50, 1, NULL),
(51, 6, 51, 1, NULL),
(52, 6, 52, 1, NULL),
(53, 6, 53, 1, NULL),
(54, 6, 54, 1, NULL),
(55, 6, 55, 1, NULL),
(56, 6, 56, 1, NULL),
(57, 6, 57, 1, NULL),
(58, 6, 58, 1, NULL),
(59, 6, 59, 1, NULL),
(60, 6, 60, 1, NULL),
(61, 6, 61, 1, NULL),
(62, 6, 62, 1, NULL);

-- --------------------------------------------------------

--
-- Table structure for table `registration_request`
--

CREATE TABLE `registration_request` (
  `id` int(11) NOT NULL,
  `uuid` binary(20) NOT NULL,
  `event` int(11) NOT NULL,
  `package` int(11) NOT NULL,
  `type` int(11) NOT NULL,
  `status` int(1) NOT NULL DEFAULT 1,
  `updated` datetime DEFAULT NULL,
  `created` datetime NOT NULL DEFAULT current_timestamp()
) ENGINE=InnoDB DEFAULT CHARSET=utf8mb4 COLLATE=utf8mb4_general_ci;

--
-- Dumping data for table `registration_request`
--

INSERT INTO `registration_request` (`id`, `uuid`, `event`, `package`, `type`, `status`, `updated`, `created`) VALUES
(1, 0x61316134663065632d306332632d313165662d38, 1, 0, 1, 1, NULL, '2024-05-07 11:45:30'),
(2, 0x61316161356235372d306332632d313165662d38, 1, 0, 2, 1, NULL, '2024-05-07 11:45:30'),
(3, 0x61316163383736372d306332632d313165662d38, 1, 1, 3, 1, NULL, '2024-05-07 11:45:30'),
(4, 0x61316230316232612d306332632d313165662d38, 1, 2, 3, 1, NULL, '2024-05-07 11:45:30'),
(5, 0x61316231383531612d306332632d313165662d38, 1, 4, 3, 1, NULL, '2024-05-07 11:45:30'),
(6, 0x61316232303064382d306332632d313165662d38, 1, 3, 3, 1, NULL, '2024-05-07 11:45:30');

-- --------------------------------------------------------

--
-- Table structure for table `system`
--

CREATE TABLE `system` (
  `id` int(11) NOT NULL,
  `name` varchar(200) NOT NULL,
  `email` varchar(100) NOT NULL,
  `password_email` varchar(200) NOT NULL,
  `password_default` varchar(50) NOT NULL,
  `updated` datetime DEFAULT NULL
) ENGINE=InnoDB DEFAULT CHARSET=utf8mb4 COLLATE=utf8mb4_general_ci;

--
-- Dumping data for table `system`
--

INSERT INTO `system` (`id`, `name`, `email`, `password_email`, `password_default`, `updated`) VALUES
(1, 'EVENT', 'cpl.issue@gmail.com', 'wtubrchtfugusotb', 'testtest', '2024-05-05 13:22:02');

-- --------------------------------------------------------

--
-- Table structure for table `user`
--

CREATE TABLE `user` (
  `id` int(11) NOT NULL,
  `login` int(11) NOT NULL,
  `firstname` varchar(100) NOT NULL,
  `lastname` varchar(100) NOT NULL,
  `contact` varchar(100) NOT NULL
) ENGINE=InnoDB DEFAULT CHARSET=utf8mb4 COLLATE=utf8mb4_general_ci;

--
-- Dumping data for table `user`
--

INSERT INTO `user` (`id`, `login`, `firstname`, `lastname`, `contact`) VALUES
(1, 1, 'admin', 'system', '199');

--
-- Indexes for dumped tables
--

--
-- Indexes for table `country`
--
ALTER TABLE `country`
  ADD PRIMARY KEY (`id`);

--
-- Indexes for table `customer`
--
ALTER TABLE `customer`
  ADD PRIMARY KEY (`id`);

--
-- Indexes for table `customer_type`
--
ALTER TABLE `customer_type`
  ADD PRIMARY KEY (`id`);

--
-- Indexes for table `event_item`
--
ALTER TABLE `event_item`
  ADD PRIMARY KEY (`id`);

--
-- Indexes for table `event_request`
--
ALTER TABLE `event_request`
  ADD PRIMARY KEY (`id`);

--
-- Indexes for table `login`
--
ALTER TABLE `login`
  ADD PRIMARY KEY (`id`);

--
-- Indexes for table `registration_item`
--
ALTER TABLE `registration_item`
  ADD PRIMARY KEY (`id`);

--
-- Indexes for table `registration_request`
--
ALTER TABLE `registration_request`
  ADD PRIMARY KEY (`id`);

--
-- Indexes for table `system`
--
ALTER TABLE `system`
  ADD PRIMARY KEY (`id`);

--
-- Indexes for table `user`
--
ALTER TABLE `user`
  ADD PRIMARY KEY (`id`);

--
-- AUTO_INCREMENT for dumped tables
--

--
-- AUTO_INCREMENT for table `country`
--
ALTER TABLE `country`
  MODIFY `id` int(11) NOT NULL AUTO_INCREMENT, AUTO_INCREMENT=249;

--
-- AUTO_INCREMENT for table `customer`
--
ALTER TABLE `customer`
  MODIFY `id` int(11) NOT NULL AUTO_INCREMENT, AUTO_INCREMENT=63;

--
-- AUTO_INCREMENT for table `customer_type`
--
ALTER TABLE `customer_type`
  MODIFY `id` int(11) NOT NULL AUTO_INCREMENT, AUTO_INCREMENT=4;

--
-- AUTO_INCREMENT for table `event_item`
--
ALTER TABLE `event_item`
  MODIFY `id` int(11) NOT NULL AUTO_INCREMENT, AUTO_INCREMENT=5;

--
-- AUTO_INCREMENT for table `event_request`
--
ALTER TABLE `event_request`
  MODIFY `id` int(11) NOT NULL AUTO_INCREMENT, AUTO_INCREMENT=2;

--
-- AUTO_INCREMENT for table `login`
--
ALTER TABLE `login`
  MODIFY `id` int(11) NOT NULL AUTO_INCREMENT, AUTO_INCREMENT=2;

--
-- AUTO_INCREMENT for table `registration_item`
--
ALTER TABLE `registration_item`
  MODIFY `id` int(11) NOT NULL AUTO_INCREMENT, AUTO_INCREMENT=63;

--
-- AUTO_INCREMENT for table `registration_request`
--
ALTER TABLE `registration_request`
  MODIFY `id` int(11) NOT NULL AUTO_INCREMENT, AUTO_INCREMENT=7;

--
-- AUTO_INCREMENT for table `system`
--
ALTER TABLE `system`
  MODIFY `id` int(11) NOT NULL AUTO_INCREMENT, AUTO_INCREMENT=2;

--
-- AUTO_INCREMENT for table `user`
--
ALTER TABLE `user`
  MODIFY `id` int(11) NOT NULL AUTO_INCREMENT, AUTO_INCREMENT=2;
COMMIT;

/*!40101 SET CHARACTER_SET_CLIENT=@OLD_CHARACTER_SET_CLIENT */;
/*!40101 SET CHARACTER_SET_RESULTS=@OLD_CHARACTER_SET_RESULTS */;
/*!40101 SET COLLATION_CONNECTION=@OLD_COLLATION_CONNECTION */;
