-- phpMyAdmin SQL Dump
-- version 4.9.5deb2
-- https://www.phpmyadmin.net/
--
-- Host: localhost:3306
-- Generation Time: May 31, 2024 at 06:39 AM
-- Server version: 8.0.36-0ubuntu0.20.04.1
-- PHP Version: 7.4.3-4ubuntu2.22

SET SQL_MODE = "NO_AUTO_VALUE_ON_ZERO";
SET AUTOCOMMIT = 0;
START TRANSACTION;
SET time_zone = "+00:00";


/*!40101 SET @OLD_CHARACTER_SET_CLIENT=@@CHARACTER_SET_CLIENT */;
/*!40101 SET @OLD_CHARACTER_SET_RESULTS=@@CHARACTER_SET_RESULTS */;
/*!40101 SET @OLD_COLLATION_CONNECTION=@@COLLATION_CONNECTION */;
/*!40101 SET NAMES utf8mb4 */;

--
-- Database: `event`
--

-- --------------------------------------------------------

--
-- Table structure for table `country`
--

CREATE TABLE `country` (
  `id` int NOT NULL,
  `uuid` binary(20) NOT NULL,
  `name_th` varchar(100) COLLATE utf8mb4_general_ci NOT NULL,
  `name_en` varchar(100) COLLATE utf8mb4_general_ci NOT NULL,
  `code` varchar(10) COLLATE utf8mb4_general_ci NOT NULL,
  `status` int NOT NULL DEFAULT '1',
  `updated` datetime DEFAULT NULL,
  `created` datetime NOT NULL DEFAULT CURRENT_TIMESTAMP
) ENGINE=InnoDB DEFAULT CHARSET=utf8mb4 COLLATE=utf8mb4_general_ci;

--
-- Dumping data for table `country`
--

INSERT INTO `country` (`id`, `uuid`, `name_th`, `name_en`, `code`, `status`, `updated`, `created`) VALUES
(1, 0x61306334383434652d306163392d313165662d38, 'กรีซ', 'Greece', 'GR', 1, NULL, '2024-05-05 17:24:17'),
(2, 0x61306335313632352d306163392d313165662d38, 'กรีนแลนด์', 'Greenland', 'GL', 1, NULL, '2024-05-05 17:24:17'),
(3, 0x61306335616466342d306163392d313165662d38, 'กวม', 'Guam', 'GU', 1, NULL, '2024-05-05 17:24:17'),
(4, 0x61306335663831312d306163392d313165662d38, 'กัมพูชา', 'Cambodia', 'KH', 1, NULL, '2024-05-05 17:24:17'),
(5, 0x61306336343136302d306163392d313165662d38, 'กัวเดอลุป', 'Guadeloupe', 'GP', 1, NULL, '2024-05-05 17:24:17'),
(6, 0x61306336383635662d306163392d313165662d38, 'กัวเตมาลา', 'Guatemala', 'GT', 1, NULL, '2024-05-05 17:24:17'),
(7, 0x61306336636261352d306163392d313165662d38, 'กาตาร์', 'Qatar', 'QA', 1, NULL, '2024-05-05 17:24:17'),
(8, 0x61306337313131332d306163392d313165662d38, 'กานา', 'Ghana', 'GH', 1, NULL, '2024-05-05 17:24:17'),
(9, 0x61306337353263362d306163392d313165662d38, 'กาบอง', 'Gabon', 'GA', 1, NULL, '2024-05-05 17:24:17'),
(10, 0x61306337393336342d306163392d313165662d38, 'กาบูเวร์ดี', 'Cabo Verde', 'CV', 1, NULL, '2024-05-05 17:24:17'),
(11, 0x61306337643263362d306163392d313165662d38, 'กายอานา', 'Guyana', 'GY', 1, NULL, '2024-05-05 17:24:17'),
(12, 0x61306338313333352d306163392d313165662d38, 'กินี', 'Guinea', 'GN', 1, NULL, '2024-05-05 17:24:17'),
(13, 0x61306338353065622d306163392d313165662d38, 'กินี-บิสเซา', 'Guinea-Bissau', 'GW', 1, NULL, '2024-05-05 17:24:17'),
(14, 0x61306338386631382d306163392d313165662d38, 'กือราเซา', 'Curaçao', 'CW', 1, NULL, '2024-05-05 17:24:17'),
(15, 0x61306338633931382d306163392d313165662d38, 'เกรเนดา', 'Grenada', 'GD', 1, NULL, '2024-05-05 17:24:17'),
(16, 0x61306339336635342d306163392d313165662d38, 'เกาหลีใต้', 'South Korea', 'KR', 1, NULL, '2024-05-05 17:24:17'),
(17, 0x61306339373934392d306163392d313165662d38, 'เกาหลีเหนือ', 'North Korea', 'KP', 1, NULL, '2024-05-05 17:24:17'),
(18, 0x61306339623535392d306163392d313165662d38, 'เกาะคริสต์มาส', 'Christmas Island', 'CX', 1, NULL, '2024-05-05 17:24:17'),
(19, 0x61306339656532362d306163392d313165662d38, 'เกาะเซาท์จอร์เจียและหมู่เกาะเซาท์แซนด์วิช', 'South Georgia and the South Sandwich Islands', 'GS', 1, NULL, '2024-05-05 17:24:17'),
(20, 0x61306361333437302d306163392d313165662d38, 'เกาะนอร์ฟอล์ก', 'Norfolk Island', 'NF', 1, NULL, '2024-05-05 17:24:17'),
(21, 0x61306361373231382d306163392d313165662d38, 'เกาะบูเวต์', 'Bouvet Island', 'BV', 1, NULL, '2024-05-05 17:24:17'),
(22, 0x61306361616232362d306163392d313165662d38, 'เกาะเล็กรอบนอกของสหรัฐอเมริกา', 'United States Minor Outlying Islands', 'UM', 1, NULL, '2024-05-05 17:24:17'),
(23, 0x61306361653238332d306163392d313165662d38, 'เกาะเฮิร์ดและหมู่เกาะแมกดอนัลด์', 'Heard Island and McDonald Islands', 'HM', 1, NULL, '2024-05-05 17:24:17'),
(24, 0x61306362316233392d306163392d313165662d38, 'เกิร์นซีย์', 'Guernsey', 'GG', 1, NULL, '2024-05-05 17:24:17'),
(25, 0x61306362353134342d306163392d313165662d38, 'แกมเบีย', 'Gambia', 'GM', 1, NULL, '2024-05-05 17:24:17'),
(26, 0x61306362386135302d306163392d313165662d38, 'โกตดิวัวร์', 'Côte d\'Ivoire', 'CI', 1, NULL, '2024-05-05 17:24:17'),
(27, 0x61306362626432332d306163392d313165662d38, 'คอโมโรส', 'Comoros', 'KM', 1, NULL, '2024-05-05 17:24:17'),
(28, 0x61306363323265372d306163392d313165662d38, 'คอสตาริกา', 'Costa Rica', 'CR', 1, NULL, '2024-05-05 17:24:17'),
(29, 0x61306363353866312d306163392d313165662d38, 'คาซัคสถาน', 'Kazakhstan', 'KZ', 1, NULL, '2024-05-05 17:24:17'),
(30, 0x61306363393231332d306163392d313165662d38, 'คิริบาส', 'Kiribati', 'KI', 1, NULL, '2024-05-05 17:24:17'),
(31, 0x61306363633965622d306163392d313165662d38, 'คิวบา', 'Cuba', 'CU', 1, NULL, '2024-05-05 17:24:17'),
(32, 0x61306363666564652d306163392d313165662d38, 'คีร์กีซสถาน', 'Kyrgyzstan', 'KG', 1, NULL, '2024-05-05 17:24:17'),
(33, 0x61306364333564392d306163392d313165662d38, 'คูเวต', 'Kuwait', 'KW', 1, NULL, '2024-05-05 17:24:17'),
(34, 0x61306364366434662d306163392d313165662d38, 'เคนยา', 'Kenya', 'KE', 1, NULL, '2024-05-05 17:24:17'),
(35, 0x61306364613434322d306163392d313165662d38, 'แคนาดา', 'Canada', 'CA', 1, NULL, '2024-05-05 17:24:17'),
(36, 0x61306364646534642d306163392d313165662d38, 'แคเมอรูน', 'Cameroon', 'CM', 1, NULL, '2024-05-05 17:24:17'),
(37, 0x61306365316234612d306163392d313165662d38, 'โครเอเชีย', 'Croatia', 'HR', 1, NULL, '2024-05-05 17:24:17'),
(38, 0x61306365353761302d306163392d313165662d38, 'โคลอมเบีย', 'Colombia', 'CO', 1, NULL, '2024-05-05 17:24:17'),
(39, 0x61306365393233362d306163392d313165662d38, 'จอร์เจีย', 'Georgia', 'GE', 1, NULL, '2024-05-05 17:24:17'),
(40, 0x61306365643162642d306163392d313165662d38, 'จอร์แดน', 'Jordan', 'JO', 1, NULL, '2024-05-05 17:24:17'),
(41, 0x61306366343166662d306163392d313165662d38, 'จาเมกา', 'Jamaica', 'JM', 1, NULL, '2024-05-05 17:24:17'),
(42, 0x61306366376336322d306163392d313165662d38, 'จิบูตี', 'Djibouti', 'DJ', 1, NULL, '2024-05-05 17:24:17'),
(43, 0x61306366623464622d306163392d313165662d38, 'จีน', 'China', 'CN', 1, NULL, '2024-05-05 17:24:17'),
(44, 0x61306366656264362d306163392d313165662d38, 'เจอร์ซีย์', 'Jersey', 'JE', 1, NULL, '2024-05-05 17:24:17'),
(45, 0x61306430323236342d306163392d313165662d38, 'ชาด', 'Chad', 'TD', 1, NULL, '2024-05-05 17:24:17'),
(46, 0x61306430356665322d306163392d313165662d38, 'ชิลี', 'Chile', 'CL', 1, NULL, '2024-05-05 17:24:17'),
(47, 0x61306430393366652d306163392d313165662d38, 'เช็กเกีย', 'Czech Republic', 'CZ', 1, NULL, '2024-05-05 17:24:17'),
(48, 0x61306430636338642d306163392d313165662d38, 'ซานมารีโน', 'San Marino', 'SM', 1, NULL, '2024-05-05 17:24:17'),
(49, 0x61306430666639392d306163392d313165662d38, 'ซามัว', 'Samoa', 'WS', 1, NULL, '2024-05-05 17:24:17'),
(50, 0x61306431333535612d306163392d313165662d38, 'ซาอุดีอาระเบีย', 'Saudi Arabia', 'SA', 1, NULL, '2024-05-05 17:24:17'),
(51, 0x61306431366361322d306163392d313165662d38, 'ซาฮาราตะวันตก', 'Western Sahara', 'EH', 1, NULL, '2024-05-05 17:24:17'),
(52, 0x61306431613433622d306163392d313165662d38, 'ซิมบับเว', 'Zimbabwe', 'ZW', 1, NULL, '2024-05-05 17:24:17'),
(53, 0x61306431643836622d306163392d313165662d38, 'ซีเรีย', 'Syrian Arab Republic', 'SY', 1, NULL, '2024-05-05 17:24:17'),
(54, 0x61306432343133322d306163392d313165662d38, 'ซูดาน', 'Sudan', 'SD', 1, NULL, '2024-05-05 17:24:17'),
(55, 0x61306432373638332d306163392d313165662d38, 'ซูรินาม', 'Suriname', 'SR', 1, NULL, '2024-05-05 17:24:17'),
(56, 0x61306432616235612d306163392d313165662d38, 'เซเชลส์', 'Seychelles', 'SC', 1, NULL, '2024-05-05 17:24:17'),
(57, 0x61306432653539382d306163392d313165662d38, 'เซนต์คิตส์และเนวิส', 'Saint Kitts and Nevis', 'KN', 1, NULL, '2024-05-05 17:24:17'),
(58, 0x61306433316436302d306163392d313165662d38, 'เซนต์ลูเชีย', 'Saint Lucia', 'LC', 1, NULL, '2024-05-05 17:24:17'),
(59, 0x61306433353637302d306163392d313165662d38, 'เซนต์วินเซนต์และเกรนาดีนส์', 'Saint Vincent and the Grenadines', 'VC', 1, NULL, '2024-05-05 17:24:17'),
(60, 0x61306433386539622d306163392d313165662d38, 'เซนต์เฮเลนา', 'Saint Helena Ascension and Tristan da Cunha', 'SH', 1, NULL, '2024-05-05 17:24:17'),
(61, 0x61306433636333342d306163392d313165662d38, 'เซเนกัล', 'Senegal', 'SN', 1, NULL, '2024-05-05 17:24:17'),
(62, 0x61306434313238342d306163392d313165662d38, 'เซอร์เบีย', 'Serbia', 'RS', 1, NULL, '2024-05-05 17:24:17'),
(63, 0x61306434356332382d306163392d313165662d38, 'เซาตูเมและปรินซีปี', 'Sao Tome and Principe', 'ST', 1, NULL, '2024-05-05 17:24:17'),
(64, 0x61306434393961392d306163392d313165662d38, 'เซียร์ราลีโอน', 'Sierra Leone', 'SL', 1, NULL, '2024-05-05 17:24:17'),
(65, 0x61306434643664622d306163392d313165662d38, 'แซงบาร์เตเลมี', 'Saint Barthélemy', 'BL', 1, NULL, '2024-05-05 17:24:17'),
(66, 0x61306435346161662d306163392d313165662d38, 'แซงปีแยร์และมีเกอลง', 'Saint Pierre and Miquelon', 'PM', 1, NULL, '2024-05-05 17:24:17'),
(67, 0x61306435383465322d306163392d313165662d38, 'แซงมาร์แตง', 'Saint Martin', 'MF', 1, NULL, '2024-05-05 17:24:17'),
(68, 0x61306435633238302d306163392d313165662d38, 'แซมเบีย', 'Zambia', 'ZM', 1, NULL, '2024-05-05 17:24:17'),
(69, 0x61306435666238342d306163392d313165662d38, 'โซมาเลีย', 'Somalia', 'SO', 1, NULL, '2024-05-05 17:24:17'),
(70, 0x61306436333763612d306163392d313165662d38, 'ไซปรัส', 'Cyprus', 'CY', 1, NULL, '2024-05-05 17:24:17'),
(71, 0x61306436373137632d306163392d313165662d38, 'ญี่ปุ่น', 'Japan', 'JP', 1, NULL, '2024-05-05 17:24:17'),
(72, 0x61306436616665622d306163392d313165662d38, 'ดอมินีกา', 'Dominica', 'DM', 1, NULL, '2024-05-05 17:24:17'),
(73, 0x61306436653838612d306163392d313165662d38, 'เดนมาร์ก', 'Denmark', 'DK', 1, NULL, '2024-05-05 17:24:17'),
(74, 0x61306437323535352d306163392d313165662d38, 'ตรินิแดดและโตเบโก', 'Trinidad and Tobago', 'TT', 1, NULL, '2024-05-05 17:24:17'),
(75, 0x61306437363134312d306163392d313165662d38, 'ตองงา', 'Tonga', 'TO', 1, NULL, '2024-05-05 17:24:17'),
(76, 0x61306437613238332d306163392d313165662d38, 'ติมอร์-เลสเต', 'Timor-Leste', 'TL', 1, NULL, '2024-05-05 17:24:17'),
(77, 0x61306437646366332d306163392d313165662d38, 'ตุรกี', 'Turkey', 'TR', 1, NULL, '2024-05-05 17:24:17'),
(78, 0x61306438316236612d306163392d313165662d38, 'ตูนิเซีย', 'Tunisia', 'TN', 1, NULL, '2024-05-05 17:24:17'),
(79, 0x61306438386439342d306163392d313165662d38, 'ตูวาลู', 'Tuvalu', 'TV', 1, NULL, '2024-05-05 17:24:17'),
(80, 0x61306438633363632d306163392d313165662d38, 'เติร์กเมนิสถาน', 'Turkmenistan', 'TM', 1, NULL, '2024-05-05 17:24:17'),
(81, 0x61306439303461642d306163392d313165662d38, 'โตโก', 'Togo', 'TG', 1, NULL, '2024-05-05 17:24:17'),
(82, 0x61306439336661392d306163392d313165662d38, 'ไต้หวัน', 'Taiwan', 'TW', 1, NULL, '2024-05-05 17:24:17'),
(83, 0x61306439373937332d306163392d313165662d38, 'ทาจิกิสถาน', 'Tajikistan', 'TJ', 1, NULL, '2024-05-05 17:24:17'),
(84, 0x61306439616631322d306163392d313165662d38, 'แทนซาเนีย', 'Tanzania', 'TZ', 1, NULL, '2024-05-05 17:24:17'),
(85, 0x61306439653863312d306163392d313165662d38, 'โทเคอเลา', 'Tokelau', 'TK', 1, NULL, '2024-05-05 17:24:17'),
(86, 0x61306461326364382d306163392d313165662d38, 'ไทย', 'Thailand', 'TH', 1, NULL, '2024-05-05 17:24:17'),
(87, 0x61306461373937362d306163392d313165662d38, 'นครรัฐวาติกัน', 'Vatican City State', 'VA', 1, NULL, '2024-05-05 17:24:17'),
(88, 0x61306461623264332d306163392d313165662d38, 'นอร์เวย์', 'Norway', 'NO', 1, NULL, '2024-05-05 17:24:17'),
(89, 0x61306461663038652d306163392d313165662d38, 'นามิเบีย', 'Namibia', 'NA', 1, NULL, '2024-05-05 17:24:17'),
(90, 0x61306462323932392d306163392d313165662d38, 'นาอูรู', 'Nauru', 'NR', 1, NULL, '2024-05-05 17:24:17'),
(91, 0x61306462356430392d306163392d313165662d38, 'นิการากัว', 'Nicaragua', 'NI', 1, NULL, '2024-05-05 17:24:17'),
(92, 0x61306462636239302d306163392d313165662d38, 'นิวแคลิโดเนีย', 'New Caledonia', 'NC', 1, NULL, '2024-05-05 17:24:17'),
(93, 0x61306463306432392d306163392d313165662d38, 'นิวซีแลนด์', 'New Zealand', 'NZ', 1, NULL, '2024-05-05 17:24:17'),
(94, 0x61306463346261382d306163392d313165662d38, 'นีวเว', 'Niue', 'NU', 1, NULL, '2024-05-05 17:24:17'),
(95, 0x61306463386139652d306163392d313165662d38, 'เนเธอร์แลนด์', 'Netherlands', 'NL', 1, NULL, '2024-05-05 17:24:17'),
(96, 0x61306463633833392d306163392d313165662d38, 'เนปาล', 'Nepal', 'NP', 1, NULL, '2024-05-05 17:24:17'),
(97, 0x61306464303466372d306163392d313165662d38, 'ไนจีเรีย', 'Nigeria', 'NG', 1, NULL, '2024-05-05 17:24:17'),
(98, 0x61306464343161372d306163392d313165662d38, 'ไนเจอร์', 'Niger', 'NE', 1, NULL, '2024-05-05 17:24:17'),
(99, 0x61306464376263372d306163392d313165662d38, 'บราซิล', 'Brazil', 'BR', 1, NULL, '2024-05-05 17:24:17'),
(100, 0x61306464623965312d306163392d313165662d38, 'บริติชอินเดียนโอเชียนเทร์ริทอรี', 'British Indian Ocean Territory', 'IO', 1, NULL, '2024-05-05 17:24:17'),
(101, 0x61306464666137622d306163392d313165662d38, 'บรูไน', 'Brunei Darussalam', 'BN', 1, NULL, '2024-05-05 17:24:17'),
(102, 0x61306465333865362d306163392d313165662d38, 'บอตสวานา', 'Botswana', 'BW', 1, NULL, '2024-05-05 17:24:17'),
(103, 0x61306465373263652d306163392d313165662d38, 'บอสเนียและเฮอร์เซโกวีนา', 'Bosnia and Herzegovina', 'BA', 1, NULL, '2024-05-05 17:24:17'),
(104, 0x61306465616661312d306163392d313165662d38, 'บังกลาเทศ', 'Bangladesh', 'BD', 1, NULL, '2024-05-05 17:24:17'),
(105, 0x61306466323838302d306163392d313165662d38, 'บัลแกเรีย', 'Bulgaria', 'BG', 1, NULL, '2024-05-05 17:24:17'),
(106, 0x61306466363338642d306163392d313165662d38, 'บาร์เบโดส', 'Barbados', 'BB', 1, NULL, '2024-05-05 17:24:17'),
(107, 0x61306466396639372d306163392d313165662d38, 'บาห์เรน', 'Bahrain', 'BH', 1, NULL, '2024-05-05 17:24:17'),
(108, 0x61306466646337352d306163392d313165662d38, 'บาฮามาส', 'Bahamas', 'BS', 1, NULL, '2024-05-05 17:24:17'),
(109, 0x61306530313663392d306163392d313165662d38, 'บุรุนดี', 'Burundi', 'BI', 1, NULL, '2024-05-05 17:24:17'),
(110, 0x61306530353433372d306163392d313165662d38, 'บูร์กินาฟาโซ', 'Burkina Faso', 'BF', 1, NULL, '2024-05-05 17:24:17'),
(111, 0x61306530386634642d306163392d313165662d38, 'เบนิน', 'Benin', 'BJ', 1, NULL, '2024-05-05 17:24:17'),
(112, 0x61306530643066392d306163392d313165662d38, 'เบลเยียม', 'Belgium', 'BE', 1, NULL, '2024-05-05 17:24:17'),
(113, 0x61306531306462622d306163392d313165662d38, 'เบลารุส', 'Belarus', 'BY', 1, NULL, '2024-05-05 17:24:17'),
(114, 0x61306531353035372d306163392d313165662d38, 'เบลีซ', 'Belize', 'BZ', 1, NULL, '2024-05-05 17:24:17'),
(115, 0x61306531383966342d306163392d313165662d38, 'เบอร์มิวดา', 'Bermuda', 'BM', 1, NULL, '2024-05-05 17:24:17'),
(116, 0x61306531633165362d306163392d313165662d38, 'โบลิเวีย', 'Bolivia', 'BO', 1, NULL, '2024-05-05 17:24:17'),
(117, 0x61306532303164662d306163392d313165662d38, 'ปวยร์โตรีโก', 'Puerto Rico', 'PR', 1, NULL, '2024-05-05 17:24:17'),
(118, 0x61306532373232322d306163392d313165662d38, 'ปากีสถาน', 'Pakistan', 'PK', 1, NULL, '2024-05-05 17:24:17'),
(119, 0x61306532613931612d306163392d313165662d38, 'ปานามา', 'Panama', 'PA', 1, NULL, '2024-05-05 17:24:17'),
(120, 0x61306532653630332d306163392d313165662d38, 'ปาปัวนิวกินี', 'Papua New Guinea', 'PG', 1, NULL, '2024-05-05 17:24:17'),
(121, 0x61306533326565612d306163392d313165662d38, 'ปารากวัย', 'Paraguay', 'PY', 1, NULL, '2024-05-05 17:24:17'),
(122, 0x61306533366630662d306163392d313165662d38, 'ปาเลสไตน์', 'Palestine', 'PS', 1, NULL, '2024-05-05 17:24:17'),
(123, 0x61306533616431322d306163392d313165662d38, 'ปาเลา', 'Palau', 'PW', 1, NULL, '2024-05-05 17:24:17'),
(124, 0x61306533653534352d306163392d313165662d38, 'เปรู', 'Peru', 'PE', 1, NULL, '2024-05-05 17:24:17'),
(125, 0x61306534323336312d306163392d313165662d38, 'โปรตุเกส', 'Portugal', 'PT', 1, NULL, '2024-05-05 17:24:17'),
(126, 0x61306534363063332d306163392d313165662d38, 'โปแลนด์', 'Poland', 'PL', 1, NULL, '2024-05-05 17:24:17'),
(127, 0x61306534613062342d306163392d313165662d38, 'ฝรั่งเศส', 'France', 'FR', 1, NULL, '2024-05-05 17:24:17'),
(128, 0x61306534646663332d306163392d313165662d38, 'พม่า', 'Myanmar', 'MM', 1, NULL, '2024-05-05 17:24:17'),
(129, 0x61306535313761302d306163392d313165662d38, 'ฟินแลนด์', 'Finland', 'FI', 1, NULL, '2024-05-05 17:24:17'),
(130, 0x61306535353163632d306163392d313165662d38, 'ฟิลิปปินส์', 'Philippines', 'PH', 1, NULL, '2024-05-05 17:24:17'),
(131, 0x61306535383935632d306163392d313165662d38, 'ฟีจี', 'Fiji', 'FJ', 1, NULL, '2024-05-05 17:24:17'),
(132, 0x61306535663164392d306163392d313165662d38, 'เฟรนช์เกียนา', 'French Guiana', 'GF', 1, NULL, '2024-05-05 17:24:17'),
(133, 0x61306536326138312d306163392d313165662d38, 'เฟรนช์เซาเทิร์นและแอนตาร์กติกแลนดส์', 'French Southern Territories', 'TF', 1, NULL, '2024-05-05 17:24:17'),
(134, 0x61306536363031632d306163392d313165662d38, 'เฟรนช์พอลินีเชีย', 'French Polynesia', 'PF', 1, NULL, '2024-05-05 17:24:17'),
(135, 0x61306536393234392d306163392d313165662d38, 'ภูฏาน', 'Bhutan', 'BT', 1, NULL, '2024-05-05 17:24:17'),
(136, 0x61306536633832392d306163392d313165662d38, 'มองโกเลีย', 'Mongolia', 'MN', 1, NULL, '2024-05-05 17:24:17'),
(137, 0x61306536666631382d306163392d313165662d38, 'มอนต์เซอร์รัต', 'Montserrat', 'MS', 1, NULL, '2024-05-05 17:24:17'),
(138, 0x61306537333433642d306163392d313165662d38, 'มอนเตเนโกร', 'Montenegro', 'ME', 1, NULL, '2024-05-05 17:24:17'),
(139, 0x61306537366265322d306163392d313165662d38, 'มอริเชียส', 'Mauritius', 'MU', 1, NULL, '2024-05-05 17:24:17'),
(140, 0x61306537613236372d306163392d313165662d38, 'มอริเตเนีย', 'Mauritania', 'MR', 1, NULL, '2024-05-05 17:24:17'),
(141, 0x61306537646163332d306163392d313165662d38, 'มอลโดวา', 'Moldova', 'MD', 1, NULL, '2024-05-05 17:24:17'),
(142, 0x61306538313233642d306163392d313165662d38, 'มอลตา', 'Malta', 'MT', 1, NULL, '2024-05-05 17:24:17'),
(143, 0x61306538346261382d306163392d313165662d38, 'มัลดีฟส์', 'Maldives', 'MV', 1, NULL, '2024-05-05 17:24:17'),
(144, 0x61306538383264642d306163392d313165662d38, 'มาเก๊า', 'Macao', 'MO', 1, NULL, '2024-05-05 17:24:17'),
(145, 0x61306538623862372d306163392d313165662d38, 'นอร์ทมาซิโดเนีย', 'North Macedonia', 'MK', 1, NULL, '2024-05-05 17:24:17'),
(146, 0x61306538663331342d306163392d313165662d38, 'มาดากัสการ์', 'Madagascar', 'MG', 1, NULL, '2024-05-05 17:24:17'),
(147, 0x61306539326333612d306163392d313165662d38, 'มายอต', 'Mayotte', 'YT', 1, NULL, '2024-05-05 17:24:17'),
(148, 0x61306539363233392d306163392d313165662d38, 'มาร์ตีนิก', 'Martinique', 'MQ', 1, NULL, '2024-05-05 17:24:17'),
(149, 0x61306539393632352d306163392d313165662d38, 'มาลาวี', 'Malawi', 'MW', 1, NULL, '2024-05-05 17:24:17'),
(150, 0x61306539636465312d306163392d313165662d38, 'มาลี', 'Mali', 'ML', 1, NULL, '2024-05-05 17:24:17'),
(151, 0x61306561303337302d306163392d313165662d38, 'มาเลเซีย', 'Malaysia', 'MY', 1, NULL, '2024-05-05 17:24:17'),
(152, 0x61306561373232642d306163392d313165662d38, 'เม็กซิโก', 'Mexico', 'MX', 1, NULL, '2024-05-05 17:24:17'),
(153, 0x61306561616637382d306163392d313165662d38, 'โมซัมบิก', 'Mozambique', 'MZ', 1, NULL, '2024-05-05 17:24:17'),
(154, 0x61306561663136372d306163392d313165662d38, 'โมนาโก', 'Monaco', 'MC', 1, NULL, '2024-05-05 17:24:17'),
(155, 0x61306562333138382d306163392d313165662d38, 'โมร็อกโก', 'Morocco', 'MA', 1, NULL, '2024-05-05 17:24:17'),
(156, 0x61306562363963612d306163392d313165662d38, 'ไมโครนีเซีย', 'Micronesia', 'FM', 1, NULL, '2024-05-05 17:24:17'),
(157, 0x61306562613062302d306163392d313165662d38, 'ยิบรอลตาร์', 'Gibraltar', 'GI', 1, NULL, '2024-05-05 17:24:17'),
(158, 0x61306562646537662d306163392d313165662d38, 'ยูกันดา', 'Uganda', 'UG', 1, NULL, '2024-05-05 17:24:17'),
(159, 0x61306563313932392d306163392d313165662d38, 'ยูเครน', 'Ukraine', 'UA', 1, NULL, '2024-05-05 17:24:17'),
(160, 0x61306563353064662d306163392d313165662d38, 'เยเมน', 'Yemen', 'YE', 1, NULL, '2024-05-05 17:24:17'),
(161, 0x61306563386635352d306163392d313165662d38, 'เยอรมนี', 'Germany', 'DE', 1, NULL, '2024-05-05 17:24:17'),
(162, 0x61306564363038612d306163392d313165662d38, 'รวันดา', 'Rwanda', 'RW', 1, NULL, '2024-05-05 17:24:17'),
(163, 0x61306564643832312d306163392d313165662d38, 'รัสเซีย', 'Russian Federation', 'RU', 1, NULL, '2024-05-05 17:24:17'),
(164, 0x61306565313330382d306163392d313165662d38, 'เรอูว์นียง', 'Réunion', 'RE', 1, NULL, '2024-05-05 17:24:17'),
(165, 0x61306565346135322d306163392d313165662d38, 'โรมาเนีย', 'Romania', 'RO', 1, NULL, '2024-05-05 17:24:17'),
(166, 0x61306565383433372d306163392d313165662d38, 'ลักเซมเบิร์ก', 'Luxembourg', 'LU', 1, NULL, '2024-05-05 17:24:17'),
(167, 0x61306565626130372d306163392d313165662d38, 'ลัตเวีย', 'Latvia', 'LV', 1, NULL, '2024-05-05 17:24:17'),
(168, 0x61306565663037642d306163392d313165662d38, 'ลาว', 'Laos', 'LA', 1, NULL, '2024-05-05 17:24:17'),
(169, 0x61306566323461632d306163392d313165662d38, 'ลิกเตนสไตน์', 'Liechtenstein', 'LI', 1, NULL, '2024-05-05 17:24:17'),
(170, 0x61306566356132662d306163392d313165662d38, 'ลิทัวเนีย', 'Lithuania', 'LT', 1, NULL, '2024-05-05 17:24:17'),
(171, 0x61306566393634322d306163392d313165662d38, 'ลิเบีย', 'Libya', 'LY', 1, NULL, '2024-05-05 17:24:17'),
(172, 0x61306566633933332d306163392d313165662d38, 'เลโซโท', 'Lesotho', 'LS', 1, NULL, '2024-05-05 17:24:17'),
(173, 0x61306630303632622d306163392d313165662d38, 'เลบานอน', 'Lebanon', 'LB', 1, NULL, '2024-05-05 17:24:17'),
(174, 0x61306630343039332d306163392d313165662d38, 'ไลบีเรีย', 'Liberia', 'LR', 1, NULL, '2024-05-05 17:24:17'),
(175, 0x61306630373865632d306163392d313165662d38, 'วานูวาตู', 'Vanuatu', 'VU', 1, NULL, '2024-05-05 17:24:17'),
(176, 0x61306630616337392d306163392d313165662d38, 'วาลิสและฟูตูนา', 'Wallis and Futuna', 'WF', 1, NULL, '2024-05-05 17:24:17'),
(177, 0x61306630653764352d306163392d313165662d38, 'เวเนซุเอลา', 'Venezuela', 'VE', 1, NULL, '2024-05-05 17:24:17'),
(178, 0x61306631316532352d306163392d313165662d38, 'เวียดนาม', 'Vietnam', 'VN', 1, NULL, '2024-05-05 17:24:17'),
(179, 0x61306631353463632d306163392d313165662d38, 'ศรีลังกา', 'Sri Lanka', 'LK', 1, NULL, '2024-05-05 17:24:17'),
(180, 0x61306631386232612d306163392d313165662d38, 'สเปน', 'Spain', 'ES', 1, NULL, '2024-05-05 17:24:17'),
(181, 0x61306631626436312d306163392d313165662d38, 'สโลวาเกีย', 'Slovakia', 'SK', 1, NULL, '2024-05-05 17:24:17'),
(182, 0x61306631663063302d306163392d313165662d38, 'สโลวีเนีย', 'Slovenia', 'SI', 1, NULL, '2024-05-05 17:24:17'),
(183, 0x61306632346632392d306163392d313165662d38, 'สวาซิแลนด์', 'Swaziland', 'SZ', 1, NULL, '2024-05-05 17:24:17'),
(184, 0x61306632383665632d306163392d313165662d38, 'สวิตเซอร์แลนด์', 'Switzerland', 'CH', 1, NULL, '2024-05-05 17:24:17'),
(185, 0x61306632633034312d306163392d313165662d38, 'สวีเดน', 'Sweden', 'SE', 1, NULL, '2024-05-05 17:24:17'),
(186, 0x61306632663761612d306163392d313165662d38, 'สหรัฐ', 'United States of America', 'US', 1, NULL, '2024-05-05 17:24:17'),
(187, 0x61306633326432362d306163392d313165662d38, 'สหรัฐอาหรับเอมิเรตส์', 'United Arab Emirates', 'AE', 1, NULL, '2024-05-05 17:24:17'),
(188, 0x61306633376666362d306163392d313165662d38, 'สหราชอาณาจักร', 'United Kingdom of Great Britain and Northern Ireland', 'GB', 1, NULL, '2024-05-05 17:24:17'),
(189, 0x61306633623139612d306163392d313165662d38, 'สาธารณรัฐคองโก', 'Republic of the Congo', 'CG', 1, NULL, '2024-05-05 17:24:17'),
(190, 0x61306633653734642d306163392d313165662d38, 'สาธารณรัฐโดมินิกัน', 'Dominican Republic', 'DO', 1, NULL, '2024-05-05 17:24:17'),
(191, 0x61306634316333622d306163392d313165662d38, 'สาธารณรัฐประชาธิปไตยคองโก', 'Democratic Republic of the Congo', 'CD', 1, NULL, '2024-05-05 17:24:17'),
(192, 0x61306634353138352d306163392d313165662d38, 'สาธารณรัฐแอฟริกากลาง', 'Central African Republic', 'CF', 1, NULL, '2024-05-05 17:24:17'),
(193, 0x61306634383631392d306163392d313165662d38, 'สิงคโปร์', 'Singapore', 'SG', 1, NULL, '2024-05-05 17:24:17'),
(194, 0x61306634623765382d306163392d313165662d38, 'หมู่เกาะคุก', 'Cook Islands', 'CK', 1, NULL, '2024-05-05 17:24:17'),
(195, 0x61306634663163612d306163392d313165662d38, 'หมู่เกาะเคย์แมน', 'Cayman Islands', 'KY', 1, NULL, '2024-05-05 17:24:17'),
(196, 0x61306635326639302d306163392d313165662d38, 'หมู่เกาะโคโคส', 'Cocos (Keeling) Islands', 'CC', 1, NULL, '2024-05-05 17:24:17'),
(197, 0x61306635373035372d306163392d313165662d38, 'หมู่เกาะโซโลมอน', 'Solomon Islands', 'SB', 1, NULL, '2024-05-05 17:24:17'),
(198, 0x61306635616136322d306163392d313165662d38, 'หมู่เกาะเติกส์และเคคอส', 'Turks and Caicos Islands', 'TC', 1, NULL, '2024-05-05 17:24:17'),
(199, 0x61306635653466322d306163392d313165662d38, 'หมู่เกาะนอร์เทิร์นมาเรียนา', 'Northern Mariana Islands', 'MP', 1, NULL, '2024-05-05 17:24:17'),
(200, 0x61306636316465642d306163392d313165662d38, 'หมู่เกาะบริติชเวอร์จิน', 'British Virgin Islands', 'VG', 1, NULL, '2024-05-05 17:24:17'),
(201, 0x61306636386232362d306163392d313165662d38, 'หมู่เกาะพิตแคร์น', 'Pitcairn', 'PN', 1, NULL, '2024-05-05 17:24:17'),
(202, 0x61306636633438362d306163392d313165662d38, 'หมู่เกาะฟอล์กแลนด์', 'Falkland Islands', 'FK', 1, NULL, '2024-05-05 17:24:17'),
(203, 0x61306636666637342d306163392d313165662d38, 'หมู่เกาะแฟโร', 'Faroe Islands', 'FO', 1, NULL, '2024-05-05 17:24:17'),
(204, 0x61306637333830372d306163392d313165662d38, 'หมู่เกาะมาร์แชลล์', 'Marshall Islands', 'MH', 1, NULL, '2024-05-05 17:24:17'),
(205, 0x61306637366334332d306163392d313165662d38, 'หมู่เกาะเวอร์จินของสหรัฐอเมริกา', 'United States Virgin Islands', 'VI', 1, NULL, '2024-05-05 17:24:17'),
(206, 0x61306637616138352d306163392d313165662d38, 'หมู่เกาะโอลันด์', 'Åland Islands', 'AX', 1, NULL, '2024-05-05 17:24:17'),
(207, 0x61306637653134642d306163392d313165662d38, 'อเมริกันซามัว', 'American Samoa', 'AS', 1, NULL, '2024-05-05 17:24:17'),
(208, 0x61306638313837662d306163392d313165662d38, 'ออสเตรเลีย', 'Australia', 'AU', 1, NULL, '2024-05-05 17:24:17'),
(209, 0x61306638343962312d306163392d313165662d38, 'ออสเตรีย', 'Austria', 'AT', 1, NULL, '2024-05-05 17:24:17'),
(210, 0x61306638383632312d306163392d313165662d38, 'อันดอร์รา', 'Andorra', 'AD', 1, NULL, '2024-05-05 17:24:17'),
(211, 0x61306638633535622d306163392d313165662d38, 'อัฟกานิสถาน', 'Afghanistan', 'AF', 1, NULL, '2024-05-05 17:24:17'),
(212, 0x61306638666139342d306163392d313165662d38, 'อาเซอร์ไบจาน', 'Azerbaijan', 'AZ', 1, NULL, '2024-05-05 17:24:17'),
(213, 0x61306639333532622d306163392d313165662d38, 'อาร์เจนตินา', 'Argentina', 'AR', 1, NULL, '2024-05-05 17:24:17'),
(214, 0x61306639373030392d306163392d313165662d38, 'อาร์มีเนีย', 'Armenia', 'AM', 1, NULL, '2024-05-05 17:24:17'),
(215, 0x61306639613663312d306163392d313165662d38, 'อารูบา', 'Aruba', 'AW', 1, NULL, '2024-05-05 17:24:17'),
(216, 0x61306639653161322d306163392d313165662d38, 'อิเควทอเรียลกินี', 'Equatorial Guinea', 'GQ', 1, NULL, '2024-05-05 17:24:17'),
(217, 0x61306661323035612d306163392d313165662d38, 'อิตาลี', 'Italy', 'IT', 1, NULL, '2024-05-05 17:24:17'),
(218, 0x61306661353763392d306163392d313165662d38, 'อินเดีย', 'India', 'IN', 1, NULL, '2024-05-05 17:24:17'),
(219, 0x61306661626464642d306163392d313165662d38, 'อินโดนีเซีย', 'Indonesia', 'ID', 1, NULL, '2024-05-05 17:24:17'),
(220, 0x61306661663139652d306163392d313165662d38, 'อิรัก', 'Iraq', 'IQ', 1, NULL, '2024-05-05 17:24:17'),
(221, 0x61306662323561352d306163392d313165662d38, 'อิสราเอล', 'Israel', 'IL', 1, NULL, '2024-05-05 17:24:17'),
(222, 0x61306662356565342d306163392d313165662d38, 'อิหร่าน', 'Iran', 'IR', 1, NULL, '2024-05-05 17:24:17'),
(223, 0x61306662393331662d306163392d313165662d38, 'อียิปต์', 'Egypt', 'EG', 1, NULL, '2024-05-05 17:24:17'),
(224, 0x61306662633631342d306163392d313165662d38, 'อุซเบกิสถาน', 'Uzbekistan', 'UZ', 1, NULL, '2024-05-05 17:24:17'),
(225, 0x61306662663639312d306163392d313165662d38, 'อุรุกวัย', 'Uruguay', 'UY', 1, NULL, '2024-05-05 17:24:17'),
(226, 0x61306663323965352d306163392d313165662d38, 'เอกวาดอร์', 'Ecuador', 'EC', 1, NULL, '2024-05-05 17:24:17'),
(227, 0x61306663363562352d306163392d313165662d38, 'เอธิโอเปีย', 'Ethiopia', 'ET', 1, NULL, '2024-05-05 17:24:17'),
(228, 0x61306663396561302d306163392d313165662d38, 'เอริเทรีย', 'Eritrea', 'ER', 1, NULL, '2024-05-05 17:24:17'),
(229, 0x61306663653066302d306163392d313165662d38, 'เอลซัลวาดอร์', 'El Salvador', 'SV', 1, NULL, '2024-05-05 17:24:17'),
(230, 0x61306664316334362d306163392d313165662d38, 'เอสโตเนีย', 'Estonia', 'EE', 1, NULL, '2024-05-05 17:24:17'),
(231, 0x61306664353335382d306163392d313165662d38, 'แองกวิลลา', 'Anguilla', 'AI', 1, NULL, '2024-05-05 17:24:17'),
(232, 0x61306664386131382d306163392d313165662d38, 'แองโกลา', 'Angola', 'AO', 1, NULL, '2024-05-05 17:24:17'),
(233, 0x61306664633134372d306163392d313165662d38, 'แอนตาร์กติกา', 'Antarctica', 'AQ', 1, NULL, '2024-05-05 17:24:17'),
(234, 0x61306665303363362d306163392d313165662d38, 'แอนติกาและบาร์บูดา', 'Antigua and Barbuda', 'AG', 1, NULL, '2024-05-05 17:24:17'),
(235, 0x61306665353433352d306163392d313165662d38, 'แอฟริกาใต้', 'South Africa', 'ZA', 1, NULL, '2024-05-05 17:24:17'),
(236, 0x61306665613136392d306163392d313165662d38, 'แอลจีเรีย', 'Algeria', 'DZ', 1, NULL, '2024-05-05 17:24:17'),
(237, 0x61306666336134662d306163392d313165662d38, 'แอลเบเนีย', 'Albania', 'AL', 1, NULL, '2024-05-05 17:24:17'),
(238, 0x61306666616139312d306163392d313165662d38, 'โอมาน', 'Oman', 'OM', 1, NULL, '2024-05-05 17:24:17'),
(239, 0x61306666656234382d306163392d313165662d38, 'ไอซ์แลนด์', 'Iceland', 'IS', 1, NULL, '2024-05-05 17:24:17'),
(240, 0x61313030333337632d306163392d313165662d38, 'ไอร์แลนด์', 'Ireland', 'IE', 1, NULL, '2024-05-05 17:24:17'),
(241, 0x61313030376563352d306163392d313165662d38, 'ไอล์ออฟแมน', 'Isle of Man', 'IM', 1, NULL, '2024-05-05 17:24:17'),
(242, 0x61313030633138642d306163392d313165662d38, 'ฮ่องกง', 'Hong Kong', 'HK', 1, NULL, '2024-05-05 17:24:17'),
(243, 0x61313031303438312d306163392d313165662d38, 'ฮอนดูรัส', 'Honduras', 'HN', 1, NULL, '2024-05-05 17:24:17'),
(244, 0x61313031343165352d306163392d313165662d38, 'ฮังการี', 'Hungary', 'HU', 1, NULL, '2024-05-05 17:24:17'),
(245, 0x61313031376232662d306163392d313165662d38, 'เฮติ', 'Haiti', 'HT', 1, NULL, '2024-05-05 17:24:17'),
(246, 0x61313031623930352d306163392d313165662d38, 'ซินต์มาร์เติน', 'Sint Maarten', 'SX', 1, NULL, '2024-05-05 17:24:17'),
(247, 0x61313031663834312d306163392d313165662d38, 'เนเธอร์แลนด์แคริบเบียน', 'Bonaire, Sint Eustatius and Saba', 'BQ', 1, NULL, '2024-05-05 17:24:17'),
(248, 0x61313032333431362d306163392d313165662d38, 'สฟาลบาร์และยานไมเอน', 'Svalbard and Jan Mayen', 'SJ', 1, NULL, '2024-05-05 17:24:17');

-- --------------------------------------------------------

--
-- Table structure for table `customer`
--

CREATE TABLE `customer` (
  `id` int NOT NULL,
  `uuid` binary(20) NOT NULL,
  `name` varchar(200) COLLATE utf8mb4_general_ci NOT NULL,
  `email` varchar(100) COLLATE utf8mb4_general_ci DEFAULT NULL,
  `company` varchar(200) COLLATE utf8mb4_general_ci DEFAULT NULL,
  `country` int NOT NULL,
  `status` int NOT NULL DEFAULT '1',
  `updated` datetime DEFAULT NULL,
  `created` datetime NOT NULL DEFAULT CURRENT_TIMESTAMP
) ENGINE=InnoDB DEFAULT CHARSET=utf8mb4 COLLATE=utf8mb4_general_ci;

--
-- Dumping data for table `customer`
--

INSERT INTO `customer` (`id`, `uuid`, `name`, `email`, `company`, `country`, `status`, `updated`, `created`) VALUES
(1, 0x34616132386133612d316631372d313165662d38, 'Daniel Devan', 'devan_daniel@yahoo.com.my', '', 151, 1, NULL, '2024-05-31 06:30:36'),
(2, 0x34616133353836362d316631372d313165662d38, 'Intan Noorafniza', 'iafniza@gmail.com', '', 151, 1, NULL, '2024-05-31 06:30:36'),
(3, 0x34616133653631632d316631372d313165662d38, 'Wan Mohd Yusri', 'wmyusri@gmail.com', '', 151, 1, NULL, '2024-05-31 06:30:36'),
(4, 0x34616134376566662d316631372d313165662d38, 'Juan Emilio', 'jeffersonsotto@cctchemicals.net', '', 130, 1, NULL, '2024-05-31 06:30:36'),
(5, 0x34616135323366332d316631372d313165662d38, 'Paola Garcia', 'jeffersonsotto@cctchemicals.net', '', 130, 1, NULL, '2024-05-31 06:30:36'),
(6, 0x34616135663261632d316631372d313165662d38, 'Falcone', 'jeffersonsotto@cctchemicals.net', '', 130, 1, NULL, '2024-05-31 06:30:36'),
(7, 0x34616136633539652d316631372d313165662d38, 'Joel', 'jeffersonsotto@cctchemicals.net', '', 130, 1, NULL, '2024-05-31 06:30:36'),
(8, 0x34616137363033322d316631372d313165662d38, 'Margarette Louise', 'nathanaelquinones@cctchemicals.net', '', 130, 1, NULL, '2024-05-31 06:30:36'),
(9, 0x34616137663139642d316631372d313165662d38, 'Joshua Miguel', 'nathanaelquinones@cctchemicals.net', '', 130, 1, NULL, '2024-05-31 06:30:36'),
(10, 0x34616138373131322d316631372d313165662d38, 'Jesus', 'nathanaelquinones@cctchemicals.net', '', 130, 1, NULL, '2024-05-31 06:30:36'),
(11, 0x34616138666232652d316631372d313165662d38, 'Nathanael', 'nathanaelquinones@cctchemicals.net', '', 130, 1, NULL, '2024-05-31 06:30:36'),
(12, 0x34616139356566622d316631372d313165662d38, 'Sotto', 'jeffersonsotto@cctchemicals.net', '', 130, 1, NULL, '2024-05-31 06:30:36'),
(13, 0x34616161303837352d316631372d313165662d38, 'Ravi Shanker', 'info@surencooke.com', '', 179, 1, NULL, '2024-05-31 06:30:36'),
(14, 0x34616161623531662d316631372d313165662d38, 'Rajitha', 'rajitha@surencooke.com', '', 179, 1, NULL, '2024-05-31 06:30:36'),
(15, 0x34616162363766662d316631372d313165662d38, 'Pei Ling', 'kinpest.jb@gmail.com', '', 151, 1, NULL, '2024-05-31 06:30:36'),
(16, 0x34616163316265392d316631372d313165662d38, 'นางสาวศรัญญา   อาจหาญ', 'chemin_1980@hotmail.com', 'บริษัท เคมอิน อินคอร์โปเรชั่น จำกัด', 86, 1, NULL, '2024-05-31 06:30:36'),
(17, 0x34616163383639342d316631372d313165662d38, 'นางสาวอ้อมใจ   เหียดใส', 'chemin.saleservice@gmail.com', 'บริษัท เคมอิน อินคอร์โปเรชั่น จำกัด', 86, 1, NULL, '2024-05-31 06:30:36'),
(18, 0x34616164306263312d316631372d313165662d38, 'นางพจนา   วีแอนเดน', 'potjana@vpmc.co.th', 'บริษัท วีพี มอสคีโต คอนโทรล จำกัด', 86, 1, NULL, '2024-05-31 06:30:36'),
(19, 0x34616164396130342d316631372d313165662d38, 'นางสาวสุมาลี   ฉลวยเจริญวงศ์', 'sumalee.th2024@gmail.com', 'บริษัท เทมโป-เอเชีย จำกัด', 86, 1, NULL, '2024-05-31 06:30:36'),
(20, 0x34616165313537382d316631372d313165662d38, 'นางสาวปัณรวีย์   บุญคง', 'sumalee.th2024@gmail.com', 'บริษัท เทมโป-เอเชีย จำกัด', 86, 1, NULL, '2024-05-31 06:30:36'),
(21, 0x34616165373833302d316631372d313165662d38, 'นางสาวขวัญฤดี   ศรีกระทุม', 'sumalee.th2024@gmail.com', 'บริษัท เทมโป-เอเชีย จำกัด', 86, 1, NULL, '2024-05-31 06:30:36'),
(22, 0x34616165643532622d316631372d313165662d38, 'นายสุชาติ   หงส์พิลา', 'sumalee.th2024@gmail.com', 'บริษัท เทมโป-เอเชีย จำกัด', 86, 1, NULL, '2024-05-31 06:30:36'),
(23, 0x34616166336563612d316631372d313165662d38, 'นายณัฐพัชร์   แสนธรรมพล', 'sumalee.th2024@gmail.com', 'บริษัท เทมโป-เอเชีย จำกัด', 86, 1, NULL, '2024-05-31 06:30:36'),
(24, 0x34616166653866392d316631372d313165662d38, 'นางจันทรา   ลีละยุทธโยธิน', 'chantra.lee@gmail.com', 'บริษัท คิงส์ เซอร์วิส เซ็นเตอร์ จำกัด', 86, 1, NULL, '2024-05-31 06:30:36'),
(25, 0x34616230356163632d316631372d313165662d38, 'นายสุธี   ลีละยุทธโยธิน', 'sutee@kingservice.co.th', 'บริษัท คิงส์ เซอร์วิส เซ็นเตอร์ จำกัด', 86, 1, NULL, '2024-05-31 06:30:36'),
(26, 0x34616230633137332d316631372d313165662d38, 'นางภัทรา   ลีละยุทธโยธิน', 'patra@kingservice.co.th', 'บริษัท คิงส์ เซอร์วิส เซ็นเตอร์ จำกัด', 86, 1, NULL, '2024-05-31 06:30:36'),
(27, 0x34616231343065662d316631372d313165662d38, 'นายดนัย   พัชรพจนากรณ์', 'libra@kingservice.co.th', 'บริษัท คิงส์ เซอร์วิส เซ็นเตอร์ จำกัด', 86, 1, NULL, '2024-05-31 06:30:36'),
(28, 0x34616231636236382d316631372d313165662d38, 'นางสาวปุณิกา   อินทสุวรรณ์', 'punika@kingservice.co.th', 'บริษัท คิงส์ เซอร์วิส เซ็นเตอร์ จำกัด', 86, 1, NULL, '2024-05-31 06:30:36'),
(29, 0x34616232356461332d316631372d313165662d38, 'นางสาวจินตนา   วงศ์ภิญ', 'jintana@kingservice.co.th', 'บริษัท คิงส์ เซอร์วิส เซ็นเตอร์ จำกัด', 86, 1, NULL, '2024-05-31 06:30:36'),
(30, 0x34616232646565392d316631372d313165662d38, 'นางสาวนงนภัส   ปัญญายิ่ง', 'nongnaphat@kingservice.co.th', 'บริษัท คิงส์ เซอร์วิส เซ็นเตอร์ จำกัด', 86, 1, NULL, '2024-05-31 06:30:36'),
(31, 0x34616233356163322d316631372d313165662d38, 'นายธีธัช   เผือกโสภา', 'thithat.ph@gmail.com', 'บริษัท คิงส์ เซอร์วิส เซ็นเตอร์ จำกัด', 86, 1, NULL, '2024-05-31 06:30:36'),
(32, 0x34616233663634382d316631372d313165662d38, 'นางสาวละอองทิพย์   ใจสุข', 'laorngtip@kingservice.co.th', 'บริษัท คิงส์ เซอร์วิส เซ็นเตอร์ จำกัด', 86, 1, NULL, '2024-05-31 06:30:36'),
(33, 0x34616234383136322d316631372d313165662d38, 'นางสาวอุบลวรรณ   เนตรวงศ์', 'ubonwan@kingservice.co.th', 'บริษัท คิงส์ เซอร์วิส เซ็นเตอร์ จำกัด', 86, 1, NULL, '2024-05-31 06:30:36'),
(34, 0x34616234653030322d316631372d313165662d38, 'นางสาวศศิธร   โพธิ์ธานี', 'sasithon@kingservice.co.th', 'บริษัท คิงส์ เซอร์วิส เซ็นเตอร์ จำกัด', 86, 1, NULL, '2024-05-31 06:30:36'),
(35, 0x34616235336637382d316631372d313165662d38, 'นางสาวกานต์สิริ   กรรมใจ', 'kansiri@kingservice.co.th', 'บริษัท คิงส์ เซอร์วิส เซ็นเตอร์ จำกัด', 86, 1, NULL, '2024-05-31 06:30:36'),
(36, 0x34616235396432622d316631372d313165662d38, 'นางสาวกฤตยา คุ้นวงศ์', 'kritaya.c@ccspestcare.com', 'บริษัท ซี ซี เอส จำกัด (สำนักงานใหญ่)', 86, 1, NULL, '2024-05-31 06:30:36'),
(37, 0x34616236353333302d316631372d313165662d38, 'นางสาวสุมาวดี ทองคำ', 'sumawadee.t@ccspestcare.com', 'บริษัท ซี ซี เอส จำกัด (สำนักงานใหญ่)', 86, 1, NULL, '2024-05-31 06:30:36'),
(38, 0x34616236656462312d316631372d313165662d38, 'นายคมกริช สุดสาคร', 'khomkrit.s@ccspestcare.com', 'บริษัท ซี ซี เอส จำกัด (สำนักงานใหญ่)', 86, 1, NULL, '2024-05-31 06:30:36'),
(39, 0x34616237623038642d316631372d313165662d38, 'นางสาววิภาวี มีภูมิรู้', 'wipawee.m@ccspestcare.com', 'บริษัท ซี ซี เอส จำกัด (สำนักงานใหญ่)', 86, 1, NULL, '2024-05-31 06:30:37'),
(40, 0x34616238313837332d316631372d313165662d38, 'นายสมพล สุวรรณเนตร', 'sompol@csgroup.co.th', 'บริษัท ซี.เอส.กรุ๊ป จำกัด', 86, 1, NULL, '2024-05-31 06:30:37'),
(41, 0x34616238616138622d316631372d313165662d38, 'นายรัมย์ โรจน์รุ่งเรือง', 'rum@csgroup.co.th', 'บริษัท ซี.เอส.กรุ๊ป จำกัด', 86, 1, NULL, '2024-05-31 06:30:37'),
(42, 0x34616239323165652d316631372d313165662d38, 'Mr. Bharat Naik', 'lgm@ipmthailand.com', 'บริษัท อินโนเวทีฟ เพสท์ เมเนจเม้นท์ จำกัด', 86, 1, NULL, '2024-05-31 06:30:37'),
(43, 0x34616239383137612d316631372d313165662d38, 'Mr. Awdhesh Shukla', 'director@ipmthailand.com', 'บริษัท อินโนเวทีฟ เพสท์ เมเนจเม้นท์ จำกัด', 86, 1, NULL, '2024-05-31 06:30:37'),
(44, 0x34616261343365322d316631372d313165662d38, 'Rao', 'srrao4@gmail.com', '', 218, 1, NULL, '2024-05-31 06:30:37'),
(45, 0x34616262303064322d316631372d313165662d38, 'Pei Li', 'juhana.ismail@rentokil-initial.com', '', 101, 1, NULL, '2024-05-31 06:30:37'),
(46, 0x34616262613235332d316631372d313165662d38, 'Waie Kuan', 'carol.lam@rentokil-initial.com', '', 151, 1, NULL, '2024-05-31 06:30:37'),
(47, 0x34616263393765612d316631372d313165662d38, 'Andrew', 'enquiry@servcare.com.sg', '', 193, 1, NULL, '2024-05-31 06:30:37'),
(48, 0x34616264343565372d316631372d313165662d38, 'Victor', 'victor@ecospacepest.com.sg', '', 193, 1, NULL, '2024-05-31 06:30:37'),
(49, 0x34616264636334302d316631372d313165662d38, 'Rajesh Krish', 'needspestcontrol@rediffmail.com', '', 218, 1, NULL, '2024-05-31 06:30:37'),
(50, 0x34616265343037612d316631372d313165662d38, 'Ridzuan', 'ridzuan@entoworks.com', '', 151, 1, NULL, '2024-05-31 06:30:37'),
(51, 0x34616265623639332d316631372d313165662d38, 'Prafull Prabhakar Gurav', 'cleanpest@cleanpest.in', '', 218, 1, NULL, '2024-05-31 06:30:37'),
(52, 0x34616266343437642d316631372d313165662d38, 'Amit', 'amithanamghar@yahoo.com', '', 218, 1, NULL, '2024-05-31 06:30:37'),
(53, 0x34616266643561322d316631372d313165662d38, 'Hun Yuen', 'limhunyuen@yahoo.com', '', 151, 1, NULL, '2024-05-31 06:30:37'),
(54, 0x34616330393031302d316631372d313165662d38, 'Kim Hon', 'fongjac@pc.jaring.asia', '', 151, 1, NULL, '2024-05-31 06:30:37'),
(55, 0x34616331336666632d316631372d313165662d38, 'Weng Choy', 'eric@termguard.com', '', 151, 1, NULL, '2024-05-31 06:30:37'),
(56, 0x34616332316563302d316631372d313165662d38, 'Raoof', 'raoof@nontoxic.in', '', 218, 1, NULL, '2024-05-31 06:30:37'),
(57, 0x34616332636461312d316631372d313165662d38, 'Mei Ling', 'mebromml@mebrom.com', '', 151, 1, NULL, '2024-05-31 06:30:37'),
(58, 0x34616333363934372d316631372d313165662d38, 'Alex', 'alex@pyronesys.com', '', 186, 1, NULL, '2024-05-31 06:30:37'),
(59, 0x34616334343231332d316631372d313165662d38, 'Brian', 'brian@pyronesys.com', '', 186, 1, NULL, '2024-05-31 06:30:37'),
(60, 0x34616335326533622d316631372d313165662d38, 'Kyaw Swa', 'greenpestmyanmar@gmail.com', '', 128, 1, NULL, '2024-05-31 06:30:37'),
(61, 0x34616335653366392d316631372d313165662d38, 'Guruprasad', 'info@pestterminators.com', '', 218, 1, NULL, '2024-05-31 06:30:37'),
(62, 0x34616336383865352d316631372d313165662d38, 'Binay P Singh', 'binay@orionpest.com', '', 218, 1, NULL, '2024-05-31 06:30:37'),
(63, 0x34616337303764312d316631372d313165662d38, 'Ashutosh', 'bharatpest.jawale@gmail.com', '', 218, 1, NULL, '2024-05-31 06:30:37'),
(64, 0x34616337656639382d316631372d313165662d38, 'Vijay', 'unitedagricareindia@gmail.com', '', 218, 1, NULL, '2024-05-31 06:30:37'),
(65, 0x34616338386532652d316631372d313165662d38, 'Chee Siean', 'jeffery.ngoh@yahoo.com', '', 151, 1, NULL, '2024-05-31 06:30:37'),
(66, 0x34616339346339622d316631372d313165662d38, 'Rithy', 'limrithymba@gmail.com', '', 4, 1, NULL, '2024-05-31 06:30:37'),
(67, 0x34616339646664322d316631372d313165662d38, 'Sookhee', 'monica.mo@kukboscience.co.kr', '', 16, 1, NULL, '2024-05-31 06:30:37'),
(68, 0x34616361363339612d316631372d313165662d38, 'Jaeyoung', 'jenny@kukboscience.co.kr', '', 16, 1, NULL, '2024-05-31 06:30:37'),
(69, 0x34616362306131392d316631372d313165662d38, 'Rohan', 'rohanchavan@b-onein.com', '', 218, 1, NULL, '2024-05-31 06:30:37'),
(70, 0x34616362643530622d316631372d313165662d38, 'Jianzhong Edmund', 'kershing@cleansolutions.com.sg', '', 193, 1, NULL, '2024-05-31 06:30:37'),
(71, 0x34616363633130312d316631372d313165662d38, 'Jo Lynn', 'jolynn.teh@hysia.jp', '', 193, 1, NULL, '2024-05-31 06:30:37'),
(72, 0x34616364353862372d316631372d313165662d38, 'Kok Yong', 'bruce@emit.com.sg', '', 193, 1, NULL, '2024-05-31 06:30:37'),
(73, 0x34616365316239302d316631372d313165662d38, 'Scott', 'sclarke@termatrac.com', '', 208, 1, NULL, '2024-05-31 06:30:37'),
(74, 0x34616365623362362d316631372d313165662d38, 'Mohammad Azattul', 'juhana.ismail@rentokil-initial.com', '', 101, 1, NULL, '2024-05-31 06:30:37'),
(75, 0x34616366353462362d316631372d313165662d38, 'Rorifer Torres', 'juhana.ismail@rentokil-initial.com', '', 101, 1, NULL, '2024-05-31 06:30:37'),
(76, 0x34616430303764342d316631372d313165662d38, 'Khiong', 'juhana.ismail@rentokil-initial.com', '', 101, 1, NULL, '2024-05-31 06:30:37'),
(77, 0x34616430633965392d316631372d313165662d38, 'Tiama', 'juhana.ismail@rentokil-initial.com', '', 101, 1, NULL, '2024-05-31 06:30:37'),
(78, 0x34616431353237612d316631372d313165662d38, 'Guruprasada', 'guru@ipest.in', '', 218, 1, NULL, '2024-05-31 06:30:37'),
(79, 0x34616431643333632d316631372d313165662d38, 'Vasanthraj', 'guru@ipest.in', '', 218, 1, NULL, '2024-05-31 06:30:37'),
(80, 0x34616432373066372d316631372d313165662d38, 'Vm Prakash', 'kiranpest8@gmail.com', '', 218, 1, NULL, '2024-05-31 06:30:37'),
(81, 0x34616432653663652d316631372d313165662d38, 'Muniswamaiah', 'kiranpest8@gmail.com', '', 218, 1, NULL, '2024-05-31 06:30:37'),
(82, 0x34616433383463362d316631372d313165662d38, 'Huei Ying (Nancy)', 'shin@chunghsi.com.tw', '', 82, 1, NULL, '2024-05-31 06:30:37'),
(83, 0x34616434316363352d316631372d313165662d38, 'Wan Cheng (Allis)', 'shin@chunghsi.com.tw', '', 82, 1, NULL, '2024-05-31 06:30:37'),
(84, 0x34616434626331362d316631372d313165662d38, 'Tyagi', 'satishtyagijpr@gmail.com', '', 218, 1, NULL, '2024-05-31 06:30:37'),
(85, 0x34616435383134332d316631372d313165662d38, 'Sharma', 'satishtyagijpr@gmail.com', '', 218, 1, NULL, '2024-05-31 06:30:37'),
(86, 0x34616436323734342d316631372d313165662d38, 'Ruziyatul Aznieda', 'ruziyatul.aznieda@gmail.com', '', 151, 1, NULL, '2024-05-31 06:30:37'),
(87, 0x34616436626339362d316631372d313165662d38, 'Nur Amalina', 'ruziyatul.aznieda@gmail.com', '', 151, 1, NULL, '2024-05-31 06:30:37'),
(88, 0x34616437363334612d316631372d313165662d38, 'Seyha', 'info@lpestcontrol.com', '', 4, 1, NULL, '2024-05-31 06:30:37'),
(89, 0x34616437633935382d316631372d313165662d38, 'Huor', 'info@lpestcontrol.com', '', 4, 1, NULL, '2024-05-31 06:30:37'),
(90, 0x34616438356535312d316631372d313165662d38, 'Ravi Shankar', 'ravivyas@hotmail.com', '', 218, 1, NULL, '2024-05-31 06:30:37'),
(91, 0x34616439303236342d316631372d313165662d38, 'Ankush', 'ravivyas@hotmail.com', '', 218, 1, NULL, '2024-05-31 06:30:37'),
(92, 0x34616439383737372d316631372d313165662d38, 'Muhammad Syazwan', 'info.bioideas@gmail.com', '', 151, 1, NULL, '2024-05-31 06:30:37'),
(93, 0x34616461323130652d316631372d313165662d38, 'Mohd Qhairol Af Hafiz', 'info.bioideas@gmail.com', '', 151, 1, NULL, '2024-05-31 06:30:37'),
(94, 0x34616461626433312d316631372d313165662d38, 'Myla Sri Krishna Varma', 'quality_fumigation@yahoo.com', '', 218, 1, NULL, '2024-05-31 06:30:37'),
(95, 0x34616462393031662d316631372d313165662d38, 'Myla Asha', 'quality_fumigation@yahoo.com', '', 218, 1, NULL, '2024-05-31 06:30:37'),
(96, 0x34616463343361332d316631372d313165662d38, 'Ajay', 'mahalaxmiagro77@gmail.com', '', 218, 1, NULL, '2024-05-31 06:30:37'),
(97, 0x34616463643265392d316631372d313165662d38, 'Rajesh', 'mahalaxmiagro77@gmail.com', '', 218, 1, NULL, '2024-05-31 06:30:37'),
(98, 0x34616464613535652d316631372d313165662d38, 'Gaurav', 'gauravtota16@gmail.com', '', 218, 1, NULL, '2024-05-31 06:30:37'),
(99, 0x34616465363362382d316631372d313165662d38, 'Mahendra', 'gauravtota16@gmail.com', '', 218, 1, NULL, '2024-05-31 06:30:37'),
(100, 0x34616466333165322d316631372d313165662d38, 'Rakesh Kumar Singh', 'rakesh.pestcon@gmail.com', '', 218, 1, NULL, '2024-05-31 06:30:37'),
(101, 0x34616466666338342d316631372d313165662d38, 'Gautam Guchchhait', 'rakesh.pestcon@gmail.com', '', 218, 1, NULL, '2024-05-31 06:30:37'),
(102, 0x34616530616434622d316631372d313165662d38, 'Antoni', 'laboratorio@agrochem.es', '', 180, 1, NULL, '2024-05-31 06:30:37'),
(103, 0x34616531323738662d316631372d313165662d38, 'Eva', 'laboratorio@agrochem.es', '', 180, 1, NULL, '2024-05-31 06:30:37'),
(104, 0x34616531626630322d316631372d313165662d38, 'Hoe Chen Alex', 'hoechen.ling@spmglobal.co', '', 193, 1, NULL, '2024-05-31 06:30:37'),
(105, 0x34616532393030642d316631372d313165662d38, 'Iman Nassir', 'hoechen.ling@spmglobal.co', '', 193, 1, NULL, '2024-05-31 06:30:37'),
(106, 0x34616533313733612d316631372d313165662d38, 'Surendranath Reddy', 'surendranath.reddy@dekriminators.in', '', 218, 1, NULL, '2024-05-31 06:30:37'),
(107, 0x34616533626132312d316631372d313165662d38, 'N', 'surendranath.reddy@dekriminators.in', '', 218, 1, NULL, '2024-05-31 06:30:37'),
(108, 0x34616534326133372d316631372d313165662d38, 'King Siong', 'alex@innopest.my', '', 151, 1, NULL, '2024-05-31 06:30:37'),
(109, 0x34616534636233352d316631372d313165662d38, 'Gaik Hooi', 'alex@innopest.my', '', 151, 1, NULL, '2024-05-31 06:30:37'),
(110, 0x34616535353662352d316631372d313165662d38, 'Ajit Tavanappa', 'ajit.j@indianpestservices.com', '', 218, 1, NULL, '2024-05-31 06:30:37'),
(111, 0x34616535633436302d316631372d313165662d38, 'Prem Girishbhai', 'ajit.j@indianpestservices.com', '', 218, 1, NULL, '2024-05-31 06:30:37'),
(112, 0x34616536383830362d316631372d313165662d38, 'Chow-Yang Lee', '', '', 186, 1, NULL, '2024-05-31 06:30:37'),
(113, 0x34616537343436322d316631372d313165662d38, 'Bramantyo Wikantyoso', '', '', 219, 1, NULL, '2024-05-31 06:30:37'),
(114, 0x34616537646365372d316631372d313165662d38, 'Catherine Malveda-Baisas', '', '', 130, 1, NULL, '2024-05-31 06:30:37'),
(115, 0x34616538366535322d316631372d313165662d38, 'Chris Daeyun Kim', '', '', 86, 1, NULL, '2024-05-31 06:30:37'),
(116, 0x34616538663734642d316631372d313165662d38, 'Christina Liew', '', '', 193, 1, NULL, '2024-05-31 06:30:37'),
(117, 0x34616539363063662d316631372d313165662d38, 'Chun-I Chiu', '', '', 86, 1, NULL, '2024-05-31 06:30:37'),
(118, 0x34616561306462652d316631372d313165662d38, 'Decha Wiwatwittaya', '', '', 86, 1, NULL, '2024-05-31 06:30:37'),
(119, 0x34616561633463362d316631372d313165662d38, 'Faith Oi', '', '', 186, 1, NULL, '2024-05-31 06:30:37'),
(120, 0x34616562343861382d316631372d313165662d38, 'Harlan Bengardi', '', '', 219, 1, NULL, '2024-05-31 06:30:37'),
(121, 0x34616562663133642d316631372d313165662d38, 'Indra Vythilingam', '', '', 218, 1, NULL, '2024-05-31 06:30:37'),
(122, 0x34616563393532662d316631372d313165662d38, 'Intan Ahmad', '', '', 219, 1, NULL, '2024-05-31 06:30:37'),
(123, 0x34616564356462332d316631372d313165662d38, 'Kok-Boon Neoh', '', '', 82, 1, NULL, '2024-05-31 06:30:37'),
(124, 0x34616565366365662d316631372d313165662d38, 'Menandro Acda', '', '', 130, 1, NULL, '2024-05-31 06:30:37'),
(125, 0x34616566303233302d316631372d313165662d38, 'Neena Singla', '', '', 218, 1, NULL, '2024-05-31 06:30:37'),
(126, 0x34616566393430632d316631372d313165662d38, 'Partho Dhang', '', '', 130, 1, NULL, '2024-05-31 06:30:37'),
(127, 0x34616630336238662d316631372d313165662d38, 'Rungarun Tisgratog', '', '', 86, 1, NULL, '2024-05-31 06:30:37'),
(128, 0x34616630663064322d316631372d313165662d38, 'Scotty Yang', '', '', 71, 1, NULL, '2024-05-31 06:30:37'),
(129, 0x34616631363163342d316631372d313165662d38, 'S Khoirul Himmi', '', '', 219, 1, NULL, '2024-05-31 06:30:37'),
(130, 0x34616632303939302d316631372d313165662d38, 'S Sivakumar', '', '', 218, 1, NULL, '2024-05-31 06:30:37'),
(131, 0x34616632383133632d316631372d313165662d38, 'Theeraphap Chareonviriyaphap', '', '', 86, 1, NULL, '2024-05-31 06:30:37'),
(132, 0x34616632656336342d316631372d313165662d38, 'Tony Poulsen', '', '', 193, 1, NULL, '2024-05-31 06:30:37'),
(133, 0x34616633386432652d316631372d313165662d38, 'Raymond Lee', '', '', 151, 1, NULL, '2024-05-31 06:30:37'),
(134, 0x34616634343764302d316631372d313165662d38, 'Drajat Nugraha', '', '', 219, 1, NULL, '2024-05-31 06:30:37'),
(135, 0x34616634656133322d316631372d313165662d38, 'Suchart Leelayouthyotin', '', '', 86, 1, NULL, '2024-05-31 06:30:37'),
(136, 0x34616635613264312d316631372d313165662d38, 'Hemang Prakash', '', '', 218, 1, NULL, '2024-05-31 06:30:37'),
(137, 0x34616636333734642d316631372d313165662d38, 'Selvarajan Muthiah', '', '', 151, 1, NULL, '2024-05-31 06:30:37'),
(138, 0x34616636636139622d316631372d313165662d38, 'Liwayway Clemente-Cordel', '', '', 130, 1, NULL, '2024-05-31 06:30:37'),
(139, 0x34616637346430342d316631372d313165662d38, 'Sathes Raamachandran', '', '', 118, 1, NULL, '2024-05-31 06:30:37'),
(140, 0x34616637626635382d316631372d313165662d38, 'Albert Lee', '', '', 193, 1, NULL, '2024-05-31 06:30:37'),
(141, 0x34616638323639372d316631372d313165662d38, 'Ras Patel', '', '', 188, 1, NULL, '2024-05-31 06:30:37'),
(142, 0x34616638613430642d316631372d313165662d38, 'Supanut Kiatyingpracha', '', '', 86, 1, NULL, '2024-05-31 06:30:37'),
(143, 0x34616639316132622d316631372d313165662d38, 'Winyoo Jesadavisut', '', '', 86, 1, NULL, '2024-05-31 06:30:37'),
(144, 0x34616639383461392d316631372d313165662d38, 'นิรันดร์ ศิริอาภรณ์ธรรม', '', '', 86, 1, NULL, '2024-05-31 06:30:37'),
(145, 0x34616661316238342d316631372d313165662d38, 'นิรันดร์ จอนแจ้ง', '', '', 86, 1, NULL, '2024-05-31 06:30:37'),
(146, 0x34616661386163342d316631372d313165662d38, 'สุมาลี ฉลวยเจิญวงศ์', '', '', 86, 1, NULL, '2024-05-31 06:30:37'),
(147, 0x34616662316531372d316631372d313165662d38, 'อัศนีย์ ดาวเรือง', '', '', 86, 1, NULL, '2024-05-31 06:30:37'),
(148, 0x34616662636362352d316631372d313165662d38, 'สรรค์เศรษฐ์ สุจวิพันธ์', '', '', 86, 1, NULL, '2024-05-31 06:30:37'),
(149, 0x34616663356536322d316631372d313165662d38, 'ธนากร โรจน์รุ่งเรือง', '', '', 86, 1, NULL, '2024-05-31 06:30:37'),
(150, 0x34616663656130362d316631372d313165662d38, 'วุฒิไกร เมธิสริยพงศ์', '', '', 86, 1, NULL, '2024-05-31 06:30:37'),
(151, 0x34616664373832652d316631372d313165662d38, 'ชัยชนะ ขันติสิทธิ์', '', '', 86, 1, NULL, '2024-05-31 06:30:37'),
(152, 0x34616664653461362d316631372d313165662d38, 'สุรัฐ เอิบธรรม', '', '', 86, 1, NULL, '2024-05-31 06:30:37'),
(153, 0x34616665366533652d316631372d313165662d38, 'กรัสนัย เล้าประเสริฐ', '', '', 86, 1, NULL, '2024-05-31 06:30:37'),
(154, 0x34616665666532382d316631372d313165662d38, 'สุภาพร เครือถาวร', '', '', 86, 1, NULL, '2024-05-31 06:30:37'),
(155, 0x34616666383865342d316631372d313165662d38, 'สุทิน ใหม่รัตนกุล', '', '', 86, 1, NULL, '2024-05-31 06:30:37'),
(156, 0x34623030313361392d316631372d313165662d38, 'สุริยา เหลาทอง', '', '', 86, 1, NULL, '2024-05-31 06:30:37'),
(157, 0x34623030393565322d316631372d313165662d38, 'สุภาพร ช้างสีสุก', '', '', 86, 1, NULL, '2024-05-31 06:30:37'),
(158, 0x34623031353166642d316631372d313165662d38, 'ผศ.รัชฎาวรรณ เงินกลั่น', '', '', 86, 1, NULL, '2024-05-31 06:30:37'),
(159, 0x34623031653930342d316631372d313165662d38, 'ดร. จิโรจ นระรักษ์', '', '', 86, 1, NULL, '2024-05-31 06:30:37'),
(160, 0x34623032643362652d316631372d313165662d38, 'Haris Pratama Putra', 'haris@kemika.co.id', '', 219, 1, NULL, '2024-05-31 06:30:37'),
(161, 0x34623033373164382d316631372d313165662d38, 'Salva Yurivan Saragih', 'salvagemilang@gmail.com', '', 219, 1, NULL, '2024-05-31 06:30:37'),
(162, 0x34623034316237372d316631372d313165662d38, 'Tambos Alberd San', 'tambos01@yahoo.com', '', 219, 1, NULL, '2024-05-31 06:30:37'),
(163, 0x34623034633363372d316631372d313165662d38, 'Sustina', 'rama.pangestu@proton.co.id', '', 219, 1, NULL, '2024-05-31 06:30:37'),
(164, 0x34623035333832612d316631372d313165662d38, 'Jasin Mohammad', 'diantamaagroindo@gmail.com', '', 219, 1, NULL, '2024-05-31 06:30:37'),
(165, 0x34623035666365302d316631372d313165662d38, 'Rocky Yanu Mahendra', 'info@remapest.com', '', 219, 1, NULL, '2024-05-31 06:30:37'),
(166, 0x34623036376636372d316631372d313165662d38, 'Sudarmono', 'agathamiairvana@gmail.com', '', 219, 1, NULL, '2024-05-31 06:30:37'),
(167, 0x34623037313830392d316631372d313165662d38, 'Agatahmia Irvanah', 'agathamiairvana@gmail.com', '', 219, 1, NULL, '2024-05-31 06:30:37'),
(168, 0x34623037613430322d316631372d313165662d38, 'Marina Santigi Karema', 'karema.marina@orcidmantis.co.id', '', 219, 1, NULL, '2024-05-31 06:30:37'),
(169, 0x34623038323663622d316631372d313165662d38, 'Lily Suraningsih Hadisuwito', 'lily_suraningsih@yahoo.co.id', '', 219, 1, NULL, '2024-05-31 06:30:37'),
(170, 0x34623038626264622d316631372d313165662d38, 'Muhammad Sulthan Haramain', 'sulthanharamain@gmail.com', '', 219, 1, NULL, '2024-05-31 06:30:37'),
(171, 0x34623039336234382d316631372d313165662d38, 'Achmad Pardomuan S', 'doans.mpc@gmail.com / doan@mympc.co.id', '', 219, 1, NULL, '2024-05-31 06:30:37'),
(172, 0x34623039636537622d316631372d313165662d38, 'Andi Carolus Partogi Sihombing', 'andisihombing@yahoo.com', '', 219, 1, NULL, '2024-05-31 06:30:37'),
(173, 0x34623061363734392d316631372d313165662d38, 'Abdul Rahman', 'amman.bille@gmail.com', '', 219, 1, NULL, '2024-05-31 06:30:37'),
(174, 0x34623062303763662d316631372d313165662d38, 'Aryo Virqi Pratama', 'ilham.fumigasi@gmail.com', '', 219, 1, NULL, '2024-05-31 06:30:37'),
(175, 0x34623063326539332d316631372d313165662d38, 'Eko Puji Sri Haryanto', 'ekopsh@gmail.com', '', 219, 1, NULL, '2024-05-31 06:30:37'),
(176, 0x34623063643131332d316631372d313165662d38, 'Erizal  Sikumbang', 'erizalsikumbang1@gmail.com', '', 219, 1, NULL, '2024-05-31 06:30:37'),
(177, 0x34623064383436632d316631372d313165662d38, 'Ibrahim', 'ibrahim@kemika.co.id', '', 219, 1, NULL, '2024-05-31 06:30:37'),
(178, 0x34623065323036622d316631372d313165662d38, 'Hilmi  Haidar  Atsauri', 'hilmi.atsauri@gmail.com', '', 219, 1, NULL, '2024-05-31 06:30:37'),
(179, 0x34623065616463322d316631372d313165662d38, 'Zulkirman', 'zulkirman@myg.co.id', '', 219, 1, NULL, '2024-05-31 06:30:37'),
(180, 0x34623066663731372d316631372d313165662d38, 'Endra Gunawan', 'endra@myg.co.id', '', 219, 1, NULL, '2024-05-31 06:30:37'),
(181, 0x34623130396161302d316631372d313165662d38, 'Rama Adi Pangestu', 'rama.pangestu@proton.co.id', '', 219, 1, NULL, '2024-05-31 06:30:37'),
(182, 0x34623131376330312d316631372d313165662d38, 'Ahmad  Zazili', 'ahmad.zazili@proton.co.id', '', 219, 1, NULL, '2024-05-31 06:30:37'),
(183, 0x34623132303739652d316631372d313165662d38, 'Henry  Ferdianto', 'henry.ferdianto@gmail.com', '', 219, 1, NULL, '2024-05-31 06:30:37'),
(184, 0x34623132363665322d316631372d313165662d38, 'Ahmad  Hidayat', 'info@remapest.com', '', 219, 1, NULL, '2024-05-31 06:30:37'),
(185, 0x34623132643362362d316631372d313165662d38, 'Ir. Ricad  Efendi Siregar', 'ricad.efendi@gmail.com', '', 219, 1, NULL, '2024-05-31 06:30:37'),
(186, 0x34623133383861622d316631372d313165662d38, 'Suharsono', 'suharsonoharjo56@gmail.com', '', 219, 1, NULL, '2024-05-31 06:30:37'),
(187, 0x34623133656234302d316631372d313165662d38, 'Enjang Rahmat Safari', 'enjang.rsafari74@gmail.com', '', 219, 1, NULL, '2024-05-31 06:30:37'),
(188, 0x34623134363939302d316631372d313165662d38, 'Ayi Muhiban', 'ayi.3pls@gmail.com', '', 219, 1, NULL, '2024-05-31 06:30:37'),
(189, 0x34623134646136392d316631372d313165662d38, 'Nurdin', 'adm.petrokil@gmail.com', '', 219, 1, NULL, '2024-05-31 06:30:37'),
(190, 0x34623135343430312d316631372d313165662d38, 'Sulkifly', 'sulkifly@pestigo.id', '', 219, 1, NULL, '2024-05-31 06:30:37'),
(191, 0x34623135613533652d316631372d313165662d38, 'Rifki  Rizki  Arief', 'rr.arief@orcidmantis.co.id', '', 219, 1, NULL, '2024-05-31 06:30:37'),
(192, 0x34623136326330642d316631372d313165662d38, 'Andri  Haryo  Saputro', 'andri.hsaputro@orcidmantis.co.id', '', 219, 1, NULL, '2024-05-31 06:30:37'),
(193, 0x34623136633636622d316631372d313165662d38, 'Atep Muhammad  Nurdin', 'atep.tiganur@gmail.com', '', 219, 1, NULL, '2024-05-31 06:30:37'),
(194, 0x34623137356631342d316631372d313165662d38, 'Kemal  Ashiddiq', '30896kemal@gmail.com', '', 219, 1, NULL, '2024-05-31 06:30:37'),
(195, 0x34623138303639362d316631372d313165662d38, 'Intania  Alifiah', 'tania@pestigo.id', '', 219, 1, NULL, '2024-05-31 06:30:37'),
(196, 0x34623138656266642d316631372d313165662d38, 'Dyah  Rini  Puspitasari', 'dyahrini.aag@gmail.com', '', 219, 1, NULL, '2024-05-31 06:30:37'),
(197, 0x34623139353861332d316631372d313165662d38, 'Sri  Waluyo', 'info.unipest@gmail.com', '', 219, 1, NULL, '2024-05-31 06:30:37'),
(198, 0x34623139646661342d316631372d313165662d38, 'Triyadi', 'info.unipest@gmail.com', '', 219, 1, NULL, '2024-05-31 06:30:37');

-- --------------------------------------------------------

--
-- Table structure for table `customer_type`
--

CREATE TABLE `customer_type` (
  `id` int NOT NULL,
  `uuid` binary(20) NOT NULL,
  `name` varchar(100) COLLATE utf8mb4_general_ci NOT NULL,
  `status` int NOT NULL DEFAULT '1',
  `updated` datetime DEFAULT NULL,
  `created` datetime NOT NULL DEFAULT CURRENT_TIMESTAMP
) ENGINE=InnoDB DEFAULT CHARSET=utf8mb4 COLLATE=utf8mb4_general_ci;

--
-- Dumping data for table `customer_type`
--

INSERT INTO `customer_type` (`id`, `uuid`, `name`, `status`, `updated`, `created`) VALUES
(1, 0x33316332633566332d306139612d313165662d38, 'VIP', 1, '2024-05-28 09:17:57', '2024-05-05 11:44:44'),
(2, 0x34353735346634342d306139612d313165662d38, 'Customer', 1, NULL, '2024-05-05 11:45:17');

-- --------------------------------------------------------

--
-- Table structure for table `event_item`
--

CREATE TABLE `event_item` (
  `id` int NOT NULL,
  `event_id` int NOT NULL,
  `name` varchar(200) COLLATE utf8mb4_general_ci NOT NULL,
  `price` decimal(20,2) NOT NULL,
  `text` text COLLATE utf8mb4_general_ci NOT NULL,
  `status` int NOT NULL DEFAULT '1',
  `updated` datetime DEFAULT NULL
) ENGINE=InnoDB DEFAULT CHARSET=utf8mb4 COLLATE=utf8mb4_general_ci;

--
-- Dumping data for table `event_item`
--

INSERT INTO `event_item` (`id`, `event_id`, `name`, `price`, `text`, `status`, `updated`) VALUES
(1, 1, 'Single Member Pack', '250.00', '1 Member : Full registration + Gala Dinner', 1, '2024-05-31 06:23:51'),
(2, 1, 'Single Member with Room Pack', '350.00', '1 Member : Full registration + Gala Dinner + 1 room 2 nights (Double room for 1 member)*', 1, '2024-05-31 06:23:51'),
(3, 1, 'Duo Member with Room Pack', '600.00', '2 Members : 2 Full registrations + 2 Gala Dinner + 1 room 2 nights (Shared Double room for 2 members)*', 1, '2024-05-31 06:23:51'),
(4, 1, 'Single Non-member Pack', '400.00', '1 Non-member : Full registration + Gala Dinne', 1, '2024-05-31 06:23:51'),
(5, 1, 'Thai Member', '0.00', '1 Member', 1, '2024-05-31 06:23:51'),
(6, 1, 'VIP', '0.00', '1 Member', 1, '2024-05-31 06:23:51'),
(7, 1, 'Indonesia: Single Member with Room Pack', '350.00', 'Indonesia: 1 Member : Full registration + Gala Dinner + 1 room 2 nights (Double room for 1 member)*', 1, NULL),
(8, 1, 'Indonesia: Duo Member with Room Pack', '600.00', 'Indonesia: 2 Members : 2 Full registrations + 2 Gala Dinner + 1 room 2 nights (Shared Double room for 2 members)*', 1, NULL);

-- --------------------------------------------------------

--
-- Table structure for table `event_request`
--

CREATE TABLE `event_request` (
  `id` int NOT NULL,
  `uuid` binary(20) NOT NULL,
  `name` varchar(200) COLLATE utf8mb4_general_ci NOT NULL,
  `topic` text COLLATE utf8mb4_general_ci NOT NULL,
  `date` varchar(100) COLLATE utf8mb4_general_ci NOT NULL,
  `start` date NOT NULL,
  `end` date NOT NULL,
  `status` int NOT NULL DEFAULT '1',
  `updated` datetime DEFAULT NULL,
  `created` datetime NOT NULL DEFAULT CURRENT_TIMESTAMP
) ENGINE=InnoDB DEFAULT CHARSET=utf8mb4 COLLATE=utf8mb4_general_ci;

--
-- Dumping data for table `event_request`
--

INSERT INTO `event_request` (`id`, `uuid`, `name`, `topic`, `date`, `start`, `end`, `status`, `updated`, `created`) VALUES
(1, 0x35303963636636372d306261372d313165662d61, '[APMA] ASIAN PEST MANAGEMENT ASSOCIATION', '- Future Outlook of Pest Management\r\n- Business Outlook &amp; Innovation\r\n- Termite and General Pest Control Sessions\r\n- Vector Control Situation around Asia\r\n- New Trends in Urban Pest Management', '10/06/2024 - 11/06/2024', '2024-06-10', '2024-06-11', 1, '2024-05-31 06:23:51', '2024-05-06 19:51:11');

-- --------------------------------------------------------

--
-- Table structure for table `login`
--

CREATE TABLE `login` (
  `id` int NOT NULL,
  `uuid` binary(20) DEFAULT NULL,
  `email` varchar(100) COLLATE utf8mb4_general_ci NOT NULL,
  `password` varchar(200) COLLATE utf8mb4_general_ci NOT NULL,
  `level` int NOT NULL DEFAULT '1',
  `status` int NOT NULL DEFAULT '1',
  `updated` datetime DEFAULT NULL,
  `created` datetime NOT NULL DEFAULT CURRENT_TIMESTAMP
) ENGINE=InnoDB DEFAULT CHARSET=utf8mb4 COLLATE=utf8mb4_general_ci;

--
-- Dumping data for table `login`
--

INSERT INTO `login` (`id`, `uuid`, `email`, `password`, `level`, `status`, `updated`, `created`) VALUES
(1, 0x30323133653763342d383961612d313165652d62, 'admin@test.com', '$2y$10$zgN7Tu3Yxcj/w0KCbhEBy.5EuYiJRPaDMd50CJ4L0D5a7pcVh/dgC', 9, 1, '2024-04-30 13:58:31', '2023-11-23 09:42:54');

-- --------------------------------------------------------

--
-- Table structure for table `registration`
--

CREATE TABLE `registration` (
  `id` int NOT NULL,
  `uuid` binary(20) NOT NULL,
  `code` varchar(10) COLLATE utf8mb4_general_ci NOT NULL,
  `user` int NOT NULL,
  `type` varchar(100) COLLATE utf8mb4_general_ci NOT NULL,
  `event` int NOT NULL,
  `package` int NOT NULL,
  `status` int NOT NULL DEFAULT '1',
  `updated` datetime DEFAULT NULL,
  `created` datetime NOT NULL DEFAULT CURRENT_TIMESTAMP
) ENGINE=InnoDB DEFAULT CHARSET=utf8mb4 COLLATE=utf8mb4_general_ci;

--
-- Dumping data for table `registration`
--

INSERT INTO `registration` (`id`, `uuid`, `code`, `user`, `type`, `event`, `package`, `status`, `updated`, `created`) VALUES
(1, 0x34623161636435662d316631372d313165662d38, 'A001', 1, 'Customer', 1, 1, 1, NULL, '2024-05-31 06:30:37'),
(2, 0x34623162396335352d316631372d313165662d38, 'A002', 2, 'Customer', 1, 1, 1, NULL, '2024-05-31 06:30:37'),
(3, 0x34623163353932612d316631372d313165662d38, 'A003', 3, 'Customer', 1, 1, 1, NULL, '2024-05-31 06:30:37'),
(4, 0x34623163656439382d316631372d313165662d38, 'A004', 4, 'Customer', 1, 1, 1, NULL, '2024-05-31 06:30:37'),
(5, 0x34623164633062612d316631372d313165662d38, 'A005', 5, 'Customer', 1, 1, 1, NULL, '2024-05-31 06:30:37'),
(6, 0x34623165386166632d316631372d313165662d38, 'A006', 6, 'Customer', 1, 1, 1, NULL, '2024-05-31 06:30:37'),
(7, 0x34623166323039342d316631372d313165662d38, 'A007', 7, 'Customer', 1, 1, 1, NULL, '2024-05-31 06:30:37'),
(8, 0x34623166626261642d316631372d313165662d38, 'A008', 8, 'Customer', 1, 1, 1, NULL, '2024-05-31 06:30:37'),
(9, 0x34623231656462382d316631372d313165662d38, 'A009', 9, 'Customer', 1, 1, 1, NULL, '2024-05-31 06:30:37'),
(10, 0x34623232626463612d316631372d313165662d38, 'A010', 10, 'Customer', 1, 1, 1, NULL, '2024-05-31 06:30:37'),
(11, 0x34623233396330652d316631372d313165662d38, 'A011', 11, 'Customer', 1, 1, 1, NULL, '2024-05-31 06:30:37'),
(12, 0x34623234363434362d316631372d313165662d38, 'A012', 12, 'Customer', 1, 1, 1, NULL, '2024-05-31 06:30:37'),
(13, 0x34623235323363382d316631372d313165662d38, 'A013', 13, 'Customer', 1, 1, 1, NULL, '2024-05-31 06:30:37'),
(14, 0x34623235396132612d316631372d313165662d38, 'A014', 14, 'Customer', 1, 1, 1, NULL, '2024-05-31 06:30:37'),
(15, 0x34623236316632612d316631372d313165662d38, 'A015', 15, 'Customer', 1, 1, 1, NULL, '2024-05-31 06:30:37'),
(16, 0x34623236616232302d316631372d313165662d38, 'AT001', 16, 'Customer', 1, 5, 1, NULL, '2024-05-31 06:30:37'),
(17, 0x34623237363538312d316631372d313165662d38, 'AT002', 17, 'Customer', 1, 5, 1, NULL, '2024-05-31 06:30:37'),
(18, 0x34623237643830622d316631372d313165662d38, 'AT003', 18, 'Customer', 1, 5, 1, NULL, '2024-05-31 06:30:37'),
(19, 0x34623238333865332d316631372d313165662d38, 'AT004', 19, 'Customer', 1, 5, 1, NULL, '2024-05-31 06:30:37'),
(20, 0x34623238656364312d316631372d313165662d38, 'AT005', 20, 'Customer', 1, 5, 1, NULL, '2024-05-31 06:30:37'),
(21, 0x34623239363866652d316631372d313165662d38, 'AT006', 21, 'Customer', 1, 5, 1, NULL, '2024-05-31 06:30:37'),
(22, 0x34623239643765342d316631372d313165662d38, 'AT007', 22, 'Customer', 1, 5, 1, NULL, '2024-05-31 06:30:37'),
(23, 0x34623261376135352d316631372d313165662d38, 'AT008', 23, 'Customer', 1, 5, 1, NULL, '2024-05-31 06:30:37'),
(24, 0x34623262303430302d316631372d313165662d38, 'AT009', 24, 'Customer', 1, 5, 1, NULL, '2024-05-31 06:30:37'),
(25, 0x34623262383332342d316631372d313165662d38, 'AT010', 25, 'Customer', 1, 5, 1, NULL, '2024-05-31 06:30:37'),
(26, 0x34623262666639652d316631372d313165662d38, 'AT011', 26, 'Customer', 1, 5, 1, NULL, '2024-05-31 06:30:37'),
(27, 0x34623263396465382d316631372d313165662d38, 'AT012', 27, 'Customer', 1, 5, 1, NULL, '2024-05-31 06:30:37'),
(28, 0x34623264333636332d316631372d313165662d38, 'AT013', 28, 'Customer', 1, 5, 1, NULL, '2024-05-31 06:30:37'),
(29, 0x34623264633934312d316631372d313165662d38, 'AT014', 29, 'Customer', 1, 5, 1, NULL, '2024-05-31 06:30:37'),
(30, 0x34623265356436662d316631372d313165662d38, 'AT015', 30, 'Customer', 1, 5, 1, NULL, '2024-05-31 06:30:37'),
(31, 0x34623266353964302d316631372d313165662d38, 'AT016', 31, 'Customer', 1, 5, 1, NULL, '2024-05-31 06:30:37'),
(32, 0x34623330313361302d316631372d313165662d38, 'AT017', 32, 'Customer', 1, 5, 1, NULL, '2024-05-31 06:30:37'),
(33, 0x34623330643766312d316631372d313165662d38, 'AT018', 33, 'Customer', 1, 5, 1, NULL, '2024-05-31 06:30:37'),
(34, 0x34623333326262392d316631372d313165662d38, 'AT019', 34, 'Customer', 1, 5, 1, NULL, '2024-05-31 06:30:37'),
(35, 0x34623333636166642d316631372d313165662d38, 'AT020', 35, 'Customer', 1, 5, 1, NULL, '2024-05-31 06:30:37'),
(36, 0x34623334346435632d316631372d313165662d38, 'AT021', 36, 'Customer', 1, 5, 1, NULL, '2024-05-31 06:30:37'),
(37, 0x34623334636463382d316631372d313165662d38, 'AT022', 37, 'Customer', 1, 5, 1, NULL, '2024-05-31 06:30:37'),
(38, 0x34623335356462342d316631372d313165662d38, 'AT023', 38, 'Customer', 1, 5, 1, NULL, '2024-05-31 06:30:37'),
(39, 0x34623335643339322d316631372d313165662d38, 'AT024', 39, 'Customer', 1, 5, 1, NULL, '2024-05-31 06:30:37'),
(40, 0x34623336386334622d316631372d313165662d38, 'AT025', 40, 'Customer', 1, 5, 1, NULL, '2024-05-31 06:30:37'),
(41, 0x34623337303531332d316631372d313165662d38, 'AT026', 41, 'Customer', 1, 5, 1, NULL, '2024-05-31 06:30:37'),
(42, 0x34623337663761642d316631372d313165662d38, 'AT027', 42, 'Customer', 1, 5, 1, NULL, '2024-05-31 06:30:37'),
(43, 0x34623338376364622d316631372d313165662d38, 'AT028', 43, 'Customer', 1, 5, 1, NULL, '2024-05-31 06:30:37'),
(44, 0x34623338666639642d316631372d313165662d38, 'B001', 44, 'Customer', 1, 2, 1, NULL, '2024-05-31 06:30:37'),
(45, 0x34623339383330342d316631372d313165662d38, 'B002', 45, 'Customer', 1, 2, 1, NULL, '2024-05-31 06:30:37'),
(46, 0x34623361303362372d316631372d313165662d38, 'B003', 46, 'Customer', 1, 2, 1, NULL, '2024-05-31 06:30:37'),
(47, 0x34623361393664312d316631372d313165662d38, 'B004', 47, 'Customer', 1, 2, 1, NULL, '2024-05-31 06:30:37'),
(48, 0x34623362313761642d316631372d313165662d38, 'B005', 48, 'Customer', 1, 2, 1, NULL, '2024-05-31 06:30:37'),
(49, 0x34623362376533332d316631372d313165662d38, 'B006', 49, 'Customer', 1, 2, 1, NULL, '2024-05-31 06:30:37'),
(50, 0x34623363333762662d316631372d313165662d38, 'B007', 50, 'Customer', 1, 2, 1, NULL, '2024-05-31 06:30:37'),
(51, 0x34623363613537662d316631372d313165662d38, 'B008', 51, 'Customer', 1, 2, 1, NULL, '2024-05-31 06:30:37'),
(52, 0x34623364363432372d316631372d313165662d38, 'B009', 52, 'Customer', 1, 2, 1, NULL, '2024-05-31 06:30:37'),
(53, 0x34623364663536312d316631372d313165662d38, 'B010', 53, 'Customer', 1, 2, 1, NULL, '2024-05-31 06:30:37'),
(54, 0x34623365373064392d316631372d313165662d38, 'B011', 54, 'Customer', 1, 2, 1, NULL, '2024-05-31 06:30:37'),
(55, 0x34623366326465312d316631372d313165662d38, 'B012', 55, 'Customer', 1, 2, 1, NULL, '2024-05-31 06:30:37'),
(56, 0x34623366623333352d316631372d313165662d38, 'B013', 56, 'Customer', 1, 2, 1, NULL, '2024-05-31 06:30:37'),
(57, 0x34623430323465642d316631372d313165662d38, 'B014', 57, 'Customer', 1, 2, 1, NULL, '2024-05-31 06:30:37'),
(58, 0x34623430626530612d316631372d313165662d38, 'B015', 58, 'Customer', 1, 2, 1, NULL, '2024-05-31 06:30:37'),
(59, 0x34623431383437372d316631372d313165662d38, 'B016', 59, 'Customer', 1, 2, 1, NULL, '2024-05-31 06:30:37'),
(60, 0x34623431666666342d316631372d313165662d38, 'B017', 60, 'Customer', 1, 2, 1, NULL, '2024-05-31 06:30:37'),
(61, 0x34623432376139352d316631372d313165662d38, 'B018', 61, 'Customer', 1, 2, 1, NULL, '2024-05-31 06:30:37'),
(62, 0x34623432663933332d316631372d313165662d38, 'B019', 62, 'Customer', 1, 2, 1, NULL, '2024-05-31 06:30:37'),
(63, 0x34623433633130382d316631372d313165662d38, 'B020', 63, 'Customer', 1, 2, 1, NULL, '2024-05-31 06:30:37'),
(64, 0x34623434373635332d316631372d313165662d38, 'B021', 64, 'Customer', 1, 2, 1, NULL, '2024-05-31 06:30:37'),
(65, 0x34623435323765332d316631372d313165662d38, 'B022', 65, 'Customer', 1, 2, 1, NULL, '2024-05-31 06:30:37'),
(66, 0x34623435616234302d316631372d313165662d38, 'B023', 66, 'Customer', 1, 2, 1, NULL, '2024-05-31 06:30:37'),
(67, 0x34623436333833342d316631372d313165662d38, 'B024', 67, 'Customer', 1, 2, 1, NULL, '2024-05-31 06:30:37'),
(68, 0x34623436643365612d316631372d313165662d38, 'B025', 68, 'Customer', 1, 2, 1, NULL, '2024-05-31 06:30:37'),
(69, 0x34623437353565312d316631372d313165662d38, 'B026', 69, 'Customer', 1, 2, 1, NULL, '2024-05-31 06:30:37'),
(70, 0x34623437626464352d316631372d313165662d38, 'C001', 70, 'Customer', 1, 4, 1, NULL, '2024-05-31 06:30:37'),
(71, 0x34623438343034382d316631372d313165662d38, 'C002', 71, 'Customer', 1, 4, 1, NULL, '2024-05-31 06:30:37'),
(72, 0x34623438616339632d316631372d313165662d38, 'C003', 72, 'Customer', 1, 4, 1, NULL, '2024-05-31 06:30:37'),
(73, 0x34623439323965342d316631372d313165662d38, 'C004', 73, 'Customer', 1, 4, 1, NULL, '2024-05-31 06:30:37'),
(74, 0x34623439656564312d316631372d313165662d38, 'D001', 74, 'Customer', 1, 3, 1, NULL, '2024-05-31 06:30:37'),
(75, 0x34623461393136642d316631372d313165662d38, 'D002', 75, 'Customer', 1, 3, 1, NULL, '2024-05-31 06:30:37'),
(76, 0x34623462316338642d316631372d313165662d38, 'D003', 76, 'Customer', 1, 3, 1, NULL, '2024-05-31 06:30:37'),
(77, 0x34623462396234642d316631372d313165662d38, 'D004', 77, 'Customer', 1, 3, 1, NULL, '2024-05-31 06:30:37'),
(78, 0x34623463306638332d316631372d313165662d38, 'D005', 78, 'Customer', 1, 3, 1, NULL, '2024-05-31 06:30:37'),
(79, 0x34623463393165332d316631372d313165662d38, 'D006', 79, 'Customer', 1, 3, 1, NULL, '2024-05-31 06:30:37'),
(80, 0x34623464333838632d316631372d313165662d38, 'D007', 80, 'Customer', 1, 3, 1, NULL, '2024-05-31 06:30:37'),
(81, 0x34623464643061302d316631372d313165662d38, 'D008', 81, 'Customer', 1, 3, 1, NULL, '2024-05-31 06:30:37'),
(82, 0x34623465353230342d316631372d313165662d38, 'D009', 82, 'Customer', 1, 3, 1, NULL, '2024-05-31 06:30:37'),
(83, 0x34623465636239302d316631372d313165662d38, 'D010', 83, 'Customer', 1, 3, 1, NULL, '2024-05-31 06:30:37'),
(84, 0x34623466356531632d316631372d313165662d38, 'D011', 84, 'Customer', 1, 3, 1, NULL, '2024-05-31 06:30:37'),
(85, 0x34623530326166392d316631372d313165662d38, 'D012', 85, 'Customer', 1, 3, 1, NULL, '2024-05-31 06:30:38'),
(86, 0x34623530646639342d316631372d313165662d38, 'D013', 86, 'Customer', 1, 3, 1, NULL, '2024-05-31 06:30:38'),
(87, 0x34623531353830612d316631372d313165662d38, 'D014', 87, 'Customer', 1, 3, 1, NULL, '2024-05-31 06:30:38'),
(88, 0x34623531643964612d316631372d313165662d38, 'D015', 88, 'Customer', 1, 3, 1, NULL, '2024-05-31 06:30:38'),
(89, 0x34623532373561632d316631372d313165662d38, 'D016', 89, 'Customer', 1, 3, 1, NULL, '2024-05-31 06:30:38'),
(90, 0x34623532663730312d316631372d313165662d38, 'D017', 90, 'Customer', 1, 3, 1, NULL, '2024-05-31 06:30:38'),
(91, 0x34623533373130372d316631372d313165662d38, 'D018', 91, 'Customer', 1, 3, 1, NULL, '2024-05-31 06:30:38'),
(92, 0x34623534313730322d316631372d313165662d38, 'D019', 92, 'Customer', 1, 3, 1, NULL, '2024-05-31 06:30:38'),
(93, 0x34623534383338642d316631372d313165662d38, 'D020', 93, 'Customer', 1, 3, 1, NULL, '2024-05-31 06:30:38'),
(94, 0x34623534666139332d316631372d313165662d38, 'D021', 94, 'Customer', 1, 3, 1, NULL, '2024-05-31 06:30:38'),
(95, 0x34623535363631662d316631372d313165662d38, 'D022', 95, 'Customer', 1, 3, 1, NULL, '2024-05-31 06:30:38'),
(96, 0x34623536326231662d316631372d313165662d38, 'D023', 96, 'Customer', 1, 3, 1, NULL, '2024-05-31 06:30:38'),
(97, 0x34623536633038622d316631372d313165662d38, 'D024', 97, 'Customer', 1, 3, 1, NULL, '2024-05-31 06:30:38'),
(98, 0x34623537366262372d316631372d313165662d38, 'D025', 98, 'Customer', 1, 3, 1, NULL, '2024-05-31 06:30:38'),
(99, 0x34623537663766322d316631372d313165662d38, 'D026', 99, 'Customer', 1, 3, 1, NULL, '2024-05-31 06:30:38'),
(100, 0x34623538393332312d316631372d313165662d38, 'D027', 100, 'Customer', 1, 3, 1, NULL, '2024-05-31 06:30:38'),
(101, 0x34623539333032652d316631372d313165662d38, 'D028', 101, 'Customer', 1, 3, 1, NULL, '2024-05-31 06:30:38'),
(102, 0x34623539643138662d316631372d313165662d38, 'D029', 102, 'Customer', 1, 3, 1, NULL, '2024-05-31 06:30:38'),
(103, 0x34623561363561312d316631372d313165662d38, 'D030', 103, 'Customer', 1, 3, 1, NULL, '2024-05-31 06:30:38'),
(104, 0x34623561653462352d316631372d313165662d38, 'D031', 104, 'Customer', 1, 3, 1, NULL, '2024-05-31 06:30:38'),
(105, 0x34623562343963632d316631372d313165662d38, 'D032', 105, 'Customer', 1, 3, 1, NULL, '2024-05-31 06:30:38'),
(106, 0x34623562653732322d316631372d313165662d38, 'D033', 106, 'Customer', 1, 3, 1, NULL, '2024-05-31 06:30:38'),
(107, 0x34623563383930652d316631372d313165662d38, 'D034', 107, 'Customer', 1, 3, 1, NULL, '2024-05-31 06:30:38'),
(108, 0x34623564303536612d316631372d313165662d38, 'D035', 108, 'Customer', 1, 3, 1, NULL, '2024-05-31 06:30:38'),
(109, 0x34623564383565612d316631372d313165662d38, 'D036', 109, 'Customer', 1, 3, 1, NULL, '2024-05-31 06:30:38'),
(110, 0x34623565323062382d316631372d313165662d38, 'D037', 110, 'Customer', 1, 3, 1, NULL, '2024-05-31 06:30:38'),
(111, 0x34623565393365372d316631372d313165662d38, 'D038', 111, 'Customer', 1, 3, 1, NULL, '2024-05-31 06:30:38'),
(112, 0x34623566316437642d316631372d313165662d38, 'VIP 001', 112, 'Keynote Speaker', 1, 6, 1, NULL, '2024-05-31 06:30:38'),
(113, 0x34623566383466622d316631372d313165662d38, 'VIP 002', 113, 'Speaker', 1, 6, 1, NULL, '2024-05-31 06:30:38'),
(114, 0x34623630303635322d316631372d313165662d38, 'VIP 003', 114, 'Speaker', 1, 6, 1, NULL, '2024-05-31 06:30:38'),
(115, 0x34623630373235662d316631372d313165662d38, 'VIP 004', 115, 'Speaker', 1, 6, 1, NULL, '2024-05-31 06:30:38'),
(116, 0x34623631366532612d316631372d313165662d38, 'VIP 005', 116, 'Speaker', 1, 6, 1, NULL, '2024-05-31 06:30:38'),
(117, 0x34623632306664322d316631372d313165662d38, 'VIP 006', 117, 'Speaker', 1, 6, 1, NULL, '2024-05-31 06:30:38'),
(118, 0x34623633343630632d316631372d313165662d38, 'VIP 007', 118, 'Speaker', 1, 6, 1, NULL, '2024-05-31 06:30:38'),
(119, 0x34623633636535312d316631372d313165662d38, 'VIP 008', 119, 'Speaker', 1, 6, 1, NULL, '2024-05-31 06:30:38'),
(120, 0x34623634336363612d316631372d313165662d38, 'VIP 009', 120, 'Speaker', 1, 6, 1, NULL, '2024-05-31 06:30:38'),
(121, 0x34623634613732322d316631372d313165662d38, 'VIP 010', 121, 'Speaker', 1, 6, 1, NULL, '2024-05-31 06:30:38'),
(122, 0x34623635313964372d316631372d313165662d38, 'VIP 011', 122, 'Speaker', 1, 6, 1, NULL, '2024-05-31 06:30:38'),
(123, 0x34623635393862392d316631372d313165662d38, 'VIP 012', 123, 'Speaker', 1, 6, 1, NULL, '2024-05-31 06:30:38'),
(124, 0x34623636323132352d316631372d313165662d38, 'VIP 013', 124, 'Speaker', 1, 6, 1, NULL, '2024-05-31 06:30:38'),
(125, 0x34623637313638332d316631372d313165662d38, 'VIP 014', 125, 'Speaker', 1, 6, 1, NULL, '2024-05-31 06:30:38'),
(126, 0x34623637613839322d316631372d313165662d38, 'VIP 015', 126, 'Speaker', 1, 6, 1, NULL, '2024-05-31 06:30:38'),
(127, 0x34623638356234642d316631372d313165662d38, 'VIP 016', 127, 'Speaker', 1, 6, 1, NULL, '2024-05-31 06:30:38'),
(128, 0x34623639323265642d316631372d313165662d38, 'VIP 017', 128, 'Speaker', 1, 6, 1, NULL, '2024-05-31 06:30:38'),
(129, 0x34623661383832392d316631372d313165662d38, 'VIP 018', 129, 'Speaker', 1, 6, 1, NULL, '2024-05-31 06:30:38'),
(130, 0x34623662313831362d316631372d313165662d38, 'VIP 019', 130, 'Speaker & Exco', 1, 6, 1, NULL, '2024-05-31 06:30:38'),
(131, 0x34623662383864652d316631372d313165662d38, 'VIP 020', 131, 'Speaker', 1, 6, 1, NULL, '2024-05-31 06:30:38'),
(132, 0x34623662663730332d316631372d313165662d38, 'VIP 021', 132, 'Speaker', 1, 6, 1, NULL, '2024-05-31 06:30:38'),
(133, 0x34623663353863632d316631372d313165662d38, 'VIP 022', 133, 'EXCO & Moderator', 1, 6, 1, NULL, '2024-05-31 06:30:38'),
(134, 0x34623663643165652d316631372d313165662d38, 'VIP 023', 134, 'EXCO & Moderator', 1, 6, 1, NULL, '2024-05-31 06:30:38'),
(135, 0x34623664333234642d316631372d313165662d38, 'VIP 024', 135, 'President of APMA', 1, 6, 1, NULL, '2024-05-31 06:30:38'),
(136, 0x34623664396636642d316631372d313165662d38, 'VIP 025', 136, 'EXCO', 1, 6, 1, NULL, '2024-05-31 06:30:38'),
(137, 0x34623665313930312d316631372d313165662d38, 'VIP 026', 137, 'EXCO', 1, 6, 1, NULL, '2024-05-31 06:30:38'),
(138, 0x34623665373965382d316631372d313165662d38, 'VIP 027', 138, 'EXCO', 1, 6, 1, NULL, '2024-05-31 06:30:38'),
(139, 0x34623665666534622d316631372d313165662d38, 'VIP 028', 139, 'EXCO', 1, 6, 1, NULL, '2024-05-31 06:30:38'),
(140, 0x34623666616461642d316631372d313165662d38, 'VIP 029', 140, 'EXCO', 1, 6, 1, NULL, '2024-05-31 06:30:38'),
(141, 0x34623730333635302d316631372d313165662d38, 'VIP 030', 141, 'Advertiser', 1, 6, 1, NULL, '2024-05-31 06:30:38'),
(142, 0x34623730393562302d316631372d313165662d38, 'VIP 031', 142, 'Organizing Chairman APMA 2024', 1, 6, 1, NULL, '2024-05-31 06:30:38'),
(143, 0x34623731313231612d316631372d313165662d38, 'VIP 032', 143, 'President of TPMA', 1, 6, 1, NULL, '2024-05-31 06:30:38'),
(144, 0x34623732353730622d316631372d313165662d38, 'VIP 033', 144, 'อุปนายกฝ่ายบริหาร', 1, 6, 1, NULL, '2024-05-31 06:30:38'),
(145, 0x34623732643962302d316631372d313165662d38, 'VIP 034', 145, 'อุปนายกฝ่ายวิชาการ', 1, 6, 1, NULL, '2024-05-31 06:30:38'),
(146, 0x34623733663564372d316631372d313165662d38, 'VIP 035', 146, 'กรรมการและเหรัญญิก', 1, 6, 1, NULL, '2024-05-31 06:30:38'),
(147, 0x34623735323432622d316631372d313165662d38, 'VIP 036', 147, 'กรรมการและเลขานุการ', 1, 6, 1, NULL, '2024-05-31 06:30:38'),
(148, 0x34623735636437652d316631372d313165662d38, 'VIP 037', 148, 'กรรมการและฝ่ายทะเบียน', 1, 6, 1, NULL, '2024-05-31 06:30:38'),
(149, 0x34623736363133652d316631372d313165662d38, 'VIP 038', 149, 'กรรมการ', 1, 6, 1, NULL, '2024-05-31 06:30:38'),
(150, 0x34623737353031622d316631372d313165662d38, 'VIP 039', 150, 'กรรมการ', 1, 6, 1, NULL, '2024-05-31 06:30:38'),
(151, 0x34623737633436662d316631372d313165662d38, 'VIP 040', 151, 'กรรมการ', 1, 6, 1, NULL, '2024-05-31 06:30:38'),
(152, 0x34623738336264342d316631372d313165662d38, 'VIP 041', 152, 'กรรมการ', 1, 6, 1, NULL, '2024-05-31 06:30:38'),
(153, 0x34623738653065662d316631372d313165662d38, 'VIP 042', 153, 'กรรมการ', 1, 6, 1, NULL, '2024-05-31 06:30:38'),
(154, 0x34623739393561362d316631372d313165662d38, 'VIP 043', 154, 'กรรมการ', 1, 6, 1, NULL, '2024-05-31 06:30:38'),
(155, 0x34623761323463392d316631372d313165662d38, 'VIP 044', 155, 'ที่ปรึกษา', 1, 6, 1, NULL, '2024-05-31 06:30:38'),
(156, 0x34623761623531332d316631372d313165662d38, 'VIP 045', 156, 'ที่ปรึกษา', 1, 6, 1, NULL, '2024-05-31 06:30:38'),
(157, 0x34623762343534652d316631372d313165662d38, 'VIP 046', 157, 'เจ้าหน้าที่สมาคม', 1, 6, 1, NULL, '2024-05-31 06:30:38'),
(158, 0x34623762653565332d316631372d313165662d38, 'VIP 047', 158, 'Guest', 1, 6, 1, NULL, '2024-05-31 06:30:38'),
(159, 0x34623763383237322d316631372d313165662d38, 'VIP 048', 159, 'Guest', 1, 6, 1, NULL, '2024-05-31 06:30:38'),
(160, 0x34623764626437652d316631372d313165662d38, 'B-ID001', 160, 'Customer', 1, 7, 1, NULL, '2024-05-31 06:30:38'),
(161, 0x34623765343434392d316631372d313165662d38, 'B-ID002', 161, 'Customer', 1, 7, 1, NULL, '2024-05-31 06:30:38'),
(162, 0x34623765646465302d316631372d313165662d38, 'B-ID003', 162, 'Customer', 1, 7, 1, NULL, '2024-05-31 06:30:38'),
(163, 0x34623766356566382d316631372d313165662d38, 'B-ID004', 163, 'Customer', 1, 7, 1, NULL, '2024-05-31 06:30:38'),
(164, 0x34623766663162382d316631372d313165662d38, 'B-ID005', 164, 'Customer', 1, 7, 1, NULL, '2024-05-31 06:30:38'),
(165, 0x34623830373731372d316631372d313165662d38, 'B-ID006', 165, 'Customer', 1, 7, 1, NULL, '2024-05-31 06:30:38'),
(166, 0x34623830656431632d316631372d313165662d38, 'B-ID007', 166, 'Customer', 1, 7, 1, NULL, '2024-05-31 06:30:38'),
(167, 0x34623831623239632d316631372d313165662d38, 'B-ID008', 167, 'Customer', 1, 7, 1, NULL, '2024-05-31 06:30:38'),
(168, 0x34623832333233642d316631372d313165662d38, 'B-ID009', 168, 'Customer', 1, 7, 1, NULL, '2024-05-31 06:30:38'),
(169, 0x34623832616365662d316631372d313165662d38, 'B-ID010', 169, 'Customer', 1, 7, 1, NULL, '2024-05-31 06:30:38'),
(170, 0x34623833353563642d316631372d313165662d38, 'B-ID011', 170, 'Customer', 1, 7, 1, NULL, '2024-05-31 06:30:38'),
(171, 0x34623834386135392d316631372d313165662d38, 'B-ID012', 171, 'Customer', 1, 7, 1, NULL, '2024-05-31 06:30:38'),
(172, 0x34623835336463302d316631372d313165662d38, 'B-ID013', 172, 'Customer', 1, 7, 1, NULL, '2024-05-31 06:30:38'),
(173, 0x34623835616333382d316631372d313165662d38, 'B-ID014', 173, 'Customer', 1, 7, 1, NULL, '2024-05-31 06:30:38'),
(174, 0x34623836393332372d316631372d313165662d38, 'B-ID015', 174, 'Customer', 1, 7, 1, NULL, '2024-05-31 06:30:38'),
(175, 0x34623837363231372d316631372d313165662d38, 'D-ID001', 175, 'Customer', 1, 8, 1, NULL, '2024-05-31 06:30:38'),
(176, 0x34623838316264332d316631372d313165662d38, 'D-ID002', 176, 'Customer', 1, 8, 1, NULL, '2024-05-31 06:30:38'),
(177, 0x34623838656532312d316631372d313165662d38, 'D-ID003', 177, 'Customer', 1, 8, 1, NULL, '2024-05-31 06:30:38'),
(178, 0x34623839383531652d316631372d313165662d38, 'D-ID004', 178, 'Customer', 1, 8, 1, NULL, '2024-05-31 06:30:38'),
(179, 0x34623861326366642d316631372d313165662d38, 'D-ID005', 179, 'Customer', 1, 8, 1, NULL, '2024-05-31 06:30:38'),
(180, 0x34623861636337302d316631372d313165662d38, 'D-ID006', 180, 'Customer', 1, 8, 1, NULL, '2024-05-31 06:30:38'),
(181, 0x34623862336461322d316631372d313165662d38, 'D-ID007', 181, 'Customer', 1, 8, 1, NULL, '2024-05-31 06:30:38'),
(182, 0x34623863343034302d316631372d313165662d38, 'D-ID008', 182, 'Customer', 1, 8, 1, NULL, '2024-05-31 06:30:38'),
(183, 0x34623863623761632d316631372d313165662d38, 'D-ID009', 183, 'Customer', 1, 8, 1, NULL, '2024-05-31 06:30:38'),
(184, 0x34623864326565342d316631372d313165662d38, 'D-ID010', 184, 'Customer', 1, 8, 1, NULL, '2024-05-31 06:30:38'),
(185, 0x34623864643833322d316631372d313165662d38, 'D-ID011', 185, 'Customer', 1, 8, 1, NULL, '2024-05-31 06:30:38'),
(186, 0x34623865613565372d316631372d313165662d38, 'D-ID012', 186, 'Customer', 1, 8, 1, NULL, '2024-05-31 06:30:38'),
(187, 0x34623866623333662d316631372d313165662d38, 'D-ID013', 187, 'Customer', 1, 8, 1, NULL, '2024-05-31 06:30:38'),
(188, 0x34623930343863342d316631372d313165662d38, 'D-ID014', 188, 'Customer', 1, 8, 1, NULL, '2024-05-31 06:30:38'),
(189, 0x34623931313833652d316631372d313165662d38, 'D-ID015', 189, 'Customer', 1, 8, 1, NULL, '2024-05-31 06:30:38'),
(190, 0x34623931633535632d316631372d313165662d38, 'D-ID016', 190, 'Customer', 1, 8, 1, NULL, '2024-05-31 06:30:38'),
(191, 0x34623932363534322d316631372d313165662d38, 'D-ID017', 191, 'Customer', 1, 8, 1, NULL, '2024-05-31 06:30:38'),
(192, 0x34623932656463632d316631372d313165662d38, 'D-ID018', 192, 'Customer', 1, 8, 1, NULL, '2024-05-31 06:30:38'),
(193, 0x34623933613165372d316631372d313165662d38, 'D-ID019', 193, 'Customer', 1, 8, 1, NULL, '2024-05-31 06:30:38'),
(194, 0x34623934326434632d316631372d313165662d38, 'D-ID020', 194, 'Customer', 1, 8, 1, NULL, '2024-05-31 06:30:38'),
(195, 0x34623934613238612d316631372d313165662d38, 'D-ID021', 195, 'Customer', 1, 8, 1, NULL, '2024-05-31 06:30:38'),
(196, 0x34623935323032652d316631372d313165662d38, 'D-ID022', 196, 'Customer', 1, 8, 1, NULL, '2024-05-31 06:30:38'),
(197, 0x34623935396163662d316631372d313165662d38, 'D-ID023', 197, 'Customer', 1, 8, 1, NULL, '2024-05-31 06:30:38'),
(198, 0x34623936316635352d316631372d313165662d38, 'D-ID024', 198, 'Customer', 1, 8, 1, NULL, '2024-05-31 06:30:38');

-- --------------------------------------------------------

--
-- Table structure for table `system`
--

CREATE TABLE `system` (
  `id` int NOT NULL,
  `name` varchar(200) COLLATE utf8mb4_general_ci NOT NULL,
  `email` varchar(100) COLLATE utf8mb4_general_ci NOT NULL,
  `password_email` varchar(200) COLLATE utf8mb4_general_ci NOT NULL,
  `password_default` varchar(50) COLLATE utf8mb4_general_ci NOT NULL,
  `updated` datetime DEFAULT NULL
) ENGINE=InnoDB DEFAULT CHARSET=utf8mb4 COLLATE=utf8mb4_general_ci;

--
-- Dumping data for table `system`
--

INSERT INTO `system` (`id`, `name`, `email`, `password_email`, `password_default`, `updated`) VALUES
(1, 'REGISTRATION', 'cpl.issue@gmail.com', 'wtubrchtfugusotb', 'testtest', '2024-05-31 04:06:58');

-- --------------------------------------------------------

--
-- Table structure for table `user`
--

CREATE TABLE `user` (
  `id` int NOT NULL,
  `login` int NOT NULL,
  `firstname` varchar(100) COLLATE utf8mb4_general_ci NOT NULL,
  `lastname` varchar(100) COLLATE utf8mb4_general_ci NOT NULL,
  `contact` varchar(100) COLLATE utf8mb4_general_ci NOT NULL
) ENGINE=InnoDB DEFAULT CHARSET=utf8mb4 COLLATE=utf8mb4_general_ci;

--
-- Dumping data for table `user`
--

INSERT INTO `user` (`id`, `login`, `firstname`, `lastname`, `contact`) VALUES
(1, 1, 'admin', 'system', '199');

--
-- Indexes for dumped tables
--

--
-- Indexes for table `country`
--
ALTER TABLE `country`
  ADD PRIMARY KEY (`id`);

--
-- Indexes for table `customer`
--
ALTER TABLE `customer`
  ADD PRIMARY KEY (`id`);

--
-- Indexes for table `customer_type`
--
ALTER TABLE `customer_type`
  ADD PRIMARY KEY (`id`);

--
-- Indexes for table `event_item`
--
ALTER TABLE `event_item`
  ADD PRIMARY KEY (`id`);

--
-- Indexes for table `event_request`
--
ALTER TABLE `event_request`
  ADD PRIMARY KEY (`id`);

--
-- Indexes for table `login`
--
ALTER TABLE `login`
  ADD PRIMARY KEY (`id`);

--
-- Indexes for table `registration`
--
ALTER TABLE `registration`
  ADD PRIMARY KEY (`id`);

--
-- Indexes for table `system`
--
ALTER TABLE `system`
  ADD PRIMARY KEY (`id`);

--
-- Indexes for table `user`
--
ALTER TABLE `user`
  ADD PRIMARY KEY (`id`);

--
-- AUTO_INCREMENT for dumped tables
--

--
-- AUTO_INCREMENT for table `country`
--
ALTER TABLE `country`
  MODIFY `id` int NOT NULL AUTO_INCREMENT, AUTO_INCREMENT=249;

--
-- AUTO_INCREMENT for table `customer`
--
ALTER TABLE `customer`
  MODIFY `id` int NOT NULL AUTO_INCREMENT, AUTO_INCREMENT=199;

--
-- AUTO_INCREMENT for table `customer_type`
--
ALTER TABLE `customer_type`
  MODIFY `id` int NOT NULL AUTO_INCREMENT, AUTO_INCREMENT=4;

--
-- AUTO_INCREMENT for table `event_item`
--
ALTER TABLE `event_item`
  MODIFY `id` int NOT NULL AUTO_INCREMENT, AUTO_INCREMENT=9;

--
-- AUTO_INCREMENT for table `event_request`
--
ALTER TABLE `event_request`
  MODIFY `id` int NOT NULL AUTO_INCREMENT, AUTO_INCREMENT=2;

--
-- AUTO_INCREMENT for table `login`
--
ALTER TABLE `login`
  MODIFY `id` int NOT NULL AUTO_INCREMENT, AUTO_INCREMENT=2;

--
-- AUTO_INCREMENT for table `registration`
--
ALTER TABLE `registration`
  MODIFY `id` int NOT NULL AUTO_INCREMENT, AUTO_INCREMENT=199;

--
-- AUTO_INCREMENT for table `system`
--
ALTER TABLE `system`
  MODIFY `id` int NOT NULL AUTO_INCREMENT, AUTO_INCREMENT=2;

--
-- AUTO_INCREMENT for table `user`
--
ALTER TABLE `user`
  MODIFY `id` int NOT NULL AUTO_INCREMENT, AUTO_INCREMENT=2;
COMMIT;

/*!40101 SET CHARACTER_SET_CLIENT=@OLD_CHARACTER_SET_CLIENT */;
/*!40101 SET CHARACTER_SET_RESULTS=@OLD_CHARACTER_SET_RESULTS */;
/*!40101 SET COLLATION_CONNECTION=@OLD_COLLATION_CONNECTION */;
