-- phpMyAdmin SQL Dump
-- version 4.9.5deb2
-- https://www.phpmyadmin.net/
--
-- Host: localhost:3306
-- Generation Time: Jun 10, 2024 at 05:53 AM
-- Server version: 8.0.36-0ubuntu0.20.04.1
-- PHP Version: 7.4.3-4ubuntu2.22

SET SQL_MODE = "NO_AUTO_VALUE_ON_ZERO";
SET AUTOCOMMIT = 0;
START TRANSACTION;
SET time_zone = "+00:00";


/*!40101 SET @OLD_CHARACTER_SET_CLIENT=@@CHARACTER_SET_CLIENT */;
/*!40101 SET @OLD_CHARACTER_SET_RESULTS=@@CHARACTER_SET_RESULTS */;
/*!40101 SET @OLD_COLLATION_CONNECTION=@@COLLATION_CONNECTION */;
/*!40101 SET NAMES utf8mb4 */;

--
-- Database: `event`
--

-- --------------------------------------------------------

--
-- Table structure for table `country`
--

CREATE TABLE `country` (
  `id` int NOT NULL,
  `uuid` binary(20) NOT NULL,
  `name_th` varchar(100) COLLATE utf8mb4_general_ci NOT NULL,
  `name_en` varchar(100) COLLATE utf8mb4_general_ci NOT NULL,
  `code` varchar(10) COLLATE utf8mb4_general_ci NOT NULL,
  `status` int NOT NULL DEFAULT '1',
  `updated` datetime DEFAULT NULL,
  `created` datetime NOT NULL DEFAULT CURRENT_TIMESTAMP
) ENGINE=InnoDB DEFAULT CHARSET=utf8mb4 COLLATE=utf8mb4_general_ci;

--
-- Dumping data for table `country`
--

INSERT INTO `country` (`id`, `uuid`, `name_th`, `name_en`, `code`, `status`, `updated`, `created`) VALUES
(1, 0x61306334383434652d306163392d313165662d38, 'กรีซ', 'Greece', 'GR', 1, NULL, '2024-05-05 17:24:17'),
(2, 0x61306335313632352d306163392d313165662d38, 'กรีนแลนด์', 'Greenland', 'GL', 1, NULL, '2024-05-05 17:24:17'),
(3, 0x61306335616466342d306163392d313165662d38, 'กวม', 'Guam', 'GU', 1, NULL, '2024-05-05 17:24:17'),
(4, 0x61306335663831312d306163392d313165662d38, 'กัมพูชา', 'Cambodia', 'KH', 1, NULL, '2024-05-05 17:24:17'),
(5, 0x61306336343136302d306163392d313165662d38, 'กัวเดอลุป', 'Guadeloupe', 'GP', 1, NULL, '2024-05-05 17:24:17'),
(6, 0x61306336383635662d306163392d313165662d38, 'กัวเตมาลา', 'Guatemala', 'GT', 1, NULL, '2024-05-05 17:24:17'),
(7, 0x61306336636261352d306163392d313165662d38, 'กาตาร์', 'Qatar', 'QA', 1, NULL, '2024-05-05 17:24:17'),
(8, 0x61306337313131332d306163392d313165662d38, 'กานา', 'Ghana', 'GH', 1, NULL, '2024-05-05 17:24:17'),
(9, 0x61306337353263362d306163392d313165662d38, 'กาบอง', 'Gabon', 'GA', 1, NULL, '2024-05-05 17:24:17'),
(10, 0x61306337393336342d306163392d313165662d38, 'กาบูเวร์ดี', 'Cabo Verde', 'CV', 1, NULL, '2024-05-05 17:24:17'),
(11, 0x61306337643263362d306163392d313165662d38, 'กายอานา', 'Guyana', 'GY', 1, NULL, '2024-05-05 17:24:17'),
(12, 0x61306338313333352d306163392d313165662d38, 'กินี', 'Guinea', 'GN', 1, NULL, '2024-05-05 17:24:17'),
(13, 0x61306338353065622d306163392d313165662d38, 'กินี-บิสเซา', 'Guinea-Bissau', 'GW', 1, NULL, '2024-05-05 17:24:17'),
(14, 0x61306338386631382d306163392d313165662d38, 'กือราเซา', 'Curaçao', 'CW', 1, NULL, '2024-05-05 17:24:17'),
(15, 0x61306338633931382d306163392d313165662d38, 'เกรเนดา', 'Grenada', 'GD', 1, NULL, '2024-05-05 17:24:17'),
(16, 0x61306339336635342d306163392d313165662d38, 'เกาหลีใต้', 'South Korea', 'KR', 1, NULL, '2024-05-05 17:24:17'),
(17, 0x61306339373934392d306163392d313165662d38, 'เกาหลีเหนือ', 'North Korea', 'KP', 1, NULL, '2024-05-05 17:24:17'),
(18, 0x61306339623535392d306163392d313165662d38, 'เกาะคริสต์มาส', 'Christmas Island', 'CX', 1, NULL, '2024-05-05 17:24:17'),
(19, 0x61306339656532362d306163392d313165662d38, 'เกาะเซาท์จอร์เจียและหมู่เกาะเซาท์แซนด์วิช', 'South Georgia and the South Sandwich Islands', 'GS', 1, NULL, '2024-05-05 17:24:17'),
(20, 0x61306361333437302d306163392d313165662d38, 'เกาะนอร์ฟอล์ก', 'Norfolk Island', 'NF', 1, NULL, '2024-05-05 17:24:17'),
(21, 0x61306361373231382d306163392d313165662d38, 'เกาะบูเวต์', 'Bouvet Island', 'BV', 1, NULL, '2024-05-05 17:24:17'),
(22, 0x61306361616232362d306163392d313165662d38, 'เกาะเล็กรอบนอกของสหรัฐอเมริกา', 'United States Minor Outlying Islands', 'UM', 1, NULL, '2024-05-05 17:24:17'),
(23, 0x61306361653238332d306163392d313165662d38, 'เกาะเฮิร์ดและหมู่เกาะแมกดอนัลด์', 'Heard Island and McDonald Islands', 'HM', 1, NULL, '2024-05-05 17:24:17'),
(24, 0x61306362316233392d306163392d313165662d38, 'เกิร์นซีย์', 'Guernsey', 'GG', 1, NULL, '2024-05-05 17:24:17'),
(25, 0x61306362353134342d306163392d313165662d38, 'แกมเบีย', 'Gambia', 'GM', 1, NULL, '2024-05-05 17:24:17'),
(26, 0x61306362386135302d306163392d313165662d38, 'โกตดิวัวร์', 'Côte d\'Ivoire', 'CI', 1, NULL, '2024-05-05 17:24:17'),
(27, 0x61306362626432332d306163392d313165662d38, 'คอโมโรส', 'Comoros', 'KM', 1, NULL, '2024-05-05 17:24:17'),
(28, 0x61306363323265372d306163392d313165662d38, 'คอสตาริกา', 'Costa Rica', 'CR', 1, NULL, '2024-05-05 17:24:17'),
(29, 0x61306363353866312d306163392d313165662d38, 'คาซัคสถาน', 'Kazakhstan', 'KZ', 1, NULL, '2024-05-05 17:24:17'),
(30, 0x61306363393231332d306163392d313165662d38, 'คิริบาส', 'Kiribati', 'KI', 1, NULL, '2024-05-05 17:24:17'),
(31, 0x61306363633965622d306163392d313165662d38, 'คิวบา', 'Cuba', 'CU', 1, NULL, '2024-05-05 17:24:17'),
(32, 0x61306363666564652d306163392d313165662d38, 'คีร์กีซสถาน', 'Kyrgyzstan', 'KG', 1, NULL, '2024-05-05 17:24:17'),
(33, 0x61306364333564392d306163392d313165662d38, 'คูเวต', 'Kuwait', 'KW', 1, NULL, '2024-05-05 17:24:17'),
(34, 0x61306364366434662d306163392d313165662d38, 'เคนยา', 'Kenya', 'KE', 1, NULL, '2024-05-05 17:24:17'),
(35, 0x61306364613434322d306163392d313165662d38, 'แคนาดา', 'Canada', 'CA', 1, NULL, '2024-05-05 17:24:17'),
(36, 0x61306364646534642d306163392d313165662d38, 'แคเมอรูน', 'Cameroon', 'CM', 1, NULL, '2024-05-05 17:24:17'),
(37, 0x61306365316234612d306163392d313165662d38, 'โครเอเชีย', 'Croatia', 'HR', 1, NULL, '2024-05-05 17:24:17'),
(38, 0x61306365353761302d306163392d313165662d38, 'โคลอมเบีย', 'Colombia', 'CO', 1, NULL, '2024-05-05 17:24:17'),
(39, 0x61306365393233362d306163392d313165662d38, 'จอร์เจีย', 'Georgia', 'GE', 1, NULL, '2024-05-05 17:24:17'),
(40, 0x61306365643162642d306163392d313165662d38, 'จอร์แดน', 'Jordan', 'JO', 1, NULL, '2024-05-05 17:24:17'),
(41, 0x61306366343166662d306163392d313165662d38, 'จาเมกา', 'Jamaica', 'JM', 1, NULL, '2024-05-05 17:24:17'),
(42, 0x61306366376336322d306163392d313165662d38, 'จิบูตี', 'Djibouti', 'DJ', 1, NULL, '2024-05-05 17:24:17'),
(43, 0x61306366623464622d306163392d313165662d38, 'จีน', 'China', 'CN', 1, NULL, '2024-05-05 17:24:17'),
(44, 0x61306366656264362d306163392d313165662d38, 'เจอร์ซีย์', 'Jersey', 'JE', 1, NULL, '2024-05-05 17:24:17'),
(45, 0x61306430323236342d306163392d313165662d38, 'ชาด', 'Chad', 'TD', 1, NULL, '2024-05-05 17:24:17'),
(46, 0x61306430356665322d306163392d313165662d38, 'ชิลี', 'Chile', 'CL', 1, NULL, '2024-05-05 17:24:17'),
(47, 0x61306430393366652d306163392d313165662d38, 'เช็กเกีย', 'Czech Republic', 'CZ', 1, NULL, '2024-05-05 17:24:17'),
(48, 0x61306430636338642d306163392d313165662d38, 'ซานมารีโน', 'San Marino', 'SM', 1, NULL, '2024-05-05 17:24:17'),
(49, 0x61306430666639392d306163392d313165662d38, 'ซามัว', 'Samoa', 'WS', 1, NULL, '2024-05-05 17:24:17'),
(50, 0x61306431333535612d306163392d313165662d38, 'ซาอุดีอาระเบีย', 'Saudi Arabia', 'SA', 1, NULL, '2024-05-05 17:24:17'),
(51, 0x61306431366361322d306163392d313165662d38, 'ซาฮาราตะวันตก', 'Western Sahara', 'EH', 1, NULL, '2024-05-05 17:24:17'),
(52, 0x61306431613433622d306163392d313165662d38, 'ซิมบับเว', 'Zimbabwe', 'ZW', 1, NULL, '2024-05-05 17:24:17'),
(53, 0x61306431643836622d306163392d313165662d38, 'ซีเรีย', 'Syrian Arab Republic', 'SY', 1, NULL, '2024-05-05 17:24:17'),
(54, 0x61306432343133322d306163392d313165662d38, 'ซูดาน', 'Sudan', 'SD', 1, NULL, '2024-05-05 17:24:17'),
(55, 0x61306432373638332d306163392d313165662d38, 'ซูรินาม', 'Suriname', 'SR', 1, NULL, '2024-05-05 17:24:17'),
(56, 0x61306432616235612d306163392d313165662d38, 'เซเชลส์', 'Seychelles', 'SC', 1, NULL, '2024-05-05 17:24:17'),
(57, 0x61306432653539382d306163392d313165662d38, 'เซนต์คิตส์และเนวิส', 'Saint Kitts and Nevis', 'KN', 1, NULL, '2024-05-05 17:24:17'),
(58, 0x61306433316436302d306163392d313165662d38, 'เซนต์ลูเชีย', 'Saint Lucia', 'LC', 1, NULL, '2024-05-05 17:24:17'),
(59, 0x61306433353637302d306163392d313165662d38, 'เซนต์วินเซนต์และเกรนาดีนส์', 'Saint Vincent and the Grenadines', 'VC', 1, NULL, '2024-05-05 17:24:17'),
(60, 0x61306433386539622d306163392d313165662d38, 'เซนต์เฮเลนา', 'Saint Helena Ascension and Tristan da Cunha', 'SH', 1, NULL, '2024-05-05 17:24:17'),
(61, 0x61306433636333342d306163392d313165662d38, 'เซเนกัล', 'Senegal', 'SN', 1, NULL, '2024-05-05 17:24:17'),
(62, 0x61306434313238342d306163392d313165662d38, 'เซอร์เบีย', 'Serbia', 'RS', 1, NULL, '2024-05-05 17:24:17'),
(63, 0x61306434356332382d306163392d313165662d38, 'เซาตูเมและปรินซีปี', 'Sao Tome and Principe', 'ST', 1, NULL, '2024-05-05 17:24:17'),
(64, 0x61306434393961392d306163392d313165662d38, 'เซียร์ราลีโอน', 'Sierra Leone', 'SL', 1, NULL, '2024-05-05 17:24:17'),
(65, 0x61306434643664622d306163392d313165662d38, 'แซงบาร์เตเลมี', 'Saint Barthélemy', 'BL', 1, NULL, '2024-05-05 17:24:17'),
(66, 0x61306435346161662d306163392d313165662d38, 'แซงปีแยร์และมีเกอลง', 'Saint Pierre and Miquelon', 'PM', 1, NULL, '2024-05-05 17:24:17'),
(67, 0x61306435383465322d306163392d313165662d38, 'แซงมาร์แตง', 'Saint Martin', 'MF', 1, NULL, '2024-05-05 17:24:17'),
(68, 0x61306435633238302d306163392d313165662d38, 'แซมเบีย', 'Zambia', 'ZM', 1, NULL, '2024-05-05 17:24:17'),
(69, 0x61306435666238342d306163392d313165662d38, 'โซมาเลีย', 'Somalia', 'SO', 1, NULL, '2024-05-05 17:24:17'),
(70, 0x61306436333763612d306163392d313165662d38, 'ไซปรัส', 'Cyprus', 'CY', 1, NULL, '2024-05-05 17:24:17'),
(71, 0x61306436373137632d306163392d313165662d38, 'ญี่ปุ่น', 'Japan', 'JP', 1, NULL, '2024-05-05 17:24:17'),
(72, 0x61306436616665622d306163392d313165662d38, 'ดอมินีกา', 'Dominica', 'DM', 1, NULL, '2024-05-05 17:24:17'),
(73, 0x61306436653838612d306163392d313165662d38, 'เดนมาร์ก', 'Denmark', 'DK', 1, NULL, '2024-05-05 17:24:17'),
(74, 0x61306437323535352d306163392d313165662d38, 'ตรินิแดดและโตเบโก', 'Trinidad and Tobago', 'TT', 1, NULL, '2024-05-05 17:24:17'),
(75, 0x61306437363134312d306163392d313165662d38, 'ตองงา', 'Tonga', 'TO', 1, NULL, '2024-05-05 17:24:17'),
(76, 0x61306437613238332d306163392d313165662d38, 'ติมอร์-เลสเต', 'Timor-Leste', 'TL', 1, NULL, '2024-05-05 17:24:17'),
(77, 0x61306437646366332d306163392d313165662d38, 'ตุรกี', 'Turkey', 'TR', 1, NULL, '2024-05-05 17:24:17'),
(78, 0x61306438316236612d306163392d313165662d38, 'ตูนิเซีย', 'Tunisia', 'TN', 1, NULL, '2024-05-05 17:24:17'),
(79, 0x61306438386439342d306163392d313165662d38, 'ตูวาลู', 'Tuvalu', 'TV', 1, NULL, '2024-05-05 17:24:17'),
(80, 0x61306438633363632d306163392d313165662d38, 'เติร์กเมนิสถาน', 'Turkmenistan', 'TM', 1, NULL, '2024-05-05 17:24:17'),
(81, 0x61306439303461642d306163392d313165662d38, 'โตโก', 'Togo', 'TG', 1, NULL, '2024-05-05 17:24:17'),
(82, 0x61306439336661392d306163392d313165662d38, 'ไต้หวัน', 'Taiwan', 'TW', 1, NULL, '2024-05-05 17:24:17'),
(83, 0x61306439373937332d306163392d313165662d38, 'ทาจิกิสถาน', 'Tajikistan', 'TJ', 1, NULL, '2024-05-05 17:24:17'),
(84, 0x61306439616631322d306163392d313165662d38, 'แทนซาเนีย', 'Tanzania', 'TZ', 1, NULL, '2024-05-05 17:24:17'),
(85, 0x61306439653863312d306163392d313165662d38, 'โทเคอเลา', 'Tokelau', 'TK', 1, NULL, '2024-05-05 17:24:17'),
(86, 0x61306461326364382d306163392d313165662d38, 'ไทย', 'Thailand', 'TH', 1, NULL, '2024-05-05 17:24:17'),
(87, 0x61306461373937362d306163392d313165662d38, 'นครรัฐวาติกัน', 'Vatican City State', 'VA', 1, NULL, '2024-05-05 17:24:17'),
(88, 0x61306461623264332d306163392d313165662d38, 'นอร์เวย์', 'Norway', 'NO', 1, NULL, '2024-05-05 17:24:17'),
(89, 0x61306461663038652d306163392d313165662d38, 'นามิเบีย', 'Namibia', 'NA', 1, NULL, '2024-05-05 17:24:17'),
(90, 0x61306462323932392d306163392d313165662d38, 'นาอูรู', 'Nauru', 'NR', 1, NULL, '2024-05-05 17:24:17'),
(91, 0x61306462356430392d306163392d313165662d38, 'นิการากัว', 'Nicaragua', 'NI', 1, NULL, '2024-05-05 17:24:17'),
(92, 0x61306462636239302d306163392d313165662d38, 'นิวแคลิโดเนีย', 'New Caledonia', 'NC', 1, NULL, '2024-05-05 17:24:17'),
(93, 0x61306463306432392d306163392d313165662d38, 'นิวซีแลนด์', 'New Zealand', 'NZ', 1, NULL, '2024-05-05 17:24:17'),
(94, 0x61306463346261382d306163392d313165662d38, 'นีวเว', 'Niue', 'NU', 1, NULL, '2024-05-05 17:24:17'),
(95, 0x61306463386139652d306163392d313165662d38, 'เนเธอร์แลนด์', 'Netherlands', 'NL', 1, NULL, '2024-05-05 17:24:17'),
(96, 0x61306463633833392d306163392d313165662d38, 'เนปาล', 'Nepal', 'NP', 1, NULL, '2024-05-05 17:24:17'),
(97, 0x61306464303466372d306163392d313165662d38, 'ไนจีเรีย', 'Nigeria', 'NG', 1, NULL, '2024-05-05 17:24:17'),
(98, 0x61306464343161372d306163392d313165662d38, 'ไนเจอร์', 'Niger', 'NE', 1, NULL, '2024-05-05 17:24:17'),
(99, 0x61306464376263372d306163392d313165662d38, 'บราซิล', 'Brazil', 'BR', 1, NULL, '2024-05-05 17:24:17'),
(100, 0x61306464623965312d306163392d313165662d38, 'บริติชอินเดียนโอเชียนเทร์ริทอรี', 'British Indian Ocean Territory', 'IO', 1, NULL, '2024-05-05 17:24:17'),
(101, 0x61306464666137622d306163392d313165662d38, 'บรูไน', 'Brunei Darussalam', 'BN', 1, NULL, '2024-05-05 17:24:17'),
(102, 0x61306465333865362d306163392d313165662d38, 'บอตสวานา', 'Botswana', 'BW', 1, NULL, '2024-05-05 17:24:17'),
(103, 0x61306465373263652d306163392d313165662d38, 'บอสเนียและเฮอร์เซโกวีนา', 'Bosnia and Herzegovina', 'BA', 1, NULL, '2024-05-05 17:24:17'),
(104, 0x61306465616661312d306163392d313165662d38, 'บังกลาเทศ', 'Bangladesh', 'BD', 1, NULL, '2024-05-05 17:24:17'),
(105, 0x61306466323838302d306163392d313165662d38, 'บัลแกเรีย', 'Bulgaria', 'BG', 1, NULL, '2024-05-05 17:24:17'),
(106, 0x61306466363338642d306163392d313165662d38, 'บาร์เบโดส', 'Barbados', 'BB', 1, NULL, '2024-05-05 17:24:17'),
(107, 0x61306466396639372d306163392d313165662d38, 'บาห์เรน', 'Bahrain', 'BH', 1, NULL, '2024-05-05 17:24:17'),
(108, 0x61306466646337352d306163392d313165662d38, 'บาฮามาส', 'Bahamas', 'BS', 1, NULL, '2024-05-05 17:24:17'),
(109, 0x61306530313663392d306163392d313165662d38, 'บุรุนดี', 'Burundi', 'BI', 1, NULL, '2024-05-05 17:24:17'),
(110, 0x61306530353433372d306163392d313165662d38, 'บูร์กินาฟาโซ', 'Burkina Faso', 'BF', 1, NULL, '2024-05-05 17:24:17'),
(111, 0x61306530386634642d306163392d313165662d38, 'เบนิน', 'Benin', 'BJ', 1, NULL, '2024-05-05 17:24:17'),
(112, 0x61306530643066392d306163392d313165662d38, 'เบลเยียม', 'Belgium', 'BE', 1, NULL, '2024-05-05 17:24:17'),
(113, 0x61306531306462622d306163392d313165662d38, 'เบลารุส', 'Belarus', 'BY', 1, NULL, '2024-05-05 17:24:17'),
(114, 0x61306531353035372d306163392d313165662d38, 'เบลีซ', 'Belize', 'BZ', 1, NULL, '2024-05-05 17:24:17'),
(115, 0x61306531383966342d306163392d313165662d38, 'เบอร์มิวดา', 'Bermuda', 'BM', 1, NULL, '2024-05-05 17:24:17'),
(116, 0x61306531633165362d306163392d313165662d38, 'โบลิเวีย', 'Bolivia', 'BO', 1, NULL, '2024-05-05 17:24:17'),
(117, 0x61306532303164662d306163392d313165662d38, 'ปวยร์โตรีโก', 'Puerto Rico', 'PR', 1, NULL, '2024-05-05 17:24:17'),
(118, 0x61306532373232322d306163392d313165662d38, 'ปากีสถาน', 'Pakistan', 'PK', 1, NULL, '2024-05-05 17:24:17'),
(119, 0x61306532613931612d306163392d313165662d38, 'ปานามา', 'Panama', 'PA', 1, NULL, '2024-05-05 17:24:17'),
(120, 0x61306532653630332d306163392d313165662d38, 'ปาปัวนิวกินี', 'Papua New Guinea', 'PG', 1, NULL, '2024-05-05 17:24:17'),
(121, 0x61306533326565612d306163392d313165662d38, 'ปารากวัย', 'Paraguay', 'PY', 1, NULL, '2024-05-05 17:24:17'),
(122, 0x61306533366630662d306163392d313165662d38, 'ปาเลสไตน์', 'Palestine', 'PS', 1, NULL, '2024-05-05 17:24:17'),
(123, 0x61306533616431322d306163392d313165662d38, 'ปาเลา', 'Palau', 'PW', 1, NULL, '2024-05-05 17:24:17'),
(124, 0x61306533653534352d306163392d313165662d38, 'เปรู', 'Peru', 'PE', 1, NULL, '2024-05-05 17:24:17'),
(125, 0x61306534323336312d306163392d313165662d38, 'โปรตุเกส', 'Portugal', 'PT', 1, NULL, '2024-05-05 17:24:17'),
(126, 0x61306534363063332d306163392d313165662d38, 'โปแลนด์', 'Poland', 'PL', 1, NULL, '2024-05-05 17:24:17'),
(127, 0x61306534613062342d306163392d313165662d38, 'ฝรั่งเศส', 'France', 'FR', 1, NULL, '2024-05-05 17:24:17'),
(128, 0x61306534646663332d306163392d313165662d38, 'พม่า', 'Myanmar', 'MM', 1, NULL, '2024-05-05 17:24:17'),
(129, 0x61306535313761302d306163392d313165662d38, 'ฟินแลนด์', 'Finland', 'FI', 1, NULL, '2024-05-05 17:24:17'),
(130, 0x61306535353163632d306163392d313165662d38, 'ฟิลิปปินส์', 'Philippines', 'PH', 1, NULL, '2024-05-05 17:24:17'),
(131, 0x61306535383935632d306163392d313165662d38, 'ฟีจี', 'Fiji', 'FJ', 1, NULL, '2024-05-05 17:24:17'),
(132, 0x61306535663164392d306163392d313165662d38, 'เฟรนช์เกียนา', 'French Guiana', 'GF', 1, NULL, '2024-05-05 17:24:17'),
(133, 0x61306536326138312d306163392d313165662d38, 'เฟรนช์เซาเทิร์นและแอนตาร์กติกแลนดส์', 'French Southern Territories', 'TF', 1, NULL, '2024-05-05 17:24:17'),
(134, 0x61306536363031632d306163392d313165662d38, 'เฟรนช์พอลินีเชีย', 'French Polynesia', 'PF', 1, NULL, '2024-05-05 17:24:17'),
(135, 0x61306536393234392d306163392d313165662d38, 'ภูฏาน', 'Bhutan', 'BT', 1, NULL, '2024-05-05 17:24:17'),
(136, 0x61306536633832392d306163392d313165662d38, 'มองโกเลีย', 'Mongolia', 'MN', 1, NULL, '2024-05-05 17:24:17'),
(137, 0x61306536666631382d306163392d313165662d38, 'มอนต์เซอร์รัต', 'Montserrat', 'MS', 1, NULL, '2024-05-05 17:24:17'),
(138, 0x61306537333433642d306163392d313165662d38, 'มอนเตเนโกร', 'Montenegro', 'ME', 1, NULL, '2024-05-05 17:24:17'),
(139, 0x61306537366265322d306163392d313165662d38, 'มอริเชียส', 'Mauritius', 'MU', 1, NULL, '2024-05-05 17:24:17'),
(140, 0x61306537613236372d306163392d313165662d38, 'มอริเตเนีย', 'Mauritania', 'MR', 1, NULL, '2024-05-05 17:24:17'),
(141, 0x61306537646163332d306163392d313165662d38, 'มอลโดวา', 'Moldova', 'MD', 1, NULL, '2024-05-05 17:24:17'),
(142, 0x61306538313233642d306163392d313165662d38, 'มอลตา', 'Malta', 'MT', 1, NULL, '2024-05-05 17:24:17'),
(143, 0x61306538346261382d306163392d313165662d38, 'มัลดีฟส์', 'Maldives', 'MV', 1, NULL, '2024-05-05 17:24:17'),
(144, 0x61306538383264642d306163392d313165662d38, 'มาเก๊า', 'Macao', 'MO', 1, NULL, '2024-05-05 17:24:17'),
(145, 0x61306538623862372d306163392d313165662d38, 'นอร์ทมาซิโดเนีย', 'North Macedonia', 'MK', 1, NULL, '2024-05-05 17:24:17'),
(146, 0x61306538663331342d306163392d313165662d38, 'มาดากัสการ์', 'Madagascar', 'MG', 1, NULL, '2024-05-05 17:24:17'),
(147, 0x61306539326333612d306163392d313165662d38, 'มายอต', 'Mayotte', 'YT', 1, NULL, '2024-05-05 17:24:17'),
(148, 0x61306539363233392d306163392d313165662d38, 'มาร์ตีนิก', 'Martinique', 'MQ', 1, NULL, '2024-05-05 17:24:17'),
(149, 0x61306539393632352d306163392d313165662d38, 'มาลาวี', 'Malawi', 'MW', 1, NULL, '2024-05-05 17:24:17'),
(150, 0x61306539636465312d306163392d313165662d38, 'มาลี', 'Mali', 'ML', 1, NULL, '2024-05-05 17:24:17'),
(151, 0x61306561303337302d306163392d313165662d38, 'มาเลเซีย', 'Malaysia', 'MY', 1, NULL, '2024-05-05 17:24:17'),
(152, 0x61306561373232642d306163392d313165662d38, 'เม็กซิโก', 'Mexico', 'MX', 1, NULL, '2024-05-05 17:24:17'),
(153, 0x61306561616637382d306163392d313165662d38, 'โมซัมบิก', 'Mozambique', 'MZ', 1, NULL, '2024-05-05 17:24:17'),
(154, 0x61306561663136372d306163392d313165662d38, 'โมนาโก', 'Monaco', 'MC', 1, NULL, '2024-05-05 17:24:17'),
(155, 0x61306562333138382d306163392d313165662d38, 'โมร็อกโก', 'Morocco', 'MA', 1, NULL, '2024-05-05 17:24:17'),
(156, 0x61306562363963612d306163392d313165662d38, 'ไมโครนีเซีย', 'Micronesia', 'FM', 1, NULL, '2024-05-05 17:24:17'),
(157, 0x61306562613062302d306163392d313165662d38, 'ยิบรอลตาร์', 'Gibraltar', 'GI', 1, NULL, '2024-05-05 17:24:17'),
(158, 0x61306562646537662d306163392d313165662d38, 'ยูกันดา', 'Uganda', 'UG', 1, NULL, '2024-05-05 17:24:17'),
(159, 0x61306563313932392d306163392d313165662d38, 'ยูเครน', 'Ukraine', 'UA', 1, NULL, '2024-05-05 17:24:17'),
(160, 0x61306563353064662d306163392d313165662d38, 'เยเมน', 'Yemen', 'YE', 1, NULL, '2024-05-05 17:24:17'),
(161, 0x61306563386635352d306163392d313165662d38, 'เยอรมนี', 'Germany', 'DE', 1, NULL, '2024-05-05 17:24:17'),
(162, 0x61306564363038612d306163392d313165662d38, 'รวันดา', 'Rwanda', 'RW', 1, NULL, '2024-05-05 17:24:17'),
(163, 0x61306564643832312d306163392d313165662d38, 'รัสเซีย', 'Russian Federation', 'RU', 1, NULL, '2024-05-05 17:24:17'),
(164, 0x61306565313330382d306163392d313165662d38, 'เรอูว์นียง', 'Réunion', 'RE', 1, NULL, '2024-05-05 17:24:17'),
(165, 0x61306565346135322d306163392d313165662d38, 'โรมาเนีย', 'Romania', 'RO', 1, NULL, '2024-05-05 17:24:17'),
(166, 0x61306565383433372d306163392d313165662d38, 'ลักเซมเบิร์ก', 'Luxembourg', 'LU', 1, NULL, '2024-05-05 17:24:17'),
(167, 0x61306565626130372d306163392d313165662d38, 'ลัตเวีย', 'Latvia', 'LV', 1, NULL, '2024-05-05 17:24:17'),
(168, 0x61306565663037642d306163392d313165662d38, 'ลาว', 'Laos', 'LA', 1, NULL, '2024-05-05 17:24:17'),
(169, 0x61306566323461632d306163392d313165662d38, 'ลิกเตนสไตน์', 'Liechtenstein', 'LI', 1, NULL, '2024-05-05 17:24:17'),
(170, 0x61306566356132662d306163392d313165662d38, 'ลิทัวเนีย', 'Lithuania', 'LT', 1, NULL, '2024-05-05 17:24:17'),
(171, 0x61306566393634322d306163392d313165662d38, 'ลิเบีย', 'Libya', 'LY', 1, NULL, '2024-05-05 17:24:17'),
(172, 0x61306566633933332d306163392d313165662d38, 'เลโซโท', 'Lesotho', 'LS', 1, NULL, '2024-05-05 17:24:17'),
(173, 0x61306630303632622d306163392d313165662d38, 'เลบานอน', 'Lebanon', 'LB', 1, NULL, '2024-05-05 17:24:17'),
(174, 0x61306630343039332d306163392d313165662d38, 'ไลบีเรีย', 'Liberia', 'LR', 1, NULL, '2024-05-05 17:24:17'),
(175, 0x61306630373865632d306163392d313165662d38, 'วานูวาตู', 'Vanuatu', 'VU', 1, NULL, '2024-05-05 17:24:17'),
(176, 0x61306630616337392d306163392d313165662d38, 'วาลิสและฟูตูนา', 'Wallis and Futuna', 'WF', 1, NULL, '2024-05-05 17:24:17'),
(177, 0x61306630653764352d306163392d313165662d38, 'เวเนซุเอลา', 'Venezuela', 'VE', 1, NULL, '2024-05-05 17:24:17'),
(178, 0x61306631316532352d306163392d313165662d38, 'เวียดนาม', 'Vietnam', 'VN', 1, NULL, '2024-05-05 17:24:17'),
(179, 0x61306631353463632d306163392d313165662d38, 'ศรีลังกา', 'Sri Lanka', 'LK', 1, NULL, '2024-05-05 17:24:17'),
(180, 0x61306631386232612d306163392d313165662d38, 'สเปน', 'Spain', 'ES', 1, NULL, '2024-05-05 17:24:17'),
(181, 0x61306631626436312d306163392d313165662d38, 'สโลวาเกีย', 'Slovakia', 'SK', 1, NULL, '2024-05-05 17:24:17'),
(182, 0x61306631663063302d306163392d313165662d38, 'สโลวีเนีย', 'Slovenia', 'SI', 1, NULL, '2024-05-05 17:24:17'),
(183, 0x61306632346632392d306163392d313165662d38, 'สวาซิแลนด์', 'Swaziland', 'SZ', 1, NULL, '2024-05-05 17:24:17'),
(184, 0x61306632383665632d306163392d313165662d38, 'สวิตเซอร์แลนด์', 'Switzerland', 'CH', 1, NULL, '2024-05-05 17:24:17'),
(185, 0x61306632633034312d306163392d313165662d38, 'สวีเดน', 'Sweden', 'SE', 1, NULL, '2024-05-05 17:24:17'),
(186, 0x61306632663761612d306163392d313165662d38, 'สหรัฐ', 'United States of America', 'US', 1, NULL, '2024-05-05 17:24:17'),
(187, 0x61306633326432362d306163392d313165662d38, 'สหรัฐอาหรับเอมิเรตส์', 'United Arab Emirates', 'AE', 1, NULL, '2024-05-05 17:24:17'),
(188, 0x61306633376666362d306163392d313165662d38, 'สหราชอาณาจักร', 'United Kingdom of Great Britain and Northern Ireland', 'GB', 1, NULL, '2024-05-05 17:24:17'),
(189, 0x61306633623139612d306163392d313165662d38, 'สาธารณรัฐคองโก', 'Republic of the Congo', 'CG', 1, NULL, '2024-05-05 17:24:17'),
(190, 0x61306633653734642d306163392d313165662d38, 'สาธารณรัฐโดมินิกัน', 'Dominican Republic', 'DO', 1, NULL, '2024-05-05 17:24:17'),
(191, 0x61306634316333622d306163392d313165662d38, 'สาธารณรัฐประชาธิปไตยคองโก', 'Democratic Republic of the Congo', 'CD', 1, NULL, '2024-05-05 17:24:17'),
(192, 0x61306634353138352d306163392d313165662d38, 'สาธารณรัฐแอฟริกากลาง', 'Central African Republic', 'CF', 1, NULL, '2024-05-05 17:24:17'),
(193, 0x61306634383631392d306163392d313165662d38, 'สิงคโปร์', 'Singapore', 'SG', 1, NULL, '2024-05-05 17:24:17'),
(194, 0x61306634623765382d306163392d313165662d38, 'หมู่เกาะคุก', 'Cook Islands', 'CK', 1, NULL, '2024-05-05 17:24:17'),
(195, 0x61306634663163612d306163392d313165662d38, 'หมู่เกาะเคย์แมน', 'Cayman Islands', 'KY', 1, NULL, '2024-05-05 17:24:17'),
(196, 0x61306635326639302d306163392d313165662d38, 'หมู่เกาะโคโคส', 'Cocos (Keeling) Islands', 'CC', 1, NULL, '2024-05-05 17:24:17'),
(197, 0x61306635373035372d306163392d313165662d38, 'หมู่เกาะโซโลมอน', 'Solomon Islands', 'SB', 1, NULL, '2024-05-05 17:24:17'),
(198, 0x61306635616136322d306163392d313165662d38, 'หมู่เกาะเติกส์และเคคอส', 'Turks and Caicos Islands', 'TC', 1, NULL, '2024-05-05 17:24:17'),
(199, 0x61306635653466322d306163392d313165662d38, 'หมู่เกาะนอร์เทิร์นมาเรียนา', 'Northern Mariana Islands', 'MP', 1, NULL, '2024-05-05 17:24:17'),
(200, 0x61306636316465642d306163392d313165662d38, 'หมู่เกาะบริติชเวอร์จิน', 'British Virgin Islands', 'VG', 1, NULL, '2024-05-05 17:24:17'),
(201, 0x61306636386232362d306163392d313165662d38, 'หมู่เกาะพิตแคร์น', 'Pitcairn', 'PN', 1, NULL, '2024-05-05 17:24:17'),
(202, 0x61306636633438362d306163392d313165662d38, 'หมู่เกาะฟอล์กแลนด์', 'Falkland Islands', 'FK', 1, NULL, '2024-05-05 17:24:17'),
(203, 0x61306636666637342d306163392d313165662d38, 'หมู่เกาะแฟโร', 'Faroe Islands', 'FO', 1, NULL, '2024-05-05 17:24:17'),
(204, 0x61306637333830372d306163392d313165662d38, 'หมู่เกาะมาร์แชลล์', 'Marshall Islands', 'MH', 1, NULL, '2024-05-05 17:24:17'),
(205, 0x61306637366334332d306163392d313165662d38, 'หมู่เกาะเวอร์จินของสหรัฐอเมริกา', 'United States Virgin Islands', 'VI', 1, NULL, '2024-05-05 17:24:17'),
(206, 0x61306637616138352d306163392d313165662d38, 'หมู่เกาะโอลันด์', 'Åland Islands', 'AX', 1, NULL, '2024-05-05 17:24:17'),
(207, 0x61306637653134642d306163392d313165662d38, 'อเมริกันซามัว', 'American Samoa', 'AS', 1, NULL, '2024-05-05 17:24:17'),
(208, 0x61306638313837662d306163392d313165662d38, 'ออสเตรเลีย', 'Australia', 'AU', 1, NULL, '2024-05-05 17:24:17'),
(209, 0x61306638343962312d306163392d313165662d38, 'ออสเตรีย', 'Austria', 'AT', 1, NULL, '2024-05-05 17:24:17'),
(210, 0x61306638383632312d306163392d313165662d38, 'อันดอร์รา', 'Andorra', 'AD', 1, NULL, '2024-05-05 17:24:17'),
(211, 0x61306638633535622d306163392d313165662d38, 'อัฟกานิสถาน', 'Afghanistan', 'AF', 1, NULL, '2024-05-05 17:24:17'),
(212, 0x61306638666139342d306163392d313165662d38, 'อาเซอร์ไบจาน', 'Azerbaijan', 'AZ', 1, NULL, '2024-05-05 17:24:17'),
(213, 0x61306639333532622d306163392d313165662d38, 'อาร์เจนตินา', 'Argentina', 'AR', 1, NULL, '2024-05-05 17:24:17'),
(214, 0x61306639373030392d306163392d313165662d38, 'อาร์มีเนีย', 'Armenia', 'AM', 1, NULL, '2024-05-05 17:24:17'),
(215, 0x61306639613663312d306163392d313165662d38, 'อารูบา', 'Aruba', 'AW', 1, NULL, '2024-05-05 17:24:17'),
(216, 0x61306639653161322d306163392d313165662d38, 'อิเควทอเรียลกินี', 'Equatorial Guinea', 'GQ', 1, NULL, '2024-05-05 17:24:17'),
(217, 0x61306661323035612d306163392d313165662d38, 'อิตาลี', 'Italy', 'IT', 1, NULL, '2024-05-05 17:24:17'),
(218, 0x61306661353763392d306163392d313165662d38, 'อินเดีย', 'India', 'IN', 1, NULL, '2024-05-05 17:24:17'),
(219, 0x61306661626464642d306163392d313165662d38, 'อินโดนีเซีย', 'Indonesia', 'ID', 1, NULL, '2024-05-05 17:24:17'),
(220, 0x61306661663139652d306163392d313165662d38, 'อิรัก', 'Iraq', 'IQ', 1, NULL, '2024-05-05 17:24:17'),
(221, 0x61306662323561352d306163392d313165662d38, 'อิสราเอล', 'Israel', 'IL', 1, NULL, '2024-05-05 17:24:17'),
(222, 0x61306662356565342d306163392d313165662d38, 'อิหร่าน', 'Iran', 'IR', 1, NULL, '2024-05-05 17:24:17'),
(223, 0x61306662393331662d306163392d313165662d38, 'อียิปต์', 'Egypt', 'EG', 1, NULL, '2024-05-05 17:24:17'),
(224, 0x61306662633631342d306163392d313165662d38, 'อุซเบกิสถาน', 'Uzbekistan', 'UZ', 1, NULL, '2024-05-05 17:24:17'),
(225, 0x61306662663639312d306163392d313165662d38, 'อุรุกวัย', 'Uruguay', 'UY', 1, NULL, '2024-05-05 17:24:17'),
(226, 0x61306663323965352d306163392d313165662d38, 'เอกวาดอร์', 'Ecuador', 'EC', 1, NULL, '2024-05-05 17:24:17'),
(227, 0x61306663363562352d306163392d313165662d38, 'เอธิโอเปีย', 'Ethiopia', 'ET', 1, NULL, '2024-05-05 17:24:17'),
(228, 0x61306663396561302d306163392d313165662d38, 'เอริเทรีย', 'Eritrea', 'ER', 1, NULL, '2024-05-05 17:24:17'),
(229, 0x61306663653066302d306163392d313165662d38, 'เอลซัลวาดอร์', 'El Salvador', 'SV', 1, NULL, '2024-05-05 17:24:17'),
(230, 0x61306664316334362d306163392d313165662d38, 'เอสโตเนีย', 'Estonia', 'EE', 1, NULL, '2024-05-05 17:24:17'),
(231, 0x61306664353335382d306163392d313165662d38, 'แองกวิลลา', 'Anguilla', 'AI', 1, NULL, '2024-05-05 17:24:17'),
(232, 0x61306664386131382d306163392d313165662d38, 'แองโกลา', 'Angola', 'AO', 1, NULL, '2024-05-05 17:24:17'),
(233, 0x61306664633134372d306163392d313165662d38, 'แอนตาร์กติกา', 'Antarctica', 'AQ', 1, NULL, '2024-05-05 17:24:17'),
(234, 0x61306665303363362d306163392d313165662d38, 'แอนติกาและบาร์บูดา', 'Antigua and Barbuda', 'AG', 1, NULL, '2024-05-05 17:24:17'),
(235, 0x61306665353433352d306163392d313165662d38, 'แอฟริกาใต้', 'South Africa', 'ZA', 1, NULL, '2024-05-05 17:24:17'),
(236, 0x61306665613136392d306163392d313165662d38, 'แอลจีเรีย', 'Algeria', 'DZ', 1, NULL, '2024-05-05 17:24:17'),
(237, 0x61306666336134662d306163392d313165662d38, 'แอลเบเนีย', 'Albania', 'AL', 1, NULL, '2024-05-05 17:24:17'),
(238, 0x61306666616139312d306163392d313165662d38, 'โอมาน', 'Oman', 'OM', 1, NULL, '2024-05-05 17:24:17'),
(239, 0x61306666656234382d306163392d313165662d38, 'ไอซ์แลนด์', 'Iceland', 'IS', 1, NULL, '2024-05-05 17:24:17'),
(240, 0x61313030333337632d306163392d313165662d38, 'ไอร์แลนด์', 'Ireland', 'IE', 1, NULL, '2024-05-05 17:24:17'),
(241, 0x61313030376563352d306163392d313165662d38, 'ไอล์ออฟแมน', 'Isle of Man', 'IM', 1, NULL, '2024-05-05 17:24:17'),
(242, 0x61313030633138642d306163392d313165662d38, 'ฮ่องกง', 'Hong Kong', 'HK', 1, NULL, '2024-05-05 17:24:17'),
(243, 0x61313031303438312d306163392d313165662d38, 'ฮอนดูรัส', 'Honduras', 'HN', 1, NULL, '2024-05-05 17:24:17'),
(244, 0x61313031343165352d306163392d313165662d38, 'ฮังการี', 'Hungary', 'HU', 1, NULL, '2024-05-05 17:24:17'),
(245, 0x61313031376232662d306163392d313165662d38, 'เฮติ', 'Haiti', 'HT', 1, NULL, '2024-05-05 17:24:17'),
(246, 0x61313031623930352d306163392d313165662d38, 'ซินต์มาร์เติน', 'Sint Maarten', 'SX', 1, NULL, '2024-05-05 17:24:17'),
(247, 0x61313031663834312d306163392d313165662d38, 'เนเธอร์แลนด์แคริบเบียน', 'Bonaire, Sint Eustatius and Saba', 'BQ', 1, NULL, '2024-05-05 17:24:17'),
(248, 0x61313032333431362d306163392d313165662d38, 'สฟาลบาร์และยานไมเอน', 'Svalbard and Jan Mayen', 'SJ', 1, NULL, '2024-05-05 17:24:17');

-- --------------------------------------------------------

--
-- Table structure for table `customer`
--

CREATE TABLE `customer` (
  `id` int NOT NULL,
  `uuid` binary(20) NOT NULL,
  `name` varchar(200) COLLATE utf8mb4_general_ci NOT NULL,
  `email` varchar(100) COLLATE utf8mb4_general_ci DEFAULT NULL,
  `company` varchar(200) COLLATE utf8mb4_general_ci DEFAULT NULL,
  `country` int NOT NULL,
  `status` int NOT NULL DEFAULT '1',
  `updated` datetime DEFAULT NULL,
  `created` datetime NOT NULL DEFAULT CURRENT_TIMESTAMP
) ENGINE=InnoDB DEFAULT CHARSET=utf8mb4 COLLATE=utf8mb4_general_ci;

--
-- Dumping data for table `customer`
--

INSERT INTO `customer` (`id`, `uuid`, `name`, `email`, `company`, `country`, `status`, `updated`, `created`) VALUES
(1, 0x37393039633065642d323665362d313165662d39, 'Daniel Devan', 'devan_daniel@yahoo.com.my', '', 151, 1, NULL, '2024-06-10 05:01:18'),
(2, 0x37393061646537622d323665362d313165662d39, 'Intan Noorafniza', 'iafniza@gmail.com', '', 151, 1, NULL, '2024-06-10 05:01:18'),
(3, 0x37393062633039392d323665362d313165662d39, 'Wan Mohd Yusri', 'wmyusri@gmail.com', '', 151, 1, NULL, '2024-06-10 05:01:18'),
(4, 0x37393063393036392d323665362d313165662d39, 'Juan Emilio', 'jeffersonsotto@cctchemicals.net', '', 130, 1, NULL, '2024-06-10 05:01:18'),
(5, 0x37393064343832622d323665362d313165662d39, 'Paola Garcia', 'jeffersonsotto@cctchemicals.net', '', 130, 1, NULL, '2024-06-10 05:01:18'),
(6, 0x37393064626538642d323665362d313165662d39, 'Falcone', 'jeffersonsotto@cctchemicals.net', '', 130, 1, NULL, '2024-06-10 05:01:18'),
(7, 0x37393065366136382d323665362d313165662d39, 'Joel', 'jeffersonsotto@cctchemicals.net', '', 130, 1, NULL, '2024-06-10 05:01:18'),
(8, 0x37393065653133372d323665362d313165662d39, 'Margarette Louise', 'nathanaelquinones@cctchemicals.net', '', 130, 1, NULL, '2024-06-10 05:01:18'),
(9, 0x37393066616439322d323665362d313165662d39, 'Joshua Miguel', 'nathanaelquinones@cctchemicals.net', '', 130, 1, NULL, '2024-06-10 05:01:18'),
(10, 0x37393130616631362d323665362d313165662d39, 'Jesus', 'nathanaelquinones@cctchemicals.net', '', 130, 1, NULL, '2024-06-10 05:01:18'),
(11, 0x37393131376439632d323665362d313165662d39, 'Nathanael', 'nathanaelquinones@cctchemicals.net', '', 130, 1, NULL, '2024-06-10 05:01:18'),
(12, 0x37393132383362312d323665362d313165662d39, 'Sotto', 'jeffersonsotto@cctchemicals.net', '', 130, 1, NULL, '2024-06-10 05:01:18'),
(13, 0x37393133333933382d323665362d313165662d39, 'Ravi Shanker', 'info@surencooke.com', '', 179, 1, NULL, '2024-06-10 05:01:18'),
(14, 0x37393133653463392d323665362d313165662d39, 'Rajitha', 'rajitha@surencooke.com', '', 179, 1, NULL, '2024-06-10 05:01:18'),
(15, 0x37393134343938322d323665362d313165662d39, 'Pei Ling', 'kinpest.jb@gmail.com', '', 151, 1, NULL, '2024-06-10 05:01:18'),
(16, 0x37393134626666392d323665362d313165662d39, 'Muhammad Amin', 'anglointernationalipm@gmail.com', '', 118, 1, NULL, '2024-06-10 05:01:18'),
(17, 0x37393136373330312d323665362d313165662d39, 'Walden', 'jeffersonsotto@cctchemicals.net', '', 130, 1, NULL, '2024-06-10 05:01:18'),
(18, 0x37393137626130362d323665362d313165662d39, 'Richel', 'jeffersonsotto@cctchemicals.net', '', 130, 1, NULL, '2024-06-10 05:01:18'),
(19, 0x37393138336635662d323665362d313165662d39, 'Marnilyn', 'jeffersonsotto@cctchemicals.net', '', 130, 1, NULL, '2024-06-10 05:01:18'),
(20, 0x37393138636432352d323665362d313165662d39, 'Lee Lee', 'kate.pest@gmail.com', '', 151, 1, NULL, '2024-06-10 05:01:18'),
(21, 0x37393139626361642d323665362d313165662d39, 'Ching Ching', 'kate.pest@gmail.com', '', 151, 1, NULL, '2024-06-10 05:01:18'),
(22, 0x37393161366233622d323665362d313165662d39, 'Natalie Ping Ping', 'kate.pest@gmail.com', '', 151, 1, NULL, '2024-06-10 05:01:18'),
(23, 0x37393162383636382d323665362d313165662d39, 'Edmond Tsan Kuang', 'kate.pest@gmail.com', '', 151, 1, NULL, '2024-06-10 05:01:18'),
(24, 0x37393163336430352d323665362d313165662d39, 'Roy Roland', 'kate.pest@gmail.com', '', 151, 1, NULL, '2024-06-10 05:01:18'),
(25, 0x37393163636661642d323665362d313165662d39, 'Mohamad Ibrahim', 'kate.pest@gmail.com', '', 151, 1, NULL, '2024-06-10 05:01:18'),
(26, 0x37393164363761652d323665362d313165662d39, 'Choon Chit', 'kate.pest@gmail.com', '', 151, 1, NULL, '2024-06-10 05:01:18'),
(27, 0x37393164653939312d323665362d313165662d39, 'Vincent Chung Hon', 'kate.pest@gmail.com', '', 151, 1, NULL, '2024-06-10 05:01:18'),
(28, 0x37393165383238342d323665362d313165662d39, 'Nadiatul Sarah', 'kate.pest@gmail.com', '', 151, 1, NULL, '2024-06-10 05:01:18'),
(29, 0x37393166303330332d323665362d313165662d39, 'Miao Shiang', 'kate.pest@gmail.com', '', 151, 1, NULL, '2024-06-10 05:01:18'),
(30, 0x37393166393232382d323665362d313165662d39, 'Jonathan', 'xueling.tay@horsburgh.sg', '', 193, 1, NULL, '2024-06-10 05:01:18'),
(31, 0x37393230303433302d323665362d313165662d39, 'Winson', 'xueling.tay@horsburgh.sg', '', 193, 1, NULL, '2024-06-10 05:01:18'),
(32, 0x37393230633265352d323665362d313165662d39, 'Sharon', 'xueling.tay@horsburgh.sg', '', 193, 1, NULL, '2024-06-10 05:01:18'),
(33, 0x37393231636364322d323665362d313165662d39, 'Jefferson Sotto', 'jeffersonsotto@cctchemicals.net', 'CCT Chemicals Inc', 130, 1, NULL, '2024-06-10 05:01:18'),
(34, 0x37393232356263312d323665362d313165662d39, 'Juan Emilio Del Rosario', 'emil@entech.com.ph', 'ENTECH Integrated Pest Management', 130, 1, NULL, '2024-06-10 05:01:18'),
(35, 0x37393233326363612d323665362d313165662d39, 'Francis Victor Falcone', 'francis.falcone@entech.com', 'ENTECH Integrated Pest Management', 130, 1, NULL, '2024-06-10 05:01:18'),
(36, 0x37393233633032382d323665362d313165662d39, 'Mr. Jesus Asistin', 'asistinjess@yahoo.com', 'JESSE CARE PEST MANAGEMENT SERVICES', 130, 1, NULL, '2024-06-10 05:01:18'),
(37, 0x37393234383136322d323665362d313165662d39, 'Joel Agarano', 'joel.agarano@entech.com.ph', 'ENTECH Integrated Pest Management', 130, 1, NULL, '2024-06-10 05:01:18'),
(38, 0x37393235343739362d323665362d313165662d39, 'Joshua Miguel Malana', 'pestproph@gmail.com', 'Pestpro PH Pest Management', 130, 1, NULL, '2024-06-10 05:01:18'),
(39, 0x37393236383165612d323665362d313165662d39, 'Margerette Louise Malana', 'pestproph@gmail.com', 'Pestpro PH Pest Management', 130, 1, NULL, '2024-06-10 05:01:18'),
(40, 0x37393237646433652d323665362d313165662d39, 'Paola Garcia Malong', 'paola.malong@entech.com.ph', 'ENTECH Pest Integrated Management', 130, 1, NULL, '2024-06-10 05:01:18'),
(41, 0x37393238636536352d323665362d313165662d39, 'Nathan Quinones', 'nathanquinones@cctchemicals.net', 'CCT Chemicals Inc', 130, 1, NULL, '2024-06-10 05:01:18'),
(42, 0x37393239356434382d323665362d313165662d39, 'Archie Baisas', 'r_chbaisas@icloud.com', 'LEADS Environmental Health Products Corp.', 130, 1, NULL, '2024-06-10 05:01:18'),
(43, 0x37393261326266332d323665362d313165662d39, 'Job B. Dayandante', 'aimpestcontrol@yahoo.com', 'AIM Pest Control Philippines Corp', 130, 1, NULL, '2024-06-10 05:01:18'),
(44, 0x37393261636131652d323665362d313165662d39, 'Flordeliza C. Neric', 'flordeliza_neric@yahoo.com', 'FORZA KEMIKA AG, INC.', 130, 1, NULL, '2024-06-10 05:01:18'),
(45, 0x37393262383839302d323665362d313165662d39, 'Carmencita P. Darroca', 'mpdarroca@yahoo.com', 'FORZA KEMIKA AG, INC.', 130, 1, NULL, '2024-06-10 05:01:18'),
(46, 0x37393263353533352d323665362d313165662d39, 'Estrella Mendoza', 'lotmendoza.forza@gmail.com', 'FORZA KEMIKA AG, INC.', 130, 1, NULL, '2024-06-10 05:01:18'),
(47, 0x37393264306335352d323665362d313165662d39, 'นางสาวศรัญญา อาจหาญ', 'chemin_1980@hotmail.com', 'บริษัท เคมอิน อินคอร์โปเรชั่น จำกัด', 86, 1, NULL, '2024-06-10 05:01:18'),
(48, 0x37393264613136312d323665362d313165662d39, 'นางสาวอ้อมใจ เหียดใส', 'chemin.saleservice@gmail.com', 'บริษัท เคมอิน อินคอร์โปเรชั่น จำกัด', 86, 1, NULL, '2024-06-10 05:01:18'),
(49, 0x37393265333134662d323665362d313165662d39, 'นางพจนา วีแอนเดน', 'potjana@vpmc.co.th', 'บริษัท วีพี มอสคีโต คอนโทรล จำกัด', 86, 1, NULL, '2024-06-10 05:01:18'),
(50, 0x37393265393336622d323665362d313165662d39, 'นางสาวสุมาลี ฉลวยเจริญวงศ์', 'sumalee.th2024@gmail.com', 'บริษัท เทมโป-เอเชีย จำกัด', 86, 1, NULL, '2024-06-10 05:01:18'),
(51, 0x37393266356565302d323665362d313165662d39, 'นางสาวปัณรวีย์ บุญคง', 'sumalee.th2024@gmail.com', 'บริษัท เทมโป-เอเชีย จำกัด', 86, 1, NULL, '2024-06-10 05:01:18'),
(52, 0x37393330356335612d323665362d313165662d39, 'นางสาวขวัญฤดี ศรีกระทุม', 'sumalee.th2024@gmail.com', 'บริษัท เทมโป-เอเชีย จำกัด', 86, 1, NULL, '2024-06-10 05:01:18'),
(53, 0x37393330663934612d323665362d313165662d39, 'นายสุชาติ หงส์พิลา', 'sumalee.th2024@gmail.com', 'บริษัท เทมโป-เอเชีย จำกัด', 86, 1, NULL, '2024-06-10 05:01:18'),
(54, 0x37393331383439652d323665362d313165662d39, 'นายณัฐพัชร์ แสนธรรมพล', 'sumalee.th2024@gmail.com', 'บริษัท เทมโป-เอเชีย จำกัด', 86, 1, NULL, '2024-06-10 05:01:18'),
(55, 0x37393333393563312d323665362d313165662d39, 'นางจันทรา ลีละยุทธโยธิน', 'chantra.lee@gmail.com', 'บริษัท คิงส์ เซอร์วิส เซ็นเตอร์ จำกัด', 86, 1, NULL, '2024-06-10 05:01:18'),
(56, 0x37393334366435362d323665362d313165662d39, 'นายสุธี ลีละยุทธโยธิน', 'sutee@kingservice.co.th', 'บริษัท คิงส์ เซอร์วิส เซ็นเตอร์ จำกัด', 86, 1, NULL, '2024-06-10 05:01:18'),
(57, 0x37393335323238372d323665362d313165662d39, 'นางภัทรา ลีละยุทธโยธิน', 'patra@kingservice.co.th', 'บริษัท คิงส์ เซอร์วิส เซ็นเตอร์ จำกัด', 86, 1, NULL, '2024-06-10 05:01:18'),
(58, 0x37393335383966312d323665362d313165662d39, 'นายดนัย พัชรพจนากรณ์', 'libra@kingservice.co.th', 'บริษัท คิงส์ เซอร์วิส เซ็นเตอร์ จำกัด', 86, 1, NULL, '2024-06-10 05:01:18'),
(59, 0x37393337303734612d323665362d313165662d39, 'นางสาวปุณิกา อินทสุวรรณ์', 'punika@kingservice.co.th', 'บริษัท คิงส์ เซอร์วิส เซ็นเตอร์ จำกัด', 86, 1, NULL, '2024-06-10 05:01:18'),
(60, 0x37393337643731642d323665362d313165662d39, 'นางสาวจินตนา วงศ์ภิญ', 'jintana@kingservice.co.th', 'บริษัท คิงส์ เซอร์วิส เซ็นเตอร์ จำกัด', 86, 1, NULL, '2024-06-10 05:01:18'),
(61, 0x37393338373430352d323665362d313165662d39, 'นางสาวนงนภัส ปัญญายิ่ง', 'nongnaphat@kingservice.co.th', 'บริษัท คิงส์ เซอร์วิส เซ็นเตอร์ จำกัด', 86, 1, NULL, '2024-06-10 05:01:18'),
(62, 0x37393339653037322d323665362d313165662d39, 'นายธีธัช เผือกโสภา', 'thithat.ph@gmail.com', 'บริษัท คิงส์ เซอร์วิส เซ็นเตอร์ จำกัด', 86, 1, NULL, '2024-06-10 05:01:18'),
(63, 0x37393361663262632d323665362d313165662d39, 'นางสาวละอองทิพย์ ใจสุข', 'laorngtip@kingservice.co.th', 'บริษัท คิงส์ เซอร์วิส เซ็นเตอร์ จำกัด', 86, 1, NULL, '2024-06-10 05:01:19'),
(64, 0x37393362626239332d323665362d313165662d39, 'นางสาวอุบลวรรณ เนตรวงศ์', 'ubonwan@kingservice.co.th', 'บริษัท คิงส์ เซอร์วิส เซ็นเตอร์ จำกัด', 86, 1, NULL, '2024-06-10 05:01:19'),
(65, 0x37393363353933372d323665362d313165662d39, 'นางสาวศศิธร โพธิ์ธานี', 'sasithon@kingservice.co.th', 'บริษัท คิงส์ เซอร์วิส เซ็นเตอร์ จำกัด', 86, 1, NULL, '2024-06-10 05:01:19'),
(66, 0x37393363626537392d323665362d313165662d39, 'นางสาวกานต์สิริ กรรมใจ', 'kansiri@kingservice.co.th', 'บริษัท คิงส์ เซอร์วิส เซ็นเตอร์ จำกัด', 86, 1, NULL, '2024-06-10 05:01:19'),
(67, 0x37393364393066612d323665362d313165662d39, 'นางสาวกฤตยา คุ้นวงศ์', 'kritaya.c@ccspestcare.com', 'บริษัท ซี ซี เอส จำกัด (สำนักงานใหญ่)', 86, 1, NULL, '2024-06-10 05:01:19'),
(68, 0x37393365323338642d323665362d313165662d39, 'นางสาวสุมาวดี ทองคำ', 'sumawadee.t@ccspestcare.com', 'บริษัท ซี ซี เอส จำกัด (สำนักงานใหญ่)', 86, 1, NULL, '2024-06-10 05:01:19'),
(69, 0x37393365386265352d323665362d313165662d39, 'นายคมกริช สุดสาคร', 'khomkrit.s@ccspestcare.com', 'บริษัท ซี ซี เอส จำกัด (สำนักงานใหญ่)', 86, 1, NULL, '2024-06-10 05:01:19'),
(70, 0x37393366303564662d323665362d313165662d39, 'นางสาววิภาวี มีภูมิรู้', 'wipawee.m@ccspestcare.com', 'บริษัท ซี ซี เอส จำกัด (สำนักงานใหญ่)', 86, 1, NULL, '2024-06-10 05:01:19'),
(71, 0x37393366623961392d323665362d313165662d39, 'นายสมพล สุวรรณเนตร', 'sompol@csgroup.co.th', 'บริษัท ซี.เอส.กรุ๊ป จำกัด', 86, 1, NULL, '2024-06-10 05:01:19'),
(72, 0x37393430383231632d323665362d313165662d39, 'นายรัมย์ โรจน์รุ่งเรือง', 'rum@csgroup.co.th', 'บริษัท ซี.เอส.กรุ๊ป จำกัด', 86, 1, NULL, '2024-06-10 05:01:19'),
(73, 0x37393431313737632d323665362d313165662d39, 'Mr. Bharat Naik', 'lgm@ipmthailand.com', 'บริษัท อินโนเวทีฟ เพสท์ เมเนจเม้นท์ จำกัด', 86, 1, NULL, '2024-06-10 05:01:19'),
(74, 0x37393431623131362d323665362d313165662d39, 'Mr. Awdhesh Shukla', 'director@ipmthailand.com', 'บริษัท อินโนเวทีฟ เพสท์ เมเนจเม้นท์ จำกัด', 86, 1, NULL, '2024-06-10 05:01:19'),
(75, 0x37393432373365312d323665362d313165662d39, 'Rao', 'srrao4@gmail.com', '', 218, 1, NULL, '2024-06-10 05:01:19'),
(76, 0x37393433316531622d323665362d313165662d39, 'Pei Li', 'juhana.ismail@rentokil-initial.com', '', 101, 1, NULL, '2024-06-10 05:01:19'),
(77, 0x37393433663536342d323665362d313165662d39, 'Waie Kuan', 'carol.lam@rentokil-initial.com', '', 151, 1, NULL, '2024-06-10 05:01:19'),
(78, 0x37393435383239662d323665362d313165662d39, 'Andrew', 'enquiry@servcare.com.sg', '', 193, 1, NULL, '2024-06-10 05:01:19'),
(79, 0x37393436313037372d323665362d313165662d39, 'Victor', 'victor@ecospacepest.com.sg', '', 193, 1, NULL, '2024-06-10 05:01:19'),
(80, 0x37393436613132312d323665362d313165662d39, 'Rajesh Krish', 'needspestcontrol@rediffmail.com', '', 218, 1, NULL, '2024-06-10 05:01:19'),
(81, 0x37393437323535632d323665362d313165662d39, 'Ridzuan', 'ridzuan@entoworks.com', '', 151, 1, NULL, '2024-06-10 05:01:19'),
(82, 0x37393437643432332d323665362d313165662d39, 'Prafull Prabhakar Gurav', 'cleanpest@cleanpest.in', '', 218, 1, NULL, '2024-06-10 05:01:19'),
(83, 0x37393438363432632d323665362d313165662d39, 'Amit', 'amithanamghar@yahoo.com', '', 218, 1, NULL, '2024-06-10 05:01:19'),
(84, 0x37393439663635332d323665362d313165662d39, 'Hun Yuen', 'limhunyuen@yahoo.com', '', 151, 1, NULL, '2024-06-10 05:01:19'),
(85, 0x37393462303533612d323665362d313165662d39, 'Kim Hon', 'fongjac@pc.jaring.asia', '', 151, 1, NULL, '2024-06-10 05:01:19'),
(86, 0x37393462383531612d323665362d313165662d39, 'Weng Choy', 'eric@termguard.com', '', 151, 1, NULL, '2024-06-10 05:01:19'),
(87, 0x37393463306335382d323665362d313165662d39, 'Raoof', 'raoof@nontoxic.in', '', 218, 1, NULL, '2024-06-10 05:01:19'),
(88, 0x37393463613866382d323665362d313165662d39, 'Mei Ling', 'mebromml@mebrom.com', '', 151, 1, NULL, '2024-06-10 05:01:19'),
(89, 0x37393464343737392d323665362d313165662d39, 'Alex', 'alex@pyronesys.com', '', 186, 1, NULL, '2024-06-10 05:01:19'),
(90, 0x37393464633832322d323665362d313165662d39, 'Brian', 'brian@pyronesys.com', '', 186, 1, NULL, '2024-06-10 05:01:19'),
(91, 0x37393465376233392d323665362d313165662d39, 'Kyaw Swa', 'greenpestmyanmar@gmail.com', '', 128, 1, NULL, '2024-06-10 05:01:19'),
(92, 0x37393466356333382d323665362d313165662d39, 'Guruprasad', 'info@pestterminators.com', '', 218, 1, NULL, '2024-06-10 05:01:19'),
(93, 0x37393530303536652d323665362d313165662d39, 'Binay P Singh', 'binay@orionpest.com', '', 218, 1, NULL, '2024-06-10 05:01:19'),
(94, 0x37393530383332312d323665362d313165662d39, 'Ashutosh', 'bharatpest.jawale@gmail.com', '', 218, 1, NULL, '2024-06-10 05:01:19'),
(95, 0x37393530663932622d323665362d313165662d39, 'Vijay', 'unitedagricareindia@gmail.com', '', 218, 1, NULL, '2024-06-10 05:01:19'),
(96, 0x37393531396366642d323665362d313165662d39, 'Chee Siean', 'jeffery.ngoh@yahoo.com', '', 151, 1, NULL, '2024-06-10 05:01:19'),
(97, 0x37393533346538302d323665362d313165662d39, 'Rithy', 'limrithymba@gmail.com', '', 4, 1, NULL, '2024-06-10 05:01:19'),
(98, 0x37393534383563332d323665362d313165662d39, 'Sookhee', 'monica.mo@kukboscience.co.kr', '', 16, 1, NULL, '2024-06-10 05:01:19'),
(99, 0x37393535633963642d323665362d313165662d39, 'Jaeyoung', 'jenny@kukboscience.co.kr', '', 16, 1, NULL, '2024-06-10 05:01:19'),
(100, 0x37393537346163382d323665362d313165662d39, 'Rohan', 'rohanchavan@b-onein.com', '', 218, 1, NULL, '2024-06-10 05:01:19'),
(101, 0x37393539613962362d323665362d313165662d39, 'Jenpire', 'roy@termitespecialist.sg', '', 193, 1, NULL, '2024-06-10 05:01:19'),
(102, 0x37393561346231662d323665362d313165662d39, 'Zheng Xuan', 'sarah@evertrust.pro', '', 82, 1, NULL, '2024-06-10 05:01:19'),
(103, 0x37393561643335642d323665362d313165662d39, 'Muralidhayalu', 'murali@spidergroups.in', '', 218, 1, NULL, '2024-06-10 05:01:19'),
(104, 0x37393562353832652d323665362d313165662d39, 'Regine', 'regine_germanica@yahoo.com', '', 151, 1, NULL, '2024-06-10 05:01:19'),
(105, 0x37393563313132632d323665362d313165662d39, 'K Ramasamy', 'wecanpest@gmail.com', '', 218, 1, NULL, '2024-06-10 05:01:19'),
(106, 0x37393563386462302d323665362d313165662d39, 'Durai Raj.K', 'duraihitech@gmail.com', '', 218, 1, NULL, '2024-06-10 05:01:19'),
(107, 0x37393563663930332d323665362d313165662d39, 'Haris Pratama Putra', 'haris@kemika.co.id', '', 219, 1, NULL, '2024-06-10 05:01:19'),
(108, 0x37393564383932342d323665362d313165662d39, 'Salva Yurivan Saragih', 'salvagemilang@gmail.com', '', 219, 1, NULL, '2024-06-10 05:01:19'),
(109, 0x37393565313039652d323665362d313165662d39, 'Tambos Alberd San', 'tambos01@yahoo.com', '', 219, 1, NULL, '2024-06-10 05:01:19'),
(110, 0x37393565626530642d323665362d313165662d39, 'Sustina', 'rama.pangestu@proton.co.id', '', 219, 1, NULL, '2024-06-10 05:01:19'),
(111, 0x37393566346563662d323665362d313165662d39, 'Jasin Mohammad', 'diantamaagroindo@gmail.com', '', 219, 1, NULL, '2024-06-10 05:01:19'),
(112, 0x37393630353433312d323665362d313165662d39, 'Rocky Yanu Mahendra', 'info@remapest.com', '', 219, 1, NULL, '2024-06-10 05:01:19'),
(113, 0x37393630663133352d323665362d313165662d39, 'Sudarmono', 'agathamiairvana@gmail.com', '', 219, 1, NULL, '2024-06-10 05:01:19'),
(114, 0x37393631373863362d323665362d313165662d39, 'Agatahmia Irvanah', 'agathamiairvana@gmail.com', '', 219, 1, NULL, '2024-06-10 05:01:19'),
(115, 0x37393632343633342d323665362d313165662d39, 'Marina Santigi Karema', 'karema.marina@orcidmantis.co.id', '', 219, 1, NULL, '2024-06-10 05:01:19'),
(116, 0x37393632666665332d323665362d313165662d39, 'Lily Suraningsih Hadisuwito', 'lily_suraningsih@yahoo.co.id', '', 219, 1, NULL, '2024-06-10 05:01:19'),
(117, 0x37393633663130632d323665362d313165662d39, 'Muhammad Sulthan Haramain', 'sulthanharamain@gmail.com', '', 219, 1, NULL, '2024-06-10 05:01:19'),
(118, 0x37393634366438622d323665362d313165662d39, 'Achmad Pardomuan S', 'doans.mpc@gmail.com / doan@mympc.co.id', '', 219, 1, NULL, '2024-06-10 05:01:19'),
(119, 0x37393634636563332d323665362d313165662d39, 'Andi Carolus Partogi Sihombing', 'andisihombing@yahoo.com', '', 219, 1, NULL, '2024-06-10 05:01:19'),
(120, 0x37393635346537642d323665362d313165662d39, 'Abdul Rahman', 'amman.bille@gmail.com', '', 219, 1, NULL, '2024-06-10 05:01:19'),
(121, 0x37393635623532632d323665362d313165662d39, 'Aryo Virqi Pratama', 'ilham.fumigasi@gmail.com', '', 219, 1, NULL, '2024-06-10 05:01:19'),
(122, 0x37393636363034392d323665362d313165662d39, 'Erdembileg.D', 'mongoldpca@gmail.com', 'MDPCA', 136, 1, NULL, '2024-06-10 05:01:19'),
(123, 0x37393637316466622d323665362d313165662d39, 'Hector D. Binwek', 'hector.binwek@biotechphils.com', 'Bio-Tech Environmental Services Phils., Inc.', 130, 1, NULL, '2024-06-10 05:01:19'),
(124, 0x37393637393662332d323665362d313165662d39, 'Kevin M. Binwek', 'kevin.binwek@biotechphils.com', 'Bio-Tech Environmental Services Phils., Inc.', 130, 1, NULL, '2024-06-10 05:01:19'),
(125, 0x37393638346263302d323665362d313165662d39, 'Noreen Bernadette San Luis-Lutey', 'donbeepestcontrol@gmail.com', 'DONBEE TRADING AND PEST CONTROL, INC.', 130, 1, NULL, '2024-06-10 05:01:19'),
(126, 0x37393638633131342d323665362d313165662d39, 'Edmar Samson Mayores', 'DEMARDUSTINE@GMAIL.COM', 'ECOPRO CONSOLIDATOR INC', 130, 1, NULL, '2024-06-10 05:01:19'),
(127, 0x37393639353061662d323665362d313165662d39, 'Ma. Gladez I. Talavera', 'magladeztavalera@gmail.com', 'ECOPRO CONSOLIDATOR INC', 130, 1, NULL, '2024-06-10 05:01:19'),
(128, 0x37393639636561352d323665362d313165662d39, 'Gloria V. Bersamina', 'gepestcon_co@yahoo.com', 'GEPESTCON CO.', 130, 1, NULL, '2024-06-10 05:01:19'),
(129, 0x37393661363636342d323665362d313165662d39, 'Ryan Gabriel V. Bersamina', 'gepestcon_co@yahoo.com', 'GEPESTCON CO.', 130, 1, NULL, '2024-06-10 05:01:19'),
(130, 0x37393662326538612d323665362d313165662d39, 'Dillague, Rouela Pioquinto', 'rouella.dillague@aloginc.com', 'ALOG & Company, Inc.', 130, 1, NULL, '2024-06-10 05:01:19'),
(131, 0x37393662653530362d323665362d313165662d39, 'Mendoza, Mira Laquindanum', 'mira.mendoza@aloginc.com', 'ALOG & Company, Inc.', 130, 1, NULL, '2024-06-10 05:01:19'),
(132, 0x37393663393133372d323665362d313165662d39, 'Altura, Albert Dean', 'albert.altura@levante.ph', 'Levante Health & Hygiene, Inc.', 130, 1, NULL, '2024-06-10 05:01:19'),
(133, 0x37393664663738322d323665362d313165662d39, 'Gonzalez, Pia Marie Ysabel Flor', 'pfgonzalez@megamanilapest.com', 'Mega Manila Pest Management Specialists, Inc.', 130, 1, NULL, '2024-06-10 05:01:19'),
(134, 0x37393666363934302d323665362d313165662d39, 'Angeles, Rodolfo Norman Carandang', 'chucks_world@yahoo.com', 'Metropolitan Pest Control Corp.', 130, 1, NULL, '2024-06-10 05:01:19'),
(135, 0x37393730363336372d323665362d313165662d39, 'Gee, Ai Chu', 'ederine.gee@rentokil-initial.com', 'Rentokil Initial Philippines Inc.', 130, 1, NULL, '2024-06-10 05:01:19'),
(136, 0x37393730643962642d323665362d313165662d39, 'Liwayway C. Cordel', 'liwaycc@yahoo.com', 'Rainbow Pest Control Inc.', 130, 1, NULL, '2024-06-10 05:01:19'),
(137, 0x37393731623336362d323665362d313165662d39, 'Ferdinand A. Trance', 'fa_trance@yahoo.com', 'Predator Pest Control and General Services', 130, 1, NULL, '2024-06-10 05:01:19'),
(138, 0x37393732353933362d323665362d313165662d39, 'Lee, Ming-Hsien', 'umaid5168@gmail.com', 'UMAID', 82, 1, NULL, '2024-06-10 05:01:19'),
(139, 0x37393733303834312d323665362d313165662d39, 'Chuang, Shou-Chung', 'pest588@gmail.com', 'Paistt Pest Control Company', 82, 1, NULL, '2024-06-10 05:01:19'),
(140, 0x37393733623031642d323665362d313165662d39, 'Shih, Chang-Liang', 'sam980901@gmail.com', 'Chia Chia Ltd.', 82, 1, NULL, '2024-06-10 05:01:19'),
(141, 0x37393735623834612d323665362d313165662d39, 'Wu, Yung-Chih', 'hans19730714@gmail.com', 'Good PaPa', 82, 1, NULL, '2024-06-10 05:01:19'),
(142, 0x37393737323261332d323665362d313165662d39, 'Huang, Dio', 's6300767@gmail.com', 'Shiguang Termite and Pest Services Co. Ltd.', 82, 1, NULL, '2024-06-10 05:01:19'),
(143, 0x37393738613031362d323665362d313165662d39, 'Lai, Chien-Chi', 'kevinnavy35@hotmail.com', 'Ruidun Biological Control Ltd.', 82, 1, NULL, '2024-06-10 05:01:19'),
(144, 0x37393739356464362d323665362d313165662d39, 'Hwang, Ji-Sen', 'jshwang@utaipei.edu.tw', 'University of Taipei', 82, 1, NULL, '2024-06-10 05:01:19'),
(145, 0x37393739653538382d323665362d313165662d39, 'Tseng, Kuei-Mei', 'info@chunghsi.com.tw', 'Chung Hsi Chemical Plant, Ltd.', 82, 1, NULL, '2024-06-10 05:01:19'),
(146, 0x37393761393861392d323665362d313165662d39, 'Hua, Kuo-Hsun', 'khhua@chunghsi.com.tw', 'Chung Hsi Chemical Plant, Ltd.', 82, 1, NULL, '2024-06-10 05:01:19'),
(147, 0x37393762316364612d323665362d313165662d39, 'Lin, Yen-Chen', 'tbb.pco@gmail.com', 'Tain Bing Pest Control Ltd.', 82, 1, NULL, '2024-06-10 05:01:19'),
(148, 0x37393762633762632d323665362d313165662d39, 'Lee, Chen-Meng', 'elton0209@gmail.com', 'Terry Pest Control Co.', 82, 1, NULL, '2024-06-10 05:01:19'),
(149, 0x37393763636131362d323665362d313165662d39, 'Huang, Yan Kai', 'a0976287198@gmail.com', 'Hualien Environmental Sanitation', 82, 1, NULL, '2024-06-10 05:01:19'),
(150, 0x37393764373230382d323665362d313165662d39, 'Jianzhong Edmund', 'kershing@cleansolutions.com.sg', '', 193, 1, NULL, '2024-06-10 05:01:19'),
(151, 0x37393765336636322d323665362d313165662d39, 'Jo Lynn', 'jolynn.teh@hysia.jp', '', 193, 1, NULL, '2024-06-10 05:01:19'),
(152, 0x37393765643362382d323665362d313165662d39, 'Kok Yong', 'bruce@emit.com.sg', '', 193, 1, NULL, '2024-06-10 05:01:19'),
(153, 0x37393766383633662d323665362d313165662d39, 'Scott', 'sclarke@termatrac.com', '', 208, 1, NULL, '2024-06-10 05:01:19'),
(154, 0x37393830313231372d323665362d313165662d39, 'Chee How', 'cheehow.tay@corteva.com', '', 151, 1, NULL, '2024-06-10 05:01:19'),
(155, 0x37393830643063322d323665362d313165662d39, 'Aiman Hanis', 'aimanhanis.jasmi@corteva.com', '', 151, 1, NULL, '2024-06-10 05:01:19'),
(156, 0x37393831366239372d323665362d313165662d39, 'Mohammad Azattul', 'juhana.ismail@rentokil-initial.com', '', 101, 1, NULL, '2024-06-10 05:01:19'),
(157, 0x37393832323661342d323665362d313165662d39, 'Rorifer Torres', 'juhana.ismail@rentokil-initial.com', '', 101, 1, NULL, '2024-06-10 05:01:19'),
(158, 0x37393832636133342d323665362d313165662d39, 'Khiong', 'juhana.ismail@rentokil-initial.com', '', 101, 1, NULL, '2024-06-10 05:01:19'),
(159, 0x37393833356134302d323665362d313165662d39, 'Tiama', 'juhana.ismail@rentokil-initial.com', '', 101, 1, NULL, '2024-06-10 05:01:19'),
(160, 0x37393833636538632d323665362d313165662d39, 'Guruprasada', 'guru@ipest.in', '', 218, 1, NULL, '2024-06-10 05:01:19'),
(161, 0x37393834363033342d323665362d313165662d39, 'Vasanthraj', 'guru@ipest.in', '', 218, 1, NULL, '2024-06-10 05:01:19'),
(162, 0x37393835323535642d323665362d313165662d39, 'Vm Prakash', 'kiranpest8@gmail.com', '', 218, 1, NULL, '2024-06-10 05:01:19'),
(163, 0x37393835656465392d323665362d313165662d39, 'Muniswamaiah', 'kiranpest8@gmail.com', '', 218, 1, NULL, '2024-06-10 05:01:19'),
(164, 0x37393836613934352d323665362d313165662d39, 'Huei Ying (Nancy)', 'shin@chunghsi.com.tw', '', 82, 1, NULL, '2024-06-10 05:01:19'),
(165, 0x37393837346533332d323665362d313165662d39, 'Wan Cheng (Allis)', 'shin@chunghsi.com.tw', '', 82, 1, NULL, '2024-06-10 05:01:19'),
(166, 0x37393837643161322d323665362d313165662d39, 'Tyagi', 'satishtyagijpr@gmail.com', '', 218, 1, NULL, '2024-06-10 05:01:19'),
(167, 0x37393838343435662d323665362d313165662d39, 'Sharma', 'satishtyagijpr@gmail.com', '', 218, 1, NULL, '2024-06-10 05:01:19'),
(168, 0x37393838626231612d323665362d313165662d39, 'Ruziyatul Aznieda', 'ruziyatul.aznieda@gmail.com', '', 151, 1, NULL, '2024-06-10 05:01:19'),
(169, 0x37393839323566652d323665362d313165662d39, 'Nur Amalina', 'ruziyatul.aznieda@gmail.com', '', 151, 1, NULL, '2024-06-10 05:01:19'),
(170, 0x37393839616363392d323665362d313165662d39, 'Seyha', 'info@lpestcontrol.com', '', 4, 1, NULL, '2024-06-10 05:01:19'),
(171, 0x37393861323163302d323665362d313165662d39, 'Huor', 'info@lpestcontrol.com', '', 4, 1, NULL, '2024-06-10 05:01:19'),
(172, 0x37393861643534642d323665362d313165662d39, 'Ravi Shankar', 'ravivyas@hotmail.com', '', 218, 1, NULL, '2024-06-10 05:01:19'),
(173, 0x37393862393330612d323665362d313165662d39, 'Ankush', 'ravivyas@hotmail.com', '', 218, 1, NULL, '2024-06-10 05:01:19'),
(174, 0x37393863386665612d323665362d313165662d39, 'Muhammad Syazwan', 'info.bioideas@gmail.com', '', 151, 1, NULL, '2024-06-10 05:01:19'),
(175, 0x37393864326464642d323665362d313165662d39, 'Mohd Qhairol Af Hafiz', 'info.bioideas@gmail.com', '', 151, 1, NULL, '2024-06-10 05:01:19'),
(176, 0x37393864663564322d323665362d313165662d39, 'Myla Sri Krishna Varma', 'quality_fumigation@yahoo.com', '', 218, 1, NULL, '2024-06-10 05:01:19'),
(177, 0x37393865646431312d323665362d313165662d39, 'Myla Asha', 'quality_fumigation@yahoo.com', '', 218, 1, NULL, '2024-06-10 05:01:19'),
(178, 0x37393866393761652d323665362d313165662d39, 'Ajay', 'mahalaxmiagro77@gmail.com', '', 218, 1, NULL, '2024-06-10 05:01:19'),
(179, 0x37393930373232352d323665362d313165662d39, 'Rajesh', 'mahalaxmiagro77@gmail.com', '', 218, 1, NULL, '2024-06-10 05:01:19'),
(180, 0x37393931313031622d323665362d313165662d39, 'Gaurav', 'gauravtota16@gmail.com', '', 218, 1, NULL, '2024-06-10 05:01:19'),
(181, 0x37393931653533382d323665362d313165662d39, 'Mahendra', 'gauravtota16@gmail.com', '', 218, 1, NULL, '2024-06-10 05:01:19'),
(182, 0x37393932393032302d323665362d313165662d39, 'Rakesh Kumar Singh', 'rakesh.pestcon@gmail.com', '', 218, 1, NULL, '2024-06-10 05:01:19'),
(183, 0x37393933326166332d323665362d313165662d39, 'Gautam Guchchhait', 'rakesh.pestcon@gmail.com', '', 218, 1, NULL, '2024-06-10 05:01:19'),
(184, 0x37393933626232392d323665362d313165662d39, 'Antoni', 'laboratorio@agrochem.es', '', 180, 1, NULL, '2024-06-10 05:01:19'),
(185, 0x37393935323630332d323665362d313165662d39, 'Eva', 'laboratorio@agrochem.es', '', 180, 1, NULL, '2024-06-10 05:01:19'),
(186, 0x37393935663232352d323665362d313165662d39, 'Hoe Chen Alex', 'hoechen.ling@spmglobal.co', '', 193, 1, NULL, '2024-06-10 05:01:19'),
(187, 0x37393936646464622d323665362d313165662d39, 'Iman Nassir', 'hoechen.ling@spmglobal.co', '', 193, 1, NULL, '2024-06-10 05:01:19'),
(188, 0x37393937373562312d323665362d313165662d39, 'Surendranath Reddy', 'surendranath.reddy@dekriminators.in', '', 218, 1, NULL, '2024-06-10 05:01:19'),
(189, 0x37393938306466392d323665362d313165662d39, 'N', 'surendranath.reddy@dekriminators.in', '', 218, 1, NULL, '2024-06-10 05:01:19'),
(190, 0x37393938613931652d323665362d313165662d39, 'King Siong', 'alex@innopest.my', '', 151, 1, NULL, '2024-06-10 05:01:19'),
(191, 0x37393939353635652d323665362d313165662d39, 'Gaik Hooi', 'alex@innopest.my', '', 151, 1, NULL, '2024-06-10 05:01:19'),
(192, 0x37393939643865372d323665362d313165662d39, 'Ajit Tavanappa', 'ajit.j@indianpestservices.com', '', 218, 1, NULL, '2024-06-10 05:01:19'),
(193, 0x37393961363534322d323665362d313165662d39, 'Prem Girishbhai', 'ajit.j@indianpestservices.com', '', 218, 1, NULL, '2024-06-10 05:01:19'),
(194, 0x37393962316465352d323665362d313165662d39, 'Sarah', 'sarah@evertrust.pro', '', 82, 1, NULL, '2024-06-10 05:01:19'),
(195, 0x37393962646134352d323665362d313165662d39, 'George', 'sarah@evertrust.pro', '', 82, 1, NULL, '2024-06-10 05:01:19'),
(196, 0x37393963373934642d323665362d313165662d39, 'Anandhakumar', 'harithgpc@gmail.com', '', 218, 1, NULL, '2024-06-10 05:01:19'),
(197, 0x37393964303964332d323665362d313165662d39, 'Balamurugan', 'harithgpc@gmail.com', '', 218, 1, NULL, '2024-06-10 05:01:19'),
(198, 0x37393964613961652d323665362d313165662d39, 'Muthukumar', 'iqpestcontrol17@gmail.com', '', 218, 1, NULL, '2024-06-10 05:01:19'),
(199, 0x37393965343134382d323665362d313165662d39, 'Dilipkumar', 'iqpestcontrol17@gmail.com', '', 218, 1, NULL, '2024-06-10 05:01:19'),
(200, 0x37393966303333652d323665362d313165662d39, 'Eko Puji Sri Haryanto', 'ekopsh@gmail.com', '', 219, 1, NULL, '2024-06-10 05:01:19'),
(201, 0x37393966613163612d323665362d313165662d39, 'Erizal Sikumbang', 'erizalsikumbang1@gmail.com', '', 219, 1, NULL, '2024-06-10 05:01:19'),
(202, 0x37396130333036382d323665362d313165662d39, 'Ibrahim', 'ibrahim@kemika.co.id', '', 219, 1, NULL, '2024-06-10 05:01:19'),
(203, 0x37396130663335352d323665362d313165662d39, 'Hilmi Haidar Atsauri', 'hilmi.atsauri@gmail.com', '', 219, 1, NULL, '2024-06-10 05:01:19'),
(204, 0x37396132663335652d323665362d313165662d39, 'Zulkirman', 'zulkirman@myg.co.id', '', 219, 1, NULL, '2024-06-10 05:01:19'),
(205, 0x37396133613262352d323665362d313165662d39, 'Endra Gunawan', 'endra@myg.co.id', '', 219, 1, NULL, '2024-06-10 05:01:19'),
(206, 0x37396134366332622d323665362d313165662d39, 'Rama Adi Pangestu', 'rama.pangestu@proton.co.id', '', 219, 1, NULL, '2024-06-10 05:01:19'),
(207, 0x37396135306132642d323665362d313165662d39, 'Ahmad Zazili', 'ahmad.zazili@proton.co.id', '', 219, 1, NULL, '2024-06-10 05:01:19'),
(208, 0x37396135646165302d323665362d313165662d39, 'Henry Ferdianto', 'henry.ferdianto@gmail.com', '', 219, 1, NULL, '2024-06-10 05:01:19'),
(209, 0x37396136646234312d323665362d313165662d39, 'Ahmad Hidayat', 'info@remapest.com', '', 219, 1, NULL, '2024-06-10 05:01:19'),
(210, 0x37396138306130302d323665362d313165662d39, 'Ir. Ricad Efendi Siregar', 'ricad.efendi@gmail.com', '', 219, 1, NULL, '2024-06-10 05:01:19'),
(211, 0x37396138656338302d323665362d313165662d39, 'Suharsono', 'suharsonoharjo56@gmail.com', '', 219, 1, NULL, '2024-06-10 05:01:19'),
(212, 0x37396139613636322d323665362d313165662d39, 'Enjang Rahmat Safari', 'enjang.rsafari74@gmail.com', '', 219, 1, NULL, '2024-06-10 05:01:19'),
(213, 0x37396161313933382d323665362d313165662d39, 'Ayi Muhiban', 'ayi.3pls@gmail.com', '', 219, 1, NULL, '2024-06-10 05:01:19'),
(214, 0x37396161393536392d323665362d313165662d39, 'Nurdin', 'adm.petrokil@gmail.com', '', 219, 1, NULL, '2024-06-10 05:01:19'),
(215, 0x37396162356461642d323665362d313165662d39, 'Sulkifly', 'sulkifly@pestigo.id', '', 219, 1, NULL, '2024-06-10 05:01:19'),
(216, 0x37396163323739352d323665362d313165662d39, 'Rifki Rizki Arief', 'rr.arief@orcidmantis.co.id', '', 219, 1, NULL, '2024-06-10 05:01:19'),
(217, 0x37396163613930372d323665362d313165662d39, 'Andri Haryo Saputro', 'andri.hsaputro@orcidmantis.co.id', '', 219, 1, NULL, '2024-06-10 05:01:19'),
(218, 0x37396164326465322d323665362d313165662d39, 'Atep Muhammad Nurdin', 'atep.tiganur@gmail.com', '', 219, 1, NULL, '2024-06-10 05:01:19'),
(219, 0x37396164663164362d323665362d313165662d39, 'Kemal Ashiddiq', '30896kemal@gmail.com', '', 219, 1, NULL, '2024-06-10 05:01:19'),
(220, 0x37396165623066612d323665362d313165662d39, 'Intania Alifiah', 'tania@pestigo.id', '', 219, 1, NULL, '2024-06-10 05:01:19'),
(221, 0x37396166623165372d323665362d313165662d39, 'Dyah Rini Puspitasari', 'dyahrini.aag@gmail.com', '', 219, 1, NULL, '2024-06-10 05:01:19'),
(222, 0x37396230613134382d323665362d313165662d39, 'Sri Waluyo', 'info.unipest@gmail.com', '', 219, 1, NULL, '2024-06-10 05:01:19'),
(223, 0x37396231373265332d323665362d313165662d39, 'Triyadi', 'info.unipest@gmail.com', '', 219, 1, NULL, '2024-06-10 05:01:19'),
(224, 0x37396232333632332d323665362d313165662d39, 'Dita Puspita Sari', 'ditapus.aag@gmail.com', '', 219, 1, NULL, '2024-06-10 05:01:19'),
(225, 0x37396233313935662d323665362d313165662d39, 'Jawhlantogs.T', 'tech@orkin.mn', 'Orkin Mongolia LLC', 136, 1, NULL, '2024-06-10 05:01:19'),
(226, 0x37396233623663302d323665362d313165662d39, 'Dulamsuren.B', 'duyahaibatbayr@gmail.com', 'Ogoosh LLC', 136, 1, NULL, '2024-06-10 05:01:19'),
(227, 0x37396234376335312d323665362d313165662d39, 'Nyamsuren.B', 'badarchnymsuren90@gmail.com', 'Tsewer Orchin LLC', 136, 1, NULL, '2024-06-10 05:01:19'),
(228, 0x37396235333265392d323665362d313165662d39, 'Lkhagwadorj.B', 'badarchnymsuren90@gmail.com', 'Tsewer Orchin LLC', 136, 1, NULL, '2024-06-10 05:01:19'),
(229, 0x37396235613538302d323665362d313165662d39, 'Oldoh.B', 'oldokh.ba@gmail.com', 'Ulaanbaatar Ariutgal LLC', 136, 1, NULL, '2024-06-10 05:01:19'),
(230, 0x37396236333832372d323665362d313165662d39, 'Khandsuren.B', 'khandsurenbalgansuren@yahoo.com', 'Noyon Khutagt LLC', 136, 1, NULL, '2024-06-10 05:01:19'),
(231, 0x37396236663039662d323665362d313165662d39, 'Angelo Miguel S. Santos,', 'miko.santos@biotechphils.com', 'Bio-Tech Environmental Services Phils., Inc.', 130, 1, NULL, '2024-06-10 05:01:19'),
(232, 0x37396237366234622d323665362d313165662d39, 'Jhondiel M. Ardevela', 'jhondiel.ardevela@biotechphils.com', 'Bio-Tech Environmental Services Phils., Inc.', 130, 1, NULL, '2024-06-10 05:01:19'),
(233, 0x37396237653935352d323665362d313165662d39, 'Josefina N. Dueñas', 'jojo.duenas@pixacompany.com', 'PIXA Corporation', 130, 1, NULL, '2024-06-10 05:01:19'),
(234, 0x37396238386438312d323665362d313165662d39, 'Nia C. Cariquitan', 'nia.cariquitan@pixacompany.com', 'PIXA Corporation', 130, 1, NULL, '2024-06-10 05:01:19'),
(235, 0x37396239313734632d323665362d313165662d39, 'Jorge Darwin Tuing', 'pestcontrolresourceful@yahoo.com.ph', 'RESOURCEFUL PEST CONTROL MANAGEMENT INC', 130, 1, NULL, '2024-06-10 05:01:19'),
(236, 0x37396239623266332d323665362d313165662d39, 'Edilberto Abella', 'pestcontrolresourceful@yahoo.com.ph', 'RESOURCEFUL PEST CONTROL MANAGEMENT INC', 130, 1, NULL, '2024-06-10 05:01:19'),
(237, 0x37396261613133612d323665362d313165662d39, 'Eleanor A. Rebua', 'earebua@leads-eh.com', 'LEADS Environmental Health Products Corp.', 130, 1, NULL, '2024-06-10 05:01:19'),
(238, 0x37396262353162652d323665362d313165662d39, 'Rica Princess D. Montevirgen', 'rdmontevirgen@leads-eh.com', 'LEADS Environmental Health Products Corp.', 130, 1, NULL, '2024-06-10 05:01:19'),
(239, 0x37396262643732342d323665362d313165662d39, 'Ann Margaret L. Castilan', 'businessdevt@leads-eh.com', 'LEADS Environmental Health Products Corp.', 130, 1, NULL, '2024-06-10 05:01:19'),
(240, 0x37396263366437342d323665362d313165662d39, 'Rommel Sim Gerodias', 'rs.gerodias@a101.ph', 'A101 Innovations Inc.', 130, 1, NULL, '2024-06-10 05:01:19'),
(241, 0x37396263663633622d323665362d313165662d39, 'Melvin M. Vendivel', 'mmvendivel@leads-eh.com', 'LEADS Environmental Health Products Corp.', 130, 1, NULL, '2024-06-10 05:01:19'),
(242, 0x37396264393737362d323665362d313165662d39, 'Bernard M. Pascasio', 'bmpascasio@leads-eh.com', 'LEADS Environmental Health Products Corp.', 130, 1, NULL, '2024-06-10 05:01:19'),
(243, 0x37396265366162332d323665362d313165662d39, 'Henry Mayuyu Iporac', 'henryiporac@gmail.com', 'IPESTBUSTERS CHEMICAL AND SERVICES', 130, 1, NULL, '2024-06-10 05:01:19'),
(244, 0x37396266303837302d323665362d313165662d39, 'Jenifer Morales Iporac', 'jmi.ipestbusters@gmail.com', 'IPESTBUSTERS CHEMICAL AND SERVICES', 130, 1, NULL, '2024-06-10 05:01:19'),
(245, 0x37396266633137332d323665362d313165662d39, 'Sheryl Lozada Aguilar', 'she.adazolpestcontrol@gmail.com', 'Adazol Pest Control Services', 130, 1, NULL, '2024-06-10 05:01:19'),
(246, 0x37396330386332372d323665362d313165662d39, 'Lito Domasig Aguilar', 'she.adazolpestcontrol@gmail.com', 'Adazol Pest Control Services', 130, 1, NULL, '2024-06-10 05:01:19'),
(247, 0x37396331343939362d323665362d313165662d39, 'Franklin B. Binalla', 'sales@camphilpestcontrol.com', 'CAMPHIL PEST CONTROL AND SERVICES INC.', 130, 1, NULL, '2024-06-10 05:01:19'),
(248, 0x37396332313032372d323665362d313165662d39, 'Glendale G. Binalla', 'sales@camphilpestcontrol.com', 'CAMPHIL PEST CONTROL AND SERVICES INC.', 130, 1, NULL, '2024-06-10 05:01:19'),
(249, 0x37396333303238312d323665362d313165662d39, 'Dominic Gary Bonite', 'dbonite@tnpc.ph', 'TOP NOTCH PEST CONTROL SERVICES COMPANY, LTD.', 130, 1, NULL, '2024-06-10 05:01:19'),
(250, 0x37396333623034312d323665362d313165662d39, 'Antonio A. Sarmiento Jr.', 'julanttermite@gmail.com', 'Julant Pest Control', 130, 1, NULL, '2024-06-10 05:01:19'),
(251, 0x37396334383632312d323665362d313165662d39, 'Rodrin T. Buenaventura', 'jpestmanagementservices@gmail.com', 'J-Pest Management Services', 130, 1, NULL, '2024-06-10 05:01:19'),
(252, 0x37396335336435632d323665362d313165662d39, 'Elmer P. Baradas', 'epbaradas@yahoo.com.ph', 'Entom Pest Control & General Services Corp.', 130, 1, NULL, '2024-06-10 05:01:19'),
(253, 0x37396335643265312d323665362d313165662d39, 'Keana Amanda B. Bantoc', 'keanabantoc@gmail.com', 'Entom Pest Control & General Services Corp.', 130, 1, NULL, '2024-06-10 05:01:19'),
(254, 0x37396336356130302d323665362d313165662d39, 'Daniel M. Verdejo', 'danielmverdejo@gmail.com', 'Upgreen Corporation', 130, 1, NULL, '2024-06-10 05:01:19'),
(255, 0x37396337316236392d323665362d313165662d39, 'Aileen B. Fernandez', 'upgreencorp@gmail.com', 'Upgreen Corporation', 130, 1, NULL, '2024-06-10 05:01:19'),
(256, 0x37396337636431322d323665362d313165662d39, 'Cruto, Rio Jean Manocan', 'rio.cruto@orkin.ph', 'Levante Health & Hygiene, Inc.', 130, 1, NULL, '2024-06-10 05:01:19'),
(257, 0x37396338373961392d323665362d313165662d39, 'Laroya, Claire Anne Lajom', 'claire.laroya@orkin.ph', 'Levante Health & Hygiene, Inc.', 130, 1, NULL, '2024-06-10 05:01:19'),
(258, 0x37396339333430372d323665362d313165662d39, 'Bobon, Mary Vic Palapas', 'mpbobon@megamanilapest.com', 'Mega Manila Pest Management Specialists, Inc.', 130, 1, NULL, '2024-06-10 05:01:19'),
(259, 0x37396361353839352d323665362d313165662d39, 'Timkang, Genger Ani', 'gatimkang@megamanilapest.com', 'Mega Manila Pest Management Specialists, Inc.', 130, 1, NULL, '2024-06-10 05:01:19'),
(260, 0x37396362636461612d323665362d313165662d39, 'Mendaro, Manette Fernandez', 'mfmendaro@megamanilapest.com', 'Mega Manila Pest Management Specialists, Inc.', 130, 1, NULL, '2024-06-10 05:01:19'),
(261, 0x37396363373164342d323665362d313165662d39, 'Villa, Cathlyn Lagbas', 'clvilla@megamanilapest.com', 'Mega Manila Pest Management Specialists, Inc.', 130, 1, NULL, '2024-06-10 05:01:19'),
(262, 0x37396364333431632d323665362d313165662d39, 'Angeles, Nenita Carandang', 'inquire@metropolitanpest.com.ph', 'Metropolitan Pest Control Corp.', 130, 1, NULL, '2024-06-10 05:01:19'),
(263, 0x37396364643662322d323665362d313165662d39, 'Tutaan, Rhina Noreen Angeles', 'rhinangeles@yahoo.com', 'Metropolitan Pest Control Corp.', 130, 1, NULL, '2024-06-10 05:01:19'),
(264, 0x37396365373532392d323665362d313165662d39, 'Abrenica, Generosa Patalinghog', 'generosa.abrenica@rentokil-initial.com', 'Rentokil Initial Philippines Inc.', 130, 1, NULL, '2024-06-10 05:01:19'),
(265, 0x37396366383465312d323665362d313165662d39, 'Ramos, Cecilia Andrada', 'cecille.ramos@rentokil-initial.com', 'Rentokil Initial Philippines Inc.', 130, 1, NULL, '2024-06-10 05:01:19'),
(266, 0x37396366663831632d323665362d313165662d39, 'Fabian, Joy Aviles', 'joy.fabian@rentokil-initial.com', 'Rentokil Initial Philippines Inc.', 130, 1, NULL, '2024-06-10 05:01:19'),
(267, 0x37396430616136342d323665362d313165662d39, 'Reyes, Mary Fritzie Lagaña', 'maryfritzie.reyes@rentokil-initial.com', 'Rentokil Initial Philippines Inc.', 130, 1, NULL, '2024-06-10 05:01:19'),
(268, 0x37396431333962662d323665362d313165662d39, 'Guevarra, Marlon Sarmiento', 'msg.7396@gmail.com', 'The Bug Bully Pest Management Inc.', 130, 1, NULL, '2024-06-10 05:01:19'),
(269, 0x37396432306637612d323665362d313165662d39, 'Guevarra, Katherine Chua', 'kathyg@thebugbully.ph', 'The Bug Bully Pest Management Inc.', 130, 1, NULL, '2024-06-10 05:01:19'),
(270, 0x37396432633535392d323665362d313165662d39, 'Maria Marissa Torres', 'bapestcontrolservices@gmail.com', 'BUGS AWAY PEST CONTROL SERVICES', 130, 1, NULL, '2024-06-10 05:01:19'),
(271, 0x37396433383934362d323665362d313165662d39, 'Richard Torres', 'bapestcontrolservices@gmail.com', 'BUGS AWAY PEST CONTROL SERVICES', 130, 1, NULL, '2024-06-10 05:01:20'),
(272, 0x37396434343033652d323665362d313165662d39, 'Samson, Edmundo', 'edsa@oneedsa.com', 'ECO ACTIVE PEST CONTROL SERVICES', 130, 1, NULL, '2024-06-10 05:01:20'),
(273, 0x37396435353532362d323665362d313165662d39, 'Samson, Cheney Dominique', 'edsa@oneedsa.com', 'ECO ACTIVE PEST CONTROL SERVICES', 130, 1, NULL, '2024-06-10 05:01:20'),
(274, 0x37396436376536382d323665362d313165662d39, 'Jose Paulo Guevarra', 'joepau@gmail.com', 'J.B. GUEVARRA & SONS, INC.', 130, 1, NULL, '2024-06-10 05:01:20'),
(275, 0x37396437613131332d323665362d313165662d39, 'Rosario Guevarra', 'joepau@gmail.com', 'J.B. GUEVARRA & SONS, INC.', 130, 1, NULL, '2024-06-10 05:01:20'),
(276, 0x37396438393261312d323665362d313165662d39, 'Wilfredo Felipe Aguas Fainza', 'xtrimservices@gmail.com', 'AF X-TRIM SERVICES INC.', 130, 1, NULL, '2024-06-10 05:01:20'),
(277, 0x37396439636164302d323665362d313165662d39, 'Jeremias Antonio Aguas Facuri', 'tonyfacuri@gmail.com', 'AF X-TRIM SERVICES INC.', 130, 1, NULL, '2024-06-10 05:01:20'),
(278, 0x37396461646362362d323665362d313165662d39, 'Dominic Reyes', 'dominic@zeropestph.com', 'ZERO PEST PHILIPPINES', 130, 1, NULL, '2024-06-10 05:01:20'),
(279, 0x37396462633966662d323665362d313165662d39, 'Katherine Reyes', 'dominic@zeropestph.com', 'ZERO PEST PHILIPPINES', 130, 1, NULL, '2024-06-10 05:01:20'),
(280, 0x37396463386663322d323665362d313165662d39, 'Cagas, Ferdand Mark Batas', 'ferdandmark.cagas@environet.com.ph', 'Environet Total Services, Inc.', 130, 1, NULL, '2024-06-10 05:01:20'),
(281, 0x37396464346635642d323665362d313165662d39, 'Magpili, Renz Nathaniel Villanueva', 'renznathaniel.magpili@environet.com.ph', 'Environet Total Services, Inc.', 130, 1, NULL, '2024-06-10 05:01:20'),
(282, 0x37396465323931322d323665362d313165662d39, 'Sarmiento, Evangeline Pineda', 'evangeline.sarmiento@environet.com.ph', 'Environet Total Services, Inc.', 130, 1, NULL, '2024-06-10 05:01:20'),
(283, 0x37396465653136642d323665362d313165662d39, 'Serafines, Mariel-Ann Costales', 'mariel.serafines@environet.com.ph', 'Environet Total Services, Inc.', 130, 1, NULL, '2024-06-10 05:01:20'),
(284, 0x37396530306334662d323665362d313165662d39, 'Dela Cruz, Fernando Jr. Villoga', 'gepestcon_co@yahoo.com', 'GEPESTCON CO.', 130, 1, NULL, '2024-06-10 05:01:20'),
(285, 0x37396530626630332d323665362d313165662d39, 'Merced, Venancio Jr. Radan', 'gepestcon_co@yahoo.com', 'GEPESTCON CO.', 130, 1, NULL, '2024-06-10 05:01:20'),
(286, 0x37396531636265632d323665362d313165662d39, 'Inocencio, Erwin Gregory Del Rosario', 'erwin@inopest.com', 'INO Pest Solutions Corporation', 130, 1, NULL, '2024-06-10 05:01:20'),
(287, 0x37396532656466632d323665362d313165662d39, 'Inocencio, Maria Theresa Uy', 'tere@inopest.com', 'INO Pest Solutions Corporation', 130, 1, NULL, '2024-06-10 05:01:20'),
(288, 0x37396533633531642d323665362d313165662d39, 'Evangeline P. Abanes', 'evolvpest@yahoo.com / epabanes@gmail.com', 'EVOLVPEST SOLUTION INC.', 130, 1, NULL, '2024-06-10 05:01:20'),
(289, 0x37396535386339332d323665362d313165662d39, 'Ma. Cecilia P. Mangalos', 'evolvpest@yahoo.com / cecille@evolvpest.com', 'EVOLVPEST SOLUTION INC.', 130, 1, NULL, '2024-06-10 05:01:20'),
(290, 0x37396536366139392d323665362d313165662d39, 'Michelle Magalang', 'mdm-sales@lefirenzemmc.com', 'Le Firenze Marketing & Management Corp.', 130, 1, NULL, '2024-06-10 05:01:20'),
(291, 0x37396537333061352d323665362d313165662d39, 'Zenar Pagdonsolan', 'zpp-sales@lefirenzemmc.com', 'Le Firenze Marketing & Management Corp.', 130, 1, NULL, '2024-06-10 05:01:20'),
(292, 0x37396537646330302d323665362d313165662d39, 'Jennifer Castillo', 'jgc-sales@lefirenzemmc.com', 'Le Firenze Marketing & Management Corp.', 130, 1, NULL, '2024-06-10 05:01:20'),
(293, 0x37396538613332662d323665362d313165662d39, 'Marilisa M. Bonito', 'joparepest@yahoo.com', 'JOPARE PEST CONTROL SYSTEM', 130, 1, NULL, '2024-06-10 05:01:20'),
(294, 0x37396539333433302d323665362d313165662d39, 'Mariam Zamora', 'mariam_ebs@oneedsa.com', 'ECO ACTIVE PEST CONTROL SERVICES', 130, 1, NULL, '2024-06-10 05:01:20'),
(295, 0x37396539653130302d323665362d313165662d39, 'Chang, Sheng-Yu', 'yu-v@yu-y.com.tw', 'Yusheng Environmental Protection Services Co., Ltd', 82, 1, NULL, '2024-06-10 05:01:20'),
(296, 0x37396561383630312d323665362d313165662d39, 'Chang, Sheng-Hung', 'yu-v@yu-y.com.tw', 'Yusheng Environmental Protection Services Co., Ltd', 82, 1, NULL, '2024-06-10 05:01:20'),
(297, 0x37396562323030612d323665362d313165662d39, 'Fang, Chien-Hsun', 'a2999tw@gmail.com', 'JL Pest Control Service, Ltd.', 82, 1, NULL, '2024-06-10 05:01:20'),
(298, 0x37396562633837372d323665362d313165662d39, 'Kuo, Chun-Wei', 'a2999tw@gmail.com', 'JL Pest Control Service, Ltd.', 82, 1, NULL, '2024-06-10 05:01:20'),
(299, 0x37396563363935662d323665362d313165662d39, 'Chow-Yang Lee', '', '', 186, 1, NULL, '2024-06-10 05:01:20'),
(300, 0x37396564343561362d323665362d313165662d39, 'Bramantyo Wikantyoso', '', '', 219, 1, NULL, '2024-06-10 05:01:20'),
(301, 0x37396565313962362d323665362d313165662d39, 'Catherine Malveda-Baisas', '', '', 130, 1, NULL, '2024-06-10 05:01:20'),
(302, 0x37396565643132642d323665362d313165662d39, 'Chris Daeyun Kim', '', '', 86, 1, NULL, '2024-06-10 05:01:20'),
(303, 0x37396566653634662d323665362d313165662d39, 'Christina Liew', '', '', 193, 1, NULL, '2024-06-10 05:01:20'),
(304, 0x37396630373431622d323665362d313165662d39, 'Chun-I Chiu', '', '', 86, 1, NULL, '2024-06-10 05:01:20'),
(305, 0x37396632323639392d323665362d313165662d39, 'Decha Wiwatwittaya', '', '', 86, 1, NULL, '2024-06-10 05:01:20'),
(306, 0x37396632643438392d323665362d313165662d39, 'Faith Oi', '', '', 186, 1, NULL, '2024-06-10 05:01:20'),
(307, 0x37396633646232612d323665362d313165662d39, 'Harlan Bengardi', '', '', 219, 1, NULL, '2024-06-10 05:01:20'),
(308, 0x37396634633866392d323665362d313165662d39, 'Indra Vythilingam', '', '', 218, 1, NULL, '2024-06-10 05:01:20'),
(309, 0x37396635396262332d323665362d313165662d39, 'Intan Ahmad', '', '', 219, 1, NULL, '2024-06-10 05:01:20'),
(310, 0x37396637303739332d323665362d313165662d39, 'Kok-Boon Neoh', '', '', 82, 1, NULL, '2024-06-10 05:01:20'),
(311, 0x37396638333432612d323665362d313165662d39, 'Menandro Acda', '', '', 130, 1, NULL, '2024-06-10 05:01:20'),
(312, 0x37396661343134382d323665362d313165662d39, 'Neena Singla', '', '', 218, 1, NULL, '2024-06-10 05:01:20'),
(313, 0x37396661626439322d323665362d313165662d39, 'Partho Dhang', '', '', 130, 1, NULL, '2024-06-10 05:01:20'),
(314, 0x37396662353338332d323665362d313165662d39, 'Rungarun Tisgratog', '', '', 86, 1, NULL, '2024-06-10 05:01:20'),
(315, 0x37396663303331622d323665362d313165662d39, 'Scotty Yang', '', '', 71, 1, NULL, '2024-06-10 05:01:20'),
(316, 0x37396663383563392d323665362d313165662d39, 'S Khoirul Himmi', '', '', 219, 1, NULL, '2024-06-10 05:01:20'),
(317, 0x37396665316236342d323665362d313165662d39, 'S Sivakumar', '', '', 218, 1, NULL, '2024-06-10 05:01:20'),
(318, 0x37396666346463372d323665362d313165662d39, 'Theeraphap Chareonviriyaphap', '', '', 86, 1, NULL, '2024-06-10 05:01:20'),
(319, 0x37613031366665332d323665362d313165662d39, 'Tony Poulsen', '', '', 193, 1, NULL, '2024-06-10 05:01:20'),
(320, 0x37613032643730312d323665362d313165662d39, 'Raymond Lee', '', '', 151, 1, NULL, '2024-06-10 05:01:20'),
(321, 0x37613033643337662d323665362d313165662d39, 'Drajat Nugraha', '', '', 219, 1, NULL, '2024-06-10 05:01:20'),
(322, 0x37613034376531312d323665362d313165662d39, 'Suchart Leelayouthyotin', '', '', 86, 1, NULL, '2024-06-10 05:01:20'),
(323, 0x37613035396366312d323665362d313165662d39, 'Hemang Prakash', '', '', 218, 1, NULL, '2024-06-10 05:01:20'),
(324, 0x37613036373833322d323665362d313165662d39, 'Selvarajan Muthiah', '', '', 151, 1, NULL, '2024-06-10 05:01:20'),
(325, 0x37613037356436622d323665362d313165662d39, 'Liwayway Clemente-Cordel', '', '', 130, 1, NULL, '2024-06-10 05:01:20'),
(326, 0x37613038613566652d323665362d313165662d39, 'Sathes Raamachandran', '', '', 118, 1, NULL, '2024-06-10 05:01:20'),
(327, 0x37613039333535372d323665362d313165662d39, 'Albert Lee', '', '', 193, 1, NULL, '2024-06-10 05:01:20'),
(328, 0x37613039636462642d323665362d313165662d39, 'Ras Patel', '', '', 188, 1, NULL, '2024-06-10 05:01:20'),
(329, 0x37613061363237312d323665362d313165662d39, 'Supanut Kiatyingpracha', '', '', 86, 1, NULL, '2024-06-10 05:01:20'),
(330, 0x37613062306132332d323665362d313165662d39, 'Winyoo Jesadavisut', '', '', 86, 1, NULL, '2024-06-10 05:01:20'),
(331, 0x37613062393232392d323665362d313165662d39, 'นิรันดร์ ศิริอาภรณ์ธรรม', '', '', 86, 1, NULL, '2024-06-10 05:01:20'),
(332, 0x37613063313635342d323665362d313165662d39, 'นิรันดร์ จอนแจ้ง', '', '', 86, 1, NULL, '2024-06-10 05:01:20'),
(333, 0x37613063623636352d323665362d313165662d39, 'สุมาลี ฉลวยเจิญวงศ์', '', '', 86, 1, NULL, '2024-06-10 05:01:20'),
(334, 0x37613064383635632d323665362d313165662d39, 'อัศนีย์ ดาวเรือง', '', '', 86, 1, NULL, '2024-06-10 05:01:20'),
(335, 0x37613065363537392d323665362d313165662d39, 'สรรค์เศรษฐ์ สุจวิพันธ์', '', '', 86, 1, NULL, '2024-06-10 05:01:20'),
(336, 0x37613065663434342d323665362d313165662d39, 'ธนากร โรจน์รุ่งเรือง', '', '', 86, 1, NULL, '2024-06-10 05:01:20'),
(337, 0x37613066353836612d323665362d313165662d39, 'วุฒิไกร เมธิสริยพงศ์', '', '', 86, 1, NULL, '2024-06-10 05:01:20'),
(338, 0x37613066643162342d323665362d313165662d39, 'ชัยชนะ ขันติสิทธิ์', '', '', 86, 1, NULL, '2024-06-10 05:01:20'),
(339, 0x37613130623066342d323665362d313165662d39, 'สุรัฐ เอิบธรรม', '', '', 86, 1, NULL, '2024-06-10 05:01:20');
INSERT INTO `customer` (`id`, `uuid`, `name`, `email`, `company`, `country`, `status`, `updated`, `created`) VALUES
(340, 0x37613131383135642d323665362d313165662d39, 'กรัสนัย เล้าประเสริฐ', '', '', 86, 1, NULL, '2024-06-10 05:01:20'),
(341, 0x37613132326132392d323665362d313165662d39, 'สุภาพร เครือถาวร', '', '', 86, 1, NULL, '2024-06-10 05:01:20'),
(342, 0x37613132666135302d323665362d313165662d39, 'สุทิน ใหม่รัตนกุล', '', '', 86, 1, NULL, '2024-06-10 05:01:20'),
(343, 0x37613133636564322d323665362d313165662d39, 'สุริยา เหลาทอง', '', '', 86, 1, NULL, '2024-06-10 05:01:20'),
(344, 0x37613135303364392d323665362d313165662d39, 'สุภาพร ช้างสีสุก', '', '', 86, 1, NULL, '2024-06-10 05:01:20'),
(345, 0x37613135643032362d323665362d313165662d39, 'ผศ.รัชฎาวรรณ เงินกลั่น', '', '', 86, 1, NULL, '2024-06-10 05:01:20'),
(346, 0x37613136383133662d323665362d313165662d39, 'ดร. จิโรจ นระรักษ์', '', '', 86, 1, NULL, '2024-06-10 05:01:20');

-- --------------------------------------------------------

--
-- Table structure for table `customer_type`
--

CREATE TABLE `customer_type` (
  `id` int NOT NULL,
  `uuid` binary(20) NOT NULL,
  `name` varchar(100) COLLATE utf8mb4_general_ci NOT NULL,
  `status` int NOT NULL DEFAULT '1',
  `updated` datetime DEFAULT NULL,
  `created` datetime NOT NULL DEFAULT CURRENT_TIMESTAMP
) ENGINE=InnoDB DEFAULT CHARSET=utf8mb4 COLLATE=utf8mb4_general_ci;

--
-- Dumping data for table `customer_type`
--

INSERT INTO `customer_type` (`id`, `uuid`, `name`, `status`, `updated`, `created`) VALUES
(1, 0x33316332633566332d306139612d313165662d38, 'VIP', 1, '2024-05-28 09:17:57', '2024-05-05 11:44:44'),
(2, 0x34353735346634342d306139612d313165662d38, 'Customer', 1, NULL, '2024-05-05 11:45:17');

-- --------------------------------------------------------

--
-- Table structure for table `event_item`
--

CREATE TABLE `event_item` (
  `id` int NOT NULL,
  `event_id` int NOT NULL,
  `name` varchar(200) COLLATE utf8mb4_general_ci NOT NULL,
  `price` decimal(20,2) NOT NULL,
  `text` text COLLATE utf8mb4_general_ci NOT NULL,
  `status` int NOT NULL DEFAULT '1',
  `updated` datetime DEFAULT NULL
) ENGINE=InnoDB DEFAULT CHARSET=utf8mb4 COLLATE=utf8mb4_general_ci;

--
-- Dumping data for table `event_item`
--

INSERT INTO `event_item` (`id`, `event_id`, `name`, `price`, `text`, `status`, `updated`) VALUES
(1, 1, 'Single Member Pack', '250.00', '1 Member : Full registration + Gala Dinner', 1, '2024-06-10 04:53:39'),
(2, 1, 'Single Member with Room Pack', '350.00', '1 Member : Full registration + Gala Dinner + 1 room 2 nights (Double room for 1 member)*', 1, '2024-06-10 04:53:39'),
(3, 1, 'Duo Member with Room Pack', '600.00', '2 Members : 2 Full registrations + 2 Gala Dinner + 1 room 2 nights (Shared Double room for 2 members)*', 1, '2024-06-10 04:53:39'),
(4, 1, 'Single Non-member Pack', '400.00', '1 Non-member : Full registration + Gala Dinne', 1, '2024-06-10 04:53:39'),
(5, 1, 'Thai Member', '0.00', '1 Member', 1, '2024-06-10 04:53:39'),
(6, 1, 'VIP', '0.00', '1 Member', 1, '2024-06-10 04:53:39'),
(7, 1, 'Indonesia: Single Member with Room Pack', '350.00', '1 Member : Full registration + Gala Dinner + 1 room 2 nights (Double room for 1 member)*', 1, '2024-06-10 04:53:39'),
(8, 1, 'Indonesia: Duo Member with Room Pack', '600.00', '2 Members : 2 Full registrations + 2 Gala Dinner + 1 room 2 nights (Shared Double room for 2 members)*', 1, '2024-06-10 04:53:39'),
(9, 1, 'Philippines: Single Member Pack', '250.00', '1 Member : Full registration + Gala Dinner', 1, '2024-06-10 04:53:39'),
(10, 1, 'Philippines: Single Member with Room Pack', '350.00', '1 Member : Full registration + Gala Dinner + 1 room 2 nights (Double room for 1 member)*', 1, '2024-06-10 04:53:39'),
(11, 1, 'Philippines: Duo Member with Room Pack', '600.00', '2 Members : 2 Full registrations + 2 Gala Dinner + 1 room 2 nights (Shared Double room for 2 members)*', 1, '2024-06-10 04:53:39'),
(12, 1, 'Taiwan: Single Member with Room Pack', '350.00', '1 Member : Full registration + Gala Dinner + 1 room 2 nights (Double room for 1 member)*', 1, '2024-06-10 04:53:39'),
(13, 1, 'Taiwan: Duo Member with Room Pack', '600.00', '2 Members : 2 Full registrations + 2 Gala Dinner + 1 room 2 nights (Shared Double room for 2 members)*', 1, '2024-06-10 04:53:39'),
(14, 1, 'Mongolia: Single Member with Room Pack', '350.00', '1 Member : Full registration + Gala Dinner + 1 room 2 nights (Double room for 1 member)*', 1, '2024-06-10 04:53:39'),
(15, 1, 'Mongolia: Duo Member with Room Pack', '600.00', '2 Members : 2 Full registrations + 2 Gala Dinner + 1 room 2 nights (Shared Double room for 2 members)*', 1, '2024-06-10 04:53:39');

-- --------------------------------------------------------

--
-- Table structure for table `event_request`
--

CREATE TABLE `event_request` (
  `id` int NOT NULL,
  `uuid` binary(20) NOT NULL,
  `name` varchar(200) COLLATE utf8mb4_general_ci NOT NULL,
  `topic` text COLLATE utf8mb4_general_ci NOT NULL,
  `date` varchar(100) COLLATE utf8mb4_general_ci NOT NULL,
  `start` date NOT NULL,
  `end` date NOT NULL,
  `status` int NOT NULL DEFAULT '1',
  `updated` datetime DEFAULT NULL,
  `created` datetime NOT NULL DEFAULT CURRENT_TIMESTAMP
) ENGINE=InnoDB DEFAULT CHARSET=utf8mb4 COLLATE=utf8mb4_general_ci;

--
-- Dumping data for table `event_request`
--

INSERT INTO `event_request` (`id`, `uuid`, `name`, `topic`, `date`, `start`, `end`, `status`, `updated`, `created`) VALUES
(1, 0x35303963636636372d306261372d313165662d61, '[APMA] ASIAN PEST MANAGEMENT ASSOCIATION', '- Future Outlook of Pest Management\r\n- Business Outlook &amp; Innovation\r\n- Termite and General Pest Control Sessions\r\n- Vector Control Situation around Asia\r\n- New Trends in Urban Pest Management', '10/06/2024 - 11/06/2024', '2024-06-10', '2024-06-11', 1, '2024-06-10 04:53:39', '2024-05-06 19:51:11');

-- --------------------------------------------------------

--
-- Table structure for table `login`
--

CREATE TABLE `login` (
  `id` int NOT NULL,
  `uuid` binary(20) DEFAULT NULL,
  `email` varchar(100) COLLATE utf8mb4_general_ci NOT NULL,
  `password` varchar(200) COLLATE utf8mb4_general_ci NOT NULL,
  `level` int NOT NULL DEFAULT '1',
  `status` int NOT NULL DEFAULT '1',
  `updated` datetime DEFAULT NULL,
  `created` datetime NOT NULL DEFAULT CURRENT_TIMESTAMP
) ENGINE=InnoDB DEFAULT CHARSET=utf8mb4 COLLATE=utf8mb4_general_ci;

--
-- Dumping data for table `login`
--

INSERT INTO `login` (`id`, `uuid`, `email`, `password`, `level`, `status`, `updated`, `created`) VALUES
(1, 0x30323133653763342d383961612d313165652d62, 'admin@test.com', '$2y$10$zgN7Tu3Yxcj/w0KCbhEBy.5EuYiJRPaDMd50CJ4L0D5a7pcVh/dgC', 9, 1, '2024-04-30 13:58:31', '2023-11-23 09:42:54');

-- --------------------------------------------------------

--
-- Table structure for table `registration`
--

CREATE TABLE `registration` (
  `id` int NOT NULL,
  `uuid` binary(20) NOT NULL,
  `code` varchar(10) COLLATE utf8mb4_general_ci NOT NULL,
  `user` int NOT NULL,
  `type` varchar(100) COLLATE utf8mb4_general_ci NOT NULL,
  `event` int NOT NULL,
  `package` int NOT NULL,
  `status` int NOT NULL DEFAULT '1',
  `updated` datetime DEFAULT NULL,
  `created` datetime NOT NULL DEFAULT CURRENT_TIMESTAMP
) ENGINE=InnoDB DEFAULT CHARSET=utf8mb4 COLLATE=utf8mb4_general_ci;

--
-- Dumping data for table `registration`
--

INSERT INTO `registration` (`id`, `uuid`, `code`, `user`, `type`, `event`, `package`, `status`, `updated`, `created`) VALUES
(1, 0x37613137383462662d323665362d313165662d39, 'A001', 1, 'Customer', 1, 1, 1, NULL, '2024-06-10 05:01:20'),
(2, 0x37613138316238312d323665362d313165662d39, 'A002', 2, 'Customer', 1, 1, 1, NULL, '2024-06-10 05:01:20'),
(3, 0x37613138633038392d323665362d313165662d39, 'A003', 3, 'Customer', 1, 1, 1, NULL, '2024-06-10 05:01:20'),
(4, 0x37613139363664332d323665362d313165662d39, 'A004', 4, 'Customer', 1, 1, 1, NULL, '2024-06-10 05:01:20'),
(5, 0x37613162306563392d323665362d313165662d39, 'A005', 5, 'Customer', 1, 1, 1, NULL, '2024-06-10 05:01:20'),
(6, 0x37613162616461642d323665362d313165662d39, 'A006', 6, 'Customer', 1, 1, 1, NULL, '2024-06-10 05:01:20'),
(7, 0x37613164616631652d323665362d313165662d39, 'A007', 7, 'Customer', 1, 1, 1, NULL, '2024-06-10 05:01:20'),
(8, 0x37613165363936362d323665362d313165662d39, 'A008', 8, 'Customer', 1, 1, 1, NULL, '2024-06-10 05:01:20'),
(9, 0x37613166326531312d323665362d313165662d39, 'A009', 9, 'Customer', 1, 1, 1, NULL, '2024-06-10 05:01:20'),
(10, 0x37613166646237612d323665362d313165662d39, 'A010', 10, 'Customer', 1, 1, 1, NULL, '2024-06-10 05:01:20'),
(11, 0x37613230366436302d323665362d313165662d39, 'A011', 11, 'Customer', 1, 1, 1, NULL, '2024-06-10 05:01:20'),
(12, 0x37613232303466622d323665362d313165662d39, 'A012', 12, 'Customer', 1, 1, 1, NULL, '2024-06-10 05:01:20'),
(13, 0x37613232623937352d323665362d313165662d39, 'A013', 13, 'Customer', 1, 1, 1, NULL, '2024-06-10 05:01:20'),
(14, 0x37613233373731302d323665362d313165662d39, 'A014', 14, 'Customer', 1, 1, 1, NULL, '2024-06-10 05:01:20'),
(15, 0x37613234333661392d323665362d313165662d39, 'A015', 15, 'Customer', 1, 1, 1, NULL, '2024-06-10 05:01:20'),
(16, 0x37613235323335302d323665362d313165662d39, 'A016', 16, 'Customer', 1, 1, 1, NULL, '2024-06-10 05:01:20'),
(17, 0x37613235633462642d323665362d313165662d39, 'A017', 17, 'Customer', 1, 1, 1, NULL, '2024-06-10 05:01:20'),
(18, 0x37613236376661362d323665362d313165662d39, 'A018', 18, 'Customer', 1, 1, 1, NULL, '2024-06-10 05:01:20'),
(19, 0x37613237323866312d323665362d313165662d39, 'A019', 19, 'Customer', 1, 1, 1, NULL, '2024-06-10 05:01:20'),
(20, 0x37613238373033332d323665362d313165662d39, 'A020', 20, 'Customer', 1, 1, 1, NULL, '2024-06-10 05:01:20'),
(21, 0x37613239333533342d323665362d313165662d39, 'A021', 21, 'Customer', 1, 1, 1, NULL, '2024-06-10 05:01:20'),
(22, 0x37613261333935392d323665362d313165662d39, 'A022', 22, 'Customer', 1, 1, 1, NULL, '2024-06-10 05:01:20'),
(23, 0x37613262333063342d323665362d313165662d39, 'A023', 23, 'Customer', 1, 1, 1, NULL, '2024-06-10 05:01:20'),
(24, 0x37613263306430632d323665362d313165662d39, 'A024', 24, 'Customer', 1, 1, 1, NULL, '2024-06-10 05:01:20'),
(25, 0x37613264303631302d323665362d313165662d39, 'A025', 25, 'Customer', 1, 1, 1, NULL, '2024-06-10 05:01:20'),
(26, 0x37613264636137312d323665362d313165662d39, 'A026', 26, 'Customer', 1, 1, 1, NULL, '2024-06-10 05:01:20'),
(27, 0x37613265616335372d323665362d313165662d39, 'A027', 27, 'Customer', 1, 1, 1, NULL, '2024-06-10 05:01:20'),
(28, 0x37613266626332372d323665362d313165662d39, 'A028', 28, 'Customer', 1, 1, 1, NULL, '2024-06-10 05:01:20'),
(29, 0x37613330383438312d323665362d313165662d39, 'A029', 29, 'Customer', 1, 1, 1, NULL, '2024-06-10 05:01:20'),
(30, 0x37613331306534632d323665362d313165662d39, 'A030', 30, 'Customer', 1, 1, 1, NULL, '2024-06-10 05:01:20'),
(31, 0x37613331633535642d323665362d313165662d39, 'A031', 31, 'Customer', 1, 1, 1, NULL, '2024-06-10 05:01:20'),
(32, 0x37613332393038612d323665362d313165662d39, 'A032', 32, 'Customer', 1, 1, 1, NULL, '2024-06-10 05:01:20'),
(33, 0x37613333356265642d323665362d313165662d39, 'A-PH001', 33, 'Customer', 1, 9, 1, NULL, '2024-06-10 05:01:20'),
(34, 0x37613334353032342d323665362d313165662d39, 'A-PH002', 34, 'Customer', 1, 9, 1, NULL, '2024-06-10 05:01:20'),
(35, 0x37613335656236622d323665362d313165662d39, 'A-PH003', 35, 'Customer', 1, 9, 1, NULL, '2024-06-10 05:01:20'),
(36, 0x37613336646435382d323665362d313165662d39, 'A-PH004', 36, 'Customer', 1, 9, 1, NULL, '2024-06-10 05:01:20'),
(37, 0x37613337613965302d323665362d313165662d39, 'A-PH005', 37, 'Customer', 1, 9, 1, NULL, '2024-06-10 05:01:20'),
(38, 0x37613338363133332d323665362d313165662d39, 'A-PH006', 38, 'Customer', 1, 9, 1, NULL, '2024-06-10 05:01:20'),
(39, 0x37613339326565362d323665362d313165662d39, 'A-PH007', 39, 'Customer', 1, 9, 1, NULL, '2024-06-10 05:01:20'),
(40, 0x37613339643565392d323665362d313165662d39, 'A-PH008', 40, 'Customer', 1, 9, 1, NULL, '2024-06-10 05:01:20'),
(41, 0x37613361373336652d323665362d313165662d39, 'A-PH009', 41, 'Customer', 1, 9, 1, NULL, '2024-06-10 05:01:20'),
(42, 0x37613361663963332d323665362d313165662d39, 'A-PH010', 42, 'Customer', 1, 9, 1, NULL, '2024-06-10 05:01:20'),
(43, 0x37613362376632372d323665362d313165662d39, 'A-PH011', 43, 'Customer', 1, 9, 1, NULL, '2024-06-10 05:01:20'),
(44, 0x37613364626532332d323665362d313165662d39, 'A-PH012', 44, 'Customer', 1, 9, 1, NULL, '2024-06-10 05:01:20'),
(45, 0x37613365616366332d323665362d313165662d39, 'A-PH013', 45, 'Customer', 1, 9, 1, NULL, '2024-06-10 05:01:20'),
(46, 0x37613366363465342d323665362d313165662d39, 'A-PH014', 46, 'Customer', 1, 9, 1, NULL, '2024-06-10 05:01:20'),
(47, 0x37613430323431662d323665362d313165662d39, 'AT001', 47, 'Customer', 1, 5, 1, NULL, '2024-06-10 05:01:20'),
(48, 0x37613430646566642d323665362d313165662d39, 'AT002', 48, 'Customer', 1, 5, 1, NULL, '2024-06-10 05:01:20'),
(49, 0x37613431623733362d323665362d313165662d39, 'AT003', 49, 'Customer', 1, 5, 1, NULL, '2024-06-10 05:01:20'),
(50, 0x37613432383532392d323665362d313165662d39, 'AT004', 50, 'Customer', 1, 5, 1, NULL, '2024-06-10 05:01:20'),
(51, 0x37613433356237662d323665362d313165662d39, 'AT005', 51, 'Customer', 1, 5, 1, NULL, '2024-06-10 05:01:20'),
(52, 0x37613433653865642d323665362d313165662d39, 'AT006', 52, 'Customer', 1, 5, 1, NULL, '2024-06-10 05:01:20'),
(53, 0x37613434373636652d323665362d313165662d39, 'AT007', 53, 'Customer', 1, 5, 1, NULL, '2024-06-10 05:01:20'),
(54, 0x37613434656230332d323665362d313165662d39, 'AT008', 54, 'Customer', 1, 5, 1, NULL, '2024-06-10 05:01:20'),
(55, 0x37613435366664302d323665362d313165662d39, 'AT009', 55, 'Customer', 1, 5, 1, NULL, '2024-06-10 05:01:20'),
(56, 0x37613436313064322d323665362d313165662d39, 'AT010', 56, 'Customer', 1, 5, 1, NULL, '2024-06-10 05:01:20'),
(57, 0x37613436393836652d323665362d313165662d39, 'AT011', 57, 'Customer', 1, 5, 1, NULL, '2024-06-10 05:01:20'),
(58, 0x37613437316462392d323665362d313165662d39, 'AT012', 58, 'Customer', 1, 5, 1, NULL, '2024-06-10 05:01:20'),
(59, 0x37613437633731662d323665362d313165662d39, 'AT013', 59, 'Customer', 1, 5, 1, NULL, '2024-06-10 05:01:20'),
(60, 0x37613438353835612d323665362d313165662d39, 'AT014', 60, 'Customer', 1, 5, 1, NULL, '2024-06-10 05:01:20'),
(61, 0x37613438643136342d323665362d313165662d39, 'AT015', 61, 'Customer', 1, 5, 1, NULL, '2024-06-10 05:01:20'),
(62, 0x37613439623030312d323665362d313165662d39, 'AT016', 62, 'Customer', 1, 5, 1, NULL, '2024-06-10 05:01:20'),
(63, 0x37613461326335642d323665362d313165662d39, 'AT017', 63, 'Customer', 1, 5, 1, NULL, '2024-06-10 05:01:20'),
(64, 0x37613461623264662d323665362d313165662d39, 'AT018', 64, 'Customer', 1, 5, 1, NULL, '2024-06-10 05:01:20'),
(65, 0x37613462383430612d323665362d313165662d39, 'AT019', 65, 'Customer', 1, 5, 1, NULL, '2024-06-10 05:01:20'),
(66, 0x37613463393836632d323665362d313165662d39, 'AT020', 66, 'Customer', 1, 5, 1, NULL, '2024-06-10 05:01:20'),
(67, 0x37613464353264382d323665362d313165662d39, 'AT021', 67, 'Customer', 1, 5, 1, NULL, '2024-06-10 05:01:20'),
(68, 0x37613464646335612d323665362d313165662d39, 'AT022', 68, 'Customer', 1, 5, 1, NULL, '2024-06-10 05:01:20'),
(69, 0x37613465383032372d323665362d313165662d39, 'AT023', 69, 'Customer', 1, 5, 1, NULL, '2024-06-10 05:01:20'),
(70, 0x37613466313063342d323665362d313165662d39, 'AT024', 70, 'Customer', 1, 5, 1, NULL, '2024-06-10 05:01:20'),
(71, 0x37613466666565612d323665362d313165662d39, 'AT025', 71, 'Customer', 1, 5, 1, NULL, '2024-06-10 05:01:20'),
(72, 0x37613531333263392d323665362d313165662d39, 'AT026', 72, 'Customer', 1, 5, 1, NULL, '2024-06-10 05:01:20'),
(73, 0x37613532396332632d323665362d313165662d39, 'AT027', 73, 'Customer', 1, 5, 1, NULL, '2024-06-10 05:01:20'),
(74, 0x37613533376331382d323665362d313165662d39, 'AT028', 74, 'Customer', 1, 5, 1, NULL, '2024-06-10 05:01:20'),
(75, 0x37613534343337392d323665362d313165662d39, 'B001', 75, 'Customer', 1, 2, 1, NULL, '2024-06-10 05:01:20'),
(76, 0x37613534643731312d323665362d313165662d39, 'B002', 76, 'Customer', 1, 2, 1, NULL, '2024-06-10 05:01:20'),
(77, 0x37613535346464382d323665362d313165662d39, 'B003', 77, 'Customer', 1, 2, 1, NULL, '2024-06-10 05:01:20'),
(78, 0x37613535666564312d323665362d313165662d39, 'B004', 78, 'Customer', 1, 2, 1, NULL, '2024-06-10 05:01:20'),
(79, 0x37613536616462622d323665362d313165662d39, 'B005', 79, 'Customer', 1, 2, 1, NULL, '2024-06-10 05:01:20'),
(80, 0x37613537333735372d323665362d313165662d39, 'B006', 80, 'Customer', 1, 2, 1, NULL, '2024-06-10 05:01:20'),
(81, 0x37613537666363342d323665362d313165662d39, 'B007', 81, 'Customer', 1, 2, 1, NULL, '2024-06-10 05:01:20'),
(82, 0x37613538393235622d323665362d313165662d39, 'B008', 82, 'Customer', 1, 2, 1, NULL, '2024-06-10 05:01:20'),
(83, 0x37613539323131362d323665362d313165662d39, 'B009', 83, 'Customer', 1, 2, 1, NULL, '2024-06-10 05:01:20'),
(84, 0x37613539643033642d323665362d313165662d39, 'B010', 84, 'Customer', 1, 2, 1, NULL, '2024-06-10 05:01:20'),
(85, 0x37613561343165362d323665362d313165662d39, 'B011', 85, 'Customer', 1, 2, 1, NULL, '2024-06-10 05:01:20'),
(86, 0x37613561616638662d323665362d313165662d39, 'B012', 86, 'Customer', 1, 2, 1, NULL, '2024-06-10 05:01:20'),
(87, 0x37613562313163332d323665362d313165662d39, 'B013', 87, 'Customer', 1, 2, 1, NULL, '2024-06-10 05:01:20'),
(88, 0x37613562366139652d323665362d313165662d39, 'B014', 88, 'Customer', 1, 2, 1, NULL, '2024-06-10 05:01:20'),
(89, 0x37613562643238632d323665362d313165662d39, 'B015', 89, 'Customer', 1, 2, 1, NULL, '2024-06-10 05:01:20'),
(90, 0x37613563336336322d323665362d313165662d39, 'B016', 90, 'Customer', 1, 2, 1, NULL, '2024-06-10 05:01:20'),
(91, 0x37613563623062622d323665362d313165662d39, 'B017', 91, 'Customer', 1, 2, 1, NULL, '2024-06-10 05:01:20'),
(92, 0x37613564323932642d323665362d313165662d39, 'B018', 92, 'Customer', 1, 2, 1, NULL, '2024-06-10 05:01:20'),
(93, 0x37613564613832362d323665362d313165662d39, 'B019', 93, 'Customer', 1, 2, 1, NULL, '2024-06-10 05:01:20'),
(94, 0x37613565333166652d323665362d313165662d39, 'B020', 94, 'Customer', 1, 2, 1, NULL, '2024-06-10 05:01:20'),
(95, 0x37613565636636632d323665362d313165662d39, 'B021', 95, 'Customer', 1, 2, 1, NULL, '2024-06-10 05:01:20'),
(96, 0x37613566363562312d323665362d313165662d39, 'B022', 96, 'Customer', 1, 2, 1, NULL, '2024-06-10 05:01:20'),
(97, 0x37613566643832302d323665362d313165662d39, 'B023', 97, 'Customer', 1, 2, 1, NULL, '2024-06-10 05:01:20'),
(98, 0x37613630356139322d323665362d313165662d39, 'B024', 98, 'Customer', 1, 2, 1, NULL, '2024-06-10 05:01:20'),
(99, 0x37613631303632612d323665362d313165662d39, 'B025', 99, 'Customer', 1, 2, 1, NULL, '2024-06-10 05:01:20'),
(100, 0x37613632343762352d323665362d313165662d39, 'B026', 100, 'Customer', 1, 2, 1, NULL, '2024-06-10 05:01:20'),
(101, 0x37613633306639382d323665362d313165662d39, 'B027', 101, 'Customer', 1, 2, 1, NULL, '2024-06-10 05:01:20'),
(102, 0x37613633393438392d323665362d313165662d39, 'B028', 102, 'Customer', 1, 2, 1, NULL, '2024-06-10 05:01:20'),
(103, 0x37613634343532632d323665362d313165662d39, 'B029', 103, 'Customer', 1, 2, 1, NULL, '2024-06-10 05:01:20'),
(104, 0x37613634653866382d323665362d313165662d39, 'B030', 104, 'Customer', 1, 2, 1, NULL, '2024-06-10 05:01:20'),
(105, 0x37613635623662342d323665362d313165662d39, 'B031', 105, 'Customer', 1, 2, 1, NULL, '2024-06-10 05:01:20'),
(106, 0x37613636613965392d323665362d313165662d39, 'B032', 106, 'Customer', 1, 2, 1, NULL, '2024-06-10 05:01:20'),
(107, 0x37613637333335372d323665362d313165662d39, 'B-ID001', 107, 'Customer', 1, 7, 1, NULL, '2024-06-10 05:01:20'),
(108, 0x37613637616139302d323665362d313165662d39, 'B-ID002', 108, 'Customer', 1, 7, 1, NULL, '2024-06-10 05:01:20'),
(109, 0x37613638333436332d323665362d313165662d39, 'B-ID003', 109, 'Customer', 1, 7, 1, NULL, '2024-06-10 05:01:20'),
(110, 0x37613638623266382d323665362d313165662d39, 'B-ID004', 110, 'Customer', 1, 7, 1, NULL, '2024-06-10 05:01:20'),
(111, 0x37613639336366302d323665362d313165662d39, 'B-ID005', 111, 'Customer', 1, 7, 1, NULL, '2024-06-10 05:01:20'),
(112, 0x37613639633136652d323665362d313165662d39, 'B-ID006', 112, 'Customer', 1, 7, 1, NULL, '2024-06-10 05:01:20'),
(113, 0x37613661343863362d323665362d313165662d39, 'B-ID007', 113, 'Customer', 1, 7, 1, NULL, '2024-06-10 05:01:20'),
(114, 0x37613661633861372d323665362d313165662d39, 'B-ID008', 114, 'Customer', 1, 7, 1, NULL, '2024-06-10 05:01:20'),
(115, 0x37613662366332362d323665362d313165662d39, 'B-ID009', 115, 'Customer', 1, 7, 1, NULL, '2024-06-10 05:01:20'),
(116, 0x37613663336461382d323665362d313165662d39, 'B-ID010', 116, 'Customer', 1, 7, 1, NULL, '2024-06-10 05:01:21'),
(117, 0x37613664313137392d323665362d313165662d39, 'B-ID011', 117, 'Customer', 1, 7, 1, NULL, '2024-06-10 05:01:21'),
(118, 0x37613664396632622d323665362d313165662d39, 'B-ID012', 118, 'Customer', 1, 7, 1, NULL, '2024-06-10 05:01:21'),
(119, 0x37613665313738652d323665362d313165662d39, 'B-ID013', 119, 'Customer', 1, 7, 1, NULL, '2024-06-10 05:01:21'),
(120, 0x37613665396436662d323665362d313165662d39, 'B-ID014', 120, 'Customer', 1, 7, 1, NULL, '2024-06-10 05:01:21'),
(121, 0x37613666366564342d323665362d313165662d39, 'B-ID015', 121, 'Customer', 1, 7, 1, NULL, '2024-06-10 05:01:21'),
(122, 0x37613730306537312d323665362d313165662d39, 'B-MN001', 122, 'Customer', 1, 14, 1, NULL, '2024-06-10 05:01:21'),
(123, 0x37613730393237612d323665362d313165662d39, 'B-PH001', 123, 'Customer', 1, 10, 1, NULL, '2024-06-10 05:01:21'),
(124, 0x37613731323834622d323665362d313165662d39, 'B-PH002', 124, 'Customer', 1, 10, 1, NULL, '2024-06-10 05:01:21'),
(125, 0x37613731623035652d323665362d313165662d39, 'B-PH003', 125, 'Customer', 1, 10, 1, NULL, '2024-06-10 05:01:21'),
(126, 0x37613732343562662d323665362d313165662d39, 'B-PH004', 126, 'Customer', 1, 10, 1, NULL, '2024-06-10 05:01:21'),
(127, 0x37613732663762332d323665362d313165662d39, 'B-PH005', 127, 'Customer', 1, 10, 1, NULL, '2024-06-10 05:01:21'),
(128, 0x37613733373361612d323665362d313165662d39, 'B-PH006', 128, 'Customer', 1, 10, 1, NULL, '2024-06-10 05:01:21'),
(129, 0x37613734326431312d323665362d313165662d39, 'B-PH007', 129, 'Customer', 1, 10, 1, NULL, '2024-06-10 05:01:21'),
(130, 0x37613735303037352d323665362d313165662d39, 'B-PH008', 130, 'Customer', 1, 10, 1, NULL, '2024-06-10 05:01:21'),
(131, 0x37613735626231342d323665362d313165662d39, 'B-PH009', 131, 'Customer', 1, 10, 1, NULL, '2024-06-10 05:01:21'),
(132, 0x37613736373735652d323665362d313165662d39, 'B-PH010', 132, 'Customer', 1, 10, 1, NULL, '2024-06-10 05:01:21'),
(133, 0x37613737323230622d323665362d313165662d39, 'B-PH011', 133, 'Customer', 1, 10, 1, NULL, '2024-06-10 05:01:21'),
(134, 0x37613738303135382d323665362d313165662d39, 'B-PH012', 134, 'Customer', 1, 10, 1, NULL, '2024-06-10 05:01:21'),
(135, 0x37613738373135652d323665362d313165662d39, 'B-PH013', 135, 'Customer', 1, 10, 1, NULL, '2024-06-10 05:01:21'),
(136, 0x37613738663164332d323665362d313165662d39, 'B-PH014', 136, 'Customer', 1, 10, 1, NULL, '2024-06-10 05:01:21'),
(137, 0x37613739393961652d323665362d313165662d39, 'B-PH015', 137, 'Customer', 1, 10, 1, NULL, '2024-06-10 05:01:21'),
(138, 0x37613761343736622d323665362d313165662d39, 'B-TW001', 138, 'Customer', 1, 12, 1, NULL, '2024-06-10 05:01:21'),
(139, 0x37613761626263302d323665362d313165662d39, 'B-TW002', 139, 'Customer', 1, 12, 1, NULL, '2024-06-10 05:01:21'),
(140, 0x37613762366361322d323665362d313165662d39, 'B-TW003', 140, 'Customer', 1, 12, 1, NULL, '2024-06-10 05:01:21'),
(141, 0x37613763376430312d323665362d313165662d39, 'B-TW004', 141, 'Customer', 1, 12, 1, NULL, '2024-06-10 05:01:21'),
(142, 0x37613763663438302d323665362d313165662d39, 'B-TW005', 142, 'Customer', 1, 12, 1, NULL, '2024-06-10 05:01:21'),
(143, 0x37613764363264342d323665362d313165662d39, 'B-TW006', 143, 'Customer', 1, 12, 1, NULL, '2024-06-10 05:01:21'),
(144, 0x37613764663861612d323665362d313165662d39, 'B-TW007', 144, 'Customer', 1, 12, 1, NULL, '2024-06-10 05:01:21'),
(145, 0x37613765373934372d323665362d313165662d39, 'B-TW008', 145, 'Customer', 1, 12, 1, NULL, '2024-06-10 05:01:21'),
(146, 0x37613765663733642d323665362d313165662d39, 'B-TW009', 146, 'Customer', 1, 12, 1, NULL, '2024-06-10 05:01:21'),
(147, 0x37613766393334622d323665362d313165662d39, 'B-TW010', 147, 'Customer', 1, 12, 1, NULL, '2024-06-10 05:01:21'),
(148, 0x37613830313836312d323665362d313165662d39, 'B-TW011', 148, 'Customer', 1, 12, 1, NULL, '2024-06-10 05:01:21'),
(149, 0x37613830663264632d323665362d313165662d39, 'B-TW012', 149, 'Customer', 1, 12, 1, NULL, '2024-06-10 05:01:21'),
(150, 0x37613831636465322d323665362d313165662d39, 'C001', 150, 'Customer', 1, 4, 1, NULL, '2024-06-10 05:01:21'),
(151, 0x37613832383435622d323665362d313165662d39, 'C002', 151, 'Customer', 1, 4, 1, NULL, '2024-06-10 05:01:21'),
(152, 0x37613833323864392d323665362d313165662d39, 'C003', 152, 'Customer', 1, 4, 1, NULL, '2024-06-10 05:01:21'),
(153, 0x37613833643433652d323665362d313165662d39, 'C004', 153, 'Customer', 1, 4, 1, NULL, '2024-06-10 05:01:21'),
(154, 0x37613834353765612d323665362d313165662d39, 'C005', 154, 'Customer', 1, 4, 1, NULL, '2024-06-10 05:01:21'),
(155, 0x37613834663266382d323665362d313165662d39, 'C006', 155, 'Customer', 1, 4, 1, NULL, '2024-06-10 05:01:21'),
(156, 0x37613835373565622d323665362d313165662d39, 'D001', 156, 'Customer', 1, 3, 1, NULL, '2024-06-10 05:01:21'),
(157, 0x37613835653566312d323665362d313165662d39, 'D002', 157, 'Customer', 1, 3, 1, NULL, '2024-06-10 05:01:21'),
(158, 0x37613836346437352d323665362d313165662d39, 'D003', 158, 'Customer', 1, 3, 1, NULL, '2024-06-10 05:01:21'),
(159, 0x37613836626433332d323665362d313165662d39, 'D004', 159, 'Customer', 1, 3, 1, NULL, '2024-06-10 05:01:21'),
(160, 0x37613837363034322d323665362d313165662d39, 'D005', 160, 'Customer', 1, 3, 1, NULL, '2024-06-10 05:01:21'),
(161, 0x37613837663561642d323665362d313165662d39, 'D006', 161, 'Customer', 1, 3, 1, NULL, '2024-06-10 05:01:21'),
(162, 0x37613838366665662d323665362d313165662d39, 'D007', 162, 'Customer', 1, 3, 1, NULL, '2024-06-10 05:01:21'),
(163, 0x37613838636666392d323665362d313165662d39, 'D008', 163, 'Customer', 1, 3, 1, NULL, '2024-06-10 05:01:21'),
(164, 0x37613839343164312d323665362d313165662d39, 'D009', 164, 'Customer', 1, 3, 1, NULL, '2024-06-10 05:01:21'),
(165, 0x37613839623462352d323665362d313165662d39, 'D010', 165, 'Customer', 1, 3, 1, NULL, '2024-06-10 05:01:21'),
(166, 0x37613861316337662d323665362d313165662d39, 'D011', 166, 'Customer', 1, 3, 1, NULL, '2024-06-10 05:01:21'),
(167, 0x37613861376433622d323665362d313165662d39, 'D012', 167, 'Customer', 1, 3, 1, NULL, '2024-06-10 05:01:21'),
(168, 0x37613862303264632d323665362d313165662d39, 'D013', 168, 'Customer', 1, 3, 1, NULL, '2024-06-10 05:01:21'),
(169, 0x37613862376330392d323665362d313165662d39, 'D014', 169, 'Customer', 1, 3, 1, NULL, '2024-06-10 05:01:21'),
(170, 0x37613862643731662d323665362d313165662d39, 'D015', 170, 'Customer', 1, 3, 1, NULL, '2024-06-10 05:01:21'),
(171, 0x37613863356531362d323665362d313165662d39, 'D016', 171, 'Customer', 1, 3, 1, NULL, '2024-06-10 05:01:21'),
(172, 0x37613863666537332d323665362d313165662d39, 'D017', 172, 'Customer', 1, 3, 1, NULL, '2024-06-10 05:01:21'),
(173, 0x37613864373866622d323665362d313165662d39, 'D018', 173, 'Customer', 1, 3, 1, NULL, '2024-06-10 05:01:21'),
(174, 0x37613864653766662d323665362d313165662d39, 'D019', 174, 'Customer', 1, 3, 1, NULL, '2024-06-10 05:01:21'),
(175, 0x37613865343834322d323665362d313165662d39, 'D020', 175, 'Customer', 1, 3, 1, NULL, '2024-06-10 05:01:21'),
(176, 0x37613865616361642d323665362d313165662d39, 'D021', 176, 'Customer', 1, 3, 1, NULL, '2024-06-10 05:01:21'),
(177, 0x37613866333134632d323665362d313165662d39, 'D022', 177, 'Customer', 1, 3, 1, NULL, '2024-06-10 05:01:21'),
(178, 0x37613866396536382d323665362d313165662d39, 'D023', 178, 'Customer', 1, 3, 1, NULL, '2024-06-10 05:01:21'),
(179, 0x37613866666539352d323665362d313165662d39, 'D024', 179, 'Customer', 1, 3, 1, NULL, '2024-06-10 05:01:21'),
(180, 0x37613930373436362d323665362d313165662d39, 'D025', 180, 'Customer', 1, 3, 1, NULL, '2024-06-10 05:01:21'),
(181, 0x37613930643830352d323665362d313165662d39, 'D026', 181, 'Customer', 1, 3, 1, NULL, '2024-06-10 05:01:21'),
(182, 0x37613931363636312d323665362d313165662d39, 'D027', 182, 'Customer', 1, 3, 1, NULL, '2024-06-10 05:01:21'),
(183, 0x37613932313233312d323665362d313165662d39, 'D028', 183, 'Customer', 1, 3, 1, NULL, '2024-06-10 05:01:21'),
(184, 0x37613932616339642d323665362d313165662d39, 'D029', 184, 'Customer', 1, 3, 1, NULL, '2024-06-10 05:01:21'),
(185, 0x37613933323265312d323665362d313165662d39, 'D030', 185, 'Customer', 1, 3, 1, NULL, '2024-06-10 05:01:21'),
(186, 0x37613933623239362d323665362d313165662d39, 'D031', 186, 'Customer', 1, 3, 1, NULL, '2024-06-10 05:01:21'),
(187, 0x37613934343736352d323665362d313165662d39, 'D032', 187, 'Customer', 1, 3, 1, NULL, '2024-06-10 05:01:21'),
(188, 0x37613934653164622d323665362d313165662d39, 'D033', 188, 'Customer', 1, 3, 1, NULL, '2024-06-10 05:01:21'),
(189, 0x37613935366438342d323665362d313165662d39, 'D034', 189, 'Customer', 1, 3, 1, NULL, '2024-06-10 05:01:21'),
(190, 0x37613935653131382d323665362d313165662d39, 'D035', 190, 'Customer', 1, 3, 1, NULL, '2024-06-10 05:01:21'),
(191, 0x37613938383138652d323665362d313165662d39, 'D036', 191, 'Customer', 1, 3, 1, NULL, '2024-06-10 05:01:21'),
(192, 0x37613939333364622d323665362d313165662d39, 'D037', 192, 'Customer', 1, 3, 1, NULL, '2024-06-10 05:01:21'),
(193, 0x37613961343430622d323665362d313165662d39, 'D038', 193, 'Customer', 1, 3, 1, NULL, '2024-06-10 05:01:21'),
(194, 0x37613961623433612d323665362d313165662d39, 'D039', 194, 'Customer', 1, 3, 1, NULL, '2024-06-10 05:01:21'),
(195, 0x37613962333763352d323665362d313165662d39, 'D040', 195, 'Customer', 1, 3, 1, NULL, '2024-06-10 05:01:21'),
(196, 0x37613962643639632d323665362d313165662d39, 'D041', 196, 'Customer', 1, 3, 1, NULL, '2024-06-10 05:01:21'),
(197, 0x37613963386430642d323665362d313165662d39, 'D042', 197, 'Customer', 1, 3, 1, NULL, '2024-06-10 05:01:21'),
(198, 0x37613964306431662d323665362d313165662d39, 'D043', 198, 'Customer', 1, 3, 1, NULL, '2024-06-10 05:01:21'),
(199, 0x37613964633032372d323665362d313165662d39, 'D044', 199, 'Customer', 1, 3, 1, NULL, '2024-06-10 05:01:21'),
(200, 0x37613965373263392d323665362d313165662d39, 'D-ID001', 200, 'Customer', 1, 8, 1, NULL, '2024-06-10 05:01:21'),
(201, 0x37613966333765382d323665362d313165662d39, 'D-ID002', 201, 'Customer', 1, 8, 1, NULL, '2024-06-10 05:01:21'),
(202, 0x37613966633565612d323665362d313165662d39, 'D-ID003', 202, 'Customer', 1, 8, 1, NULL, '2024-06-10 05:01:21'),
(203, 0x37616130363837392d323665362d313165662d39, 'D-ID004', 203, 'Customer', 1, 8, 1, NULL, '2024-06-10 05:01:21'),
(204, 0x37616131323039622d323665362d313165662d39, 'D-ID005', 204, 'Customer', 1, 8, 1, NULL, '2024-06-10 05:01:21'),
(205, 0x37616131613634312d323665362d313165662d39, 'D-ID006', 205, 'Customer', 1, 8, 1, NULL, '2024-06-10 05:01:21'),
(206, 0x37616132343137352d323665362d313165662d39, 'D-ID007', 206, 'Customer', 1, 8, 1, NULL, '2024-06-10 05:01:21'),
(207, 0x37616132633834362d323665362d313165662d39, 'D-ID008', 207, 'Customer', 1, 8, 1, NULL, '2024-06-10 05:01:21'),
(208, 0x37616133383736312d323665362d313165662d39, 'D-ID009', 208, 'Customer', 1, 8, 1, NULL, '2024-06-10 05:01:21'),
(209, 0x37616134616639662d323665362d313165662d39, 'D-ID010', 209, 'Customer', 1, 8, 1, NULL, '2024-06-10 05:01:21'),
(210, 0x37616135363566392d323665362d313165662d39, 'D-ID011', 210, 'Customer', 1, 8, 1, NULL, '2024-06-10 05:01:21'),
(211, 0x37616136333764352d323665362d313165662d39, 'D-ID012', 211, 'Customer', 1, 8, 1, NULL, '2024-06-10 05:01:21'),
(212, 0x37616137313461382d323665362d313165662d39, 'D-ID013', 212, 'Customer', 1, 8, 1, NULL, '2024-06-10 05:01:21'),
(213, 0x37616137656438632d323665362d313165662d39, 'D-ID014', 213, 'Customer', 1, 8, 1, NULL, '2024-06-10 05:01:21'),
(214, 0x37616138663832332d323665362d313165662d39, 'D-ID015', 214, 'Customer', 1, 8, 1, NULL, '2024-06-10 05:01:21'),
(215, 0x37616139623162312d323665362d313165662d39, 'D-ID016', 215, 'Customer', 1, 8, 1, NULL, '2024-06-10 05:01:21'),
(216, 0x37616161393133372d323665362d313165662d39, 'D-ID017', 216, 'Customer', 1, 8, 1, NULL, '2024-06-10 05:01:21'),
(217, 0x37616162363539322d323665362d313165662d39, 'D-ID018', 217, 'Customer', 1, 8, 1, NULL, '2024-06-10 05:01:21'),
(218, 0x37616163323836372d323665362d313165662d39, 'D-ID019', 218, 'Customer', 1, 8, 1, NULL, '2024-06-10 05:01:21'),
(219, 0x37616163643065342d323665362d313165662d39, 'D-ID020', 219, 'Customer', 1, 8, 1, NULL, '2024-06-10 05:01:21'),
(220, 0x37616165383364352d323665362d313165662d39, 'D-ID021', 220, 'Customer', 1, 8, 1, NULL, '2024-06-10 05:01:21'),
(221, 0x37616166363831342d323665362d313165662d39, 'D-ID022', 221, 'Customer', 1, 8, 1, NULL, '2024-06-10 05:01:21'),
(222, 0x37616230643434332d323665362d313165662d39, 'D-ID023', 222, 'Customer', 1, 8, 1, NULL, '2024-06-10 05:01:21'),
(223, 0x37616231353339342d323665362d313165662d39, 'D-ID024', 223, 'Customer', 1, 8, 1, NULL, '2024-06-10 05:01:21'),
(224, 0x37616231646230642d323665362d313165662d39, 'D-ID025', 224, 'Customer', 1, 8, 1, NULL, '2024-06-10 05:01:21'),
(225, 0x37616232653431342d323665362d313165662d39, 'D-MN001', 225, 'Customer', 1, 15, 1, NULL, '2024-06-10 05:01:21'),
(226, 0x37616233393536662d323665362d313165662d39, 'D-MN002', 226, 'Customer', 1, 15, 1, NULL, '2024-06-10 05:01:21'),
(227, 0x37616234343562392d323665362d313165662d39, 'D-MN003', 227, 'Customer', 1, 15, 1, NULL, '2024-06-10 05:01:21'),
(228, 0x37616234663466612d323665362d313165662d39, 'D-MN004', 228, 'Customer', 1, 15, 1, NULL, '2024-06-10 05:01:21'),
(229, 0x37616235626538612d323665362d313165662d39, 'D-MN005', 229, 'Customer', 1, 15, 1, NULL, '2024-06-10 05:01:21'),
(230, 0x37616237623665322d323665362d313165662d39, 'D-MN006', 230, 'Customer', 1, 15, 1, NULL, '2024-06-10 05:01:21'),
(231, 0x37616238636536322d323665362d313165662d39, 'D-PH001', 231, 'Customer', 1, 11, 1, NULL, '2024-06-10 05:01:21'),
(232, 0x37616239363230632d323665362d313165662d39, 'D-PH002', 232, 'Customer', 1, 11, 1, NULL, '2024-06-10 05:01:21'),
(233, 0x37616239666637312d323665362d313165662d39, 'D-PH003', 233, 'Customer', 1, 11, 1, NULL, '2024-06-10 05:01:21'),
(234, 0x37616261653764372d323665362d313165662d39, 'D-PH004', 234, 'Customer', 1, 11, 1, NULL, '2024-06-10 05:01:21'),
(235, 0x37616263343539352d323665362d313165662d39, 'D-PH005', 235, 'Customer', 1, 11, 1, NULL, '2024-06-10 05:01:21'),
(236, 0x37616265363162312d323665362d313165662d39, 'D-PH006', 236, 'Customer', 1, 11, 1, NULL, '2024-06-10 05:01:21'),
(237, 0x37616266313539622d323665362d313165662d39, 'D-PH007', 237, 'Customer', 1, 11, 1, NULL, '2024-06-10 05:01:21'),
(238, 0x37616330303832632d323665362d313165662d39, 'D-PH008', 238, 'Customer', 1, 11, 1, NULL, '2024-06-10 05:01:21'),
(239, 0x37616330643434362d323665362d313165662d39, 'D-PH009', 239, 'Customer', 1, 11, 1, NULL, '2024-06-10 05:01:21'),
(240, 0x37616331626162362d323665362d313165662d39, 'D-PH010', 240, 'Customer', 1, 11, 1, NULL, '2024-06-10 05:01:21'),
(241, 0x37616332613637382d323665362d313165662d39, 'D-PH011', 241, 'Customer', 1, 11, 1, NULL, '2024-06-10 05:01:21'),
(242, 0x37616333366231352d323665362d313165662d39, 'D-PH012', 242, 'Customer', 1, 11, 1, NULL, '2024-06-10 05:01:21'),
(243, 0x37616334343139642d323665362d313165662d39, 'D-PH013', 243, 'Customer', 1, 11, 1, NULL, '2024-06-10 05:01:21'),
(244, 0x37616335306636612d323665362d313165662d39, 'D-PH014', 244, 'Customer', 1, 11, 1, NULL, '2024-06-10 05:01:21'),
(245, 0x37616336613565332d323665362d313165662d39, 'D-PH015', 245, 'Customer', 1, 11, 1, NULL, '2024-06-10 05:01:21'),
(246, 0x37616338303430352d323665362d313165662d39, 'D-PH016', 246, 'Customer', 1, 11, 1, NULL, '2024-06-10 05:01:21'),
(247, 0x37616339323839312d323665362d313165662d39, 'D-PH017', 247, 'Customer', 1, 11, 1, NULL, '2024-06-10 05:01:21'),
(248, 0x37616361313138352d323665362d313165662d39, 'D-PH018', 248, 'Customer', 1, 11, 1, NULL, '2024-06-10 05:01:21'),
(249, 0x37616361633634612d323665362d313165662d39, 'D-PH019', 249, 'Customer', 1, 11, 1, NULL, '2024-06-10 05:01:21'),
(250, 0x37616362373134372d323665362d313165662d39, 'D-PH020', 250, 'Customer', 1, 11, 1, NULL, '2024-06-10 05:01:21'),
(251, 0x37616363346430332d323665362d313165662d39, 'D-PH021', 251, 'Customer', 1, 11, 1, NULL, '2024-06-10 05:01:21'),
(252, 0x37616364313362392d323665362d313165662d39, 'D-PH022', 252, 'Customer', 1, 11, 1, NULL, '2024-06-10 05:01:21'),
(253, 0x37616364646661662d323665362d313165662d39, 'D-PH023', 253, 'Customer', 1, 11, 1, NULL, '2024-06-10 05:01:21'),
(254, 0x37616365386263372d323665362d313165662d39, 'D-PH024', 254, 'Customer', 1, 11, 1, NULL, '2024-06-10 05:01:21'),
(255, 0x37616366353635342d323665362d313165662d39, 'D-PH025', 255, 'Customer', 1, 11, 1, NULL, '2024-06-10 05:01:21'),
(256, 0x37616430306265662d323665362d313165662d39, 'D-PH026', 256, 'Customer', 1, 11, 1, NULL, '2024-06-10 05:01:21'),
(257, 0x37616430656132632d323665362d313165662d39, 'D-PH027', 257, 'Customer', 1, 11, 1, NULL, '2024-06-10 05:01:21'),
(258, 0x37616432363731662d323665362d313165662d39, 'D-PH028', 258, 'Customer', 1, 11, 1, NULL, '2024-06-10 05:01:21'),
(259, 0x37616434303230372d323665362d313165662d39, 'D-PH029', 259, 'Customer', 1, 11, 1, NULL, '2024-06-10 05:01:21'),
(260, 0x37616435383563312d323665362d313165662d39, 'D-PH030', 260, 'Customer', 1, 11, 1, NULL, '2024-06-10 05:01:21'),
(261, 0x37616437383239342d323665362d313165662d39, 'D-PH031', 261, 'Customer', 1, 11, 1, NULL, '2024-06-10 05:01:21'),
(262, 0x37616438336134312d323665362d313165662d39, 'D-PH032', 262, 'Customer', 1, 11, 1, NULL, '2024-06-10 05:01:21'),
(263, 0x37616438663337642d323665362d313165662d39, 'D-PH033', 263, 'Customer', 1, 11, 1, NULL, '2024-06-10 05:01:21'),
(264, 0x37616439616334632d323665362d313165662d39, 'D-PH034', 264, 'Customer', 1, 11, 1, NULL, '2024-06-10 05:01:21'),
(265, 0x37616461363162652d323665362d313165662d39, 'D-PH035', 265, 'Customer', 1, 11, 1, NULL, '2024-06-10 05:01:21'),
(266, 0x37616462336632362d323665362d313165662d39, 'D-PH036', 266, 'Customer', 1, 11, 1, NULL, '2024-06-10 05:01:21'),
(267, 0x37616463316134372d323665362d313165662d39, 'D-PH037', 267, 'Customer', 1, 11, 1, NULL, '2024-06-10 05:01:21'),
(268, 0x37616464643734612d323665362d313165662d39, 'D-PH038', 268, 'Customer', 1, 11, 1, NULL, '2024-06-10 05:01:21'),
(269, 0x37616465626462312d323665362d313165662d39, 'D-PH039', 269, 'Customer', 1, 11, 1, NULL, '2024-06-10 05:01:21'),
(270, 0x37616466373536382d323665362d313165662d39, 'D-PH040', 270, 'Customer', 1, 11, 1, NULL, '2024-06-10 05:01:21'),
(271, 0x37616530616236372d323665362d313165662d39, 'D-PH041', 271, 'Customer', 1, 11, 1, NULL, '2024-06-10 05:01:21'),
(272, 0x37616531353234622d323665362d313165662d39, 'D-PH042', 272, 'Customer', 1, 11, 1, NULL, '2024-06-10 05:01:21'),
(273, 0x37616532313230332d323665362d313165662d39, 'D-PH043', 273, 'Customer', 1, 11, 1, NULL, '2024-06-10 05:01:21'),
(274, 0x37616532633535612d323665362d313165662d39, 'D-PH044', 274, 'Customer', 1, 11, 1, NULL, '2024-06-10 05:01:21'),
(275, 0x37616533616262662d323665362d313165662d39, 'D-PH045', 275, 'Customer', 1, 11, 1, NULL, '2024-06-10 05:01:21'),
(276, 0x37616534346632362d323665362d313165662d39, 'D-PH046', 276, 'Customer', 1, 11, 1, NULL, '2024-06-10 05:01:21'),
(277, 0x37616535313734642d323665362d313165662d39, 'D-PH047', 277, 'Customer', 1, 11, 1, NULL, '2024-06-10 05:01:21'),
(278, 0x37616537343738622d323665362d313165662d39, 'D-PH048', 278, 'Customer', 1, 11, 1, NULL, '2024-06-10 05:01:21'),
(279, 0x37616538346239652d323665362d313165662d39, 'D-PH049', 279, 'Customer', 1, 11, 1, NULL, '2024-06-10 05:01:21'),
(280, 0x37616561323538332d323665362d313165662d39, 'D-PH050', 280, 'Customer', 1, 11, 1, NULL, '2024-06-10 05:01:21'),
(281, 0x37616563316165352d323665362d313165662d39, 'D-PH051', 281, 'Customer', 1, 11, 1, NULL, '2024-06-10 05:01:21'),
(282, 0x37616564356136612d323665362d313165662d39, 'D-PH052', 282, 'Customer', 1, 11, 1, NULL, '2024-06-10 05:01:21'),
(283, 0x37616565336661622d323665362d313165662d39, 'D-PH053', 283, 'Customer', 1, 11, 1, NULL, '2024-06-10 05:01:21'),
(284, 0x37616565646366352d323665362d313165662d39, 'D-PH054', 284, 'Customer', 1, 11, 1, NULL, '2024-06-10 05:01:21'),
(285, 0x37616566366361382d323665362d313165662d39, 'D-PH055', 285, 'Customer', 1, 11, 1, NULL, '2024-06-10 05:01:21'),
(286, 0x37616630333932642d323665362d313165662d39, 'D-PH056', 286, 'Customer', 1, 11, 1, NULL, '2024-06-10 05:01:21'),
(287, 0x37616631333536302d323665362d313165662d39, 'D-PH057', 287, 'Customer', 1, 11, 1, NULL, '2024-06-10 05:01:21'),
(288, 0x37616631623732622d323665362d313165662d39, 'D-PH058', 288, 'Customer', 1, 11, 1, NULL, '2024-06-10 05:01:21'),
(289, 0x37616632323230642d323665362d313165662d39, 'D-PH059', 289, 'Customer', 1, 11, 1, NULL, '2024-06-10 05:01:21'),
(290, 0x37616633343263632d323665362d313165662d39, 'D-PH060', 290, 'Customer', 1, 11, 1, NULL, '2024-06-10 05:01:21'),
(291, 0x37616634636330322d323665362d313165662d39, 'D-PH061', 291, 'Customer', 1, 11, 1, NULL, '2024-06-10 05:01:21'),
(292, 0x37616636396262312d323665362d313165662d39, 'D-PH062', 292, 'Customer', 1, 11, 1, NULL, '2024-06-10 05:01:21'),
(293, 0x37616637336236642d323665362d313165662d39, 'D-PH063', 293, 'Customer', 1, 11, 1, NULL, '2024-06-10 05:01:21'),
(294, 0x37616637656565352d323665362d313165662d39, 'D-PH064', 294, 'Customer', 1, 11, 1, NULL, '2024-06-10 05:01:21'),
(295, 0x37616638663764612d323665362d313165662d39, 'D-TW001', 295, 'Customer', 1, 13, 1, NULL, '2024-06-10 05:01:21'),
(296, 0x37616661306438352d323665362d313165662d39, 'D-TW002', 296, 'Customer', 1, 13, 1, NULL, '2024-06-10 05:01:21'),
(297, 0x37616661653331382d323665362d313165662d39, 'D-TW003', 297, 'Customer', 1, 13, 1, NULL, '2024-06-10 05:01:21'),
(298, 0x37616662643265642d323665362d313165662d39, 'D-TW004', 298, 'Customer', 1, 13, 1, NULL, '2024-06-10 05:01:21'),
(299, 0x37616663363431612d323665362d313165662d39, 'VIP001', 299, 'Keynote Speaker', 1, 6, 1, NULL, '2024-06-10 05:01:21'),
(300, 0x37616663666630372d323665362d313165662d39, 'VIP002', 300, 'Speaker', 1, 6, 1, NULL, '2024-06-10 05:01:21'),
(301, 0x37616664376639302d323665362d313165662d39, 'VIP003', 301, 'Speaker', 1, 6, 1, NULL, '2024-06-10 05:01:21'),
(302, 0x37616665326335632d323665362d313165662d39, 'VIP004', 302, 'Speaker', 1, 6, 1, NULL, '2024-06-10 05:01:21'),
(303, 0x37616665393732362d323665362d313165662d39, 'VIP005', 303, 'Speaker', 1, 6, 1, NULL, '2024-06-10 05:01:21'),
(304, 0x37616666336131362d323665362d313165662d39, 'VIP006', 304, 'Speaker', 1, 6, 1, NULL, '2024-06-10 05:01:21'),
(305, 0x37616666646362662d323665362d313165662d39, 'VIP007', 305, 'Speaker', 1, 6, 1, NULL, '2024-06-10 05:01:21'),
(306, 0x37623030346538382d323665362d313165662d39, 'VIP008', 306, 'Speaker', 1, 6, 1, NULL, '2024-06-10 05:01:21'),
(307, 0x37623031306333612d323665362d313165662d39, 'VIP009', 307, 'Speaker', 1, 6, 1, NULL, '2024-06-10 05:01:21'),
(308, 0x37623031393030322d323665362d313165662d39, 'VIP010', 308, 'Speaker', 1, 6, 1, NULL, '2024-06-10 05:01:21'),
(309, 0x37623032363534362d323665362d313165662d39, 'VIP011', 309, 'Speaker', 1, 6, 1, NULL, '2024-06-10 05:01:21'),
(310, 0x37623032656666662d323665362d313165662d39, 'VIP012', 310, 'Speaker', 1, 6, 1, NULL, '2024-06-10 05:01:21'),
(311, 0x37623034313834622d323665362d313165662d39, 'VIP013', 311, 'Speaker', 1, 6, 1, NULL, '2024-06-10 05:01:21'),
(312, 0x37623034613164612d323665362d313165662d39, 'VIP014', 312, 'Speaker', 1, 6, 1, NULL, '2024-06-10 05:01:22'),
(313, 0x37623035333930392d323665362d313165662d39, 'VIP015', 313, 'Speaker', 1, 6, 1, NULL, '2024-06-10 05:01:22'),
(314, 0x37623035633039332d323665362d313165662d39, 'VIP016', 314, 'Speaker', 1, 6, 1, NULL, '2024-06-10 05:01:22'),
(315, 0x37623036363636352d323665362d313165662d39, 'VIP017', 315, 'Speaker', 1, 6, 1, NULL, '2024-06-10 05:01:22'),
(316, 0x37623036646465612d323665362d313165662d39, 'VIP018', 316, 'Speaker', 1, 6, 1, NULL, '2024-06-10 05:01:22'),
(317, 0x37623037356561622d323665362d313165662d39, 'VIP019', 317, 'Speaker & Exco', 1, 6, 1, NULL, '2024-06-10 05:01:22'),
(318, 0x37623038306130312d323665362d313165662d39, 'VIP020', 318, 'Speaker', 1, 6, 1, NULL, '2024-06-10 05:01:22'),
(319, 0x37623038623961612d323665362d313165662d39, 'VIP021', 319, 'Speaker', 1, 6, 1, NULL, '2024-06-10 05:01:22'),
(320, 0x37623039366166302d323665362d313165662d39, 'VIP022', 320, 'EXCO & Moderator', 1, 6, 1, NULL, '2024-06-10 05:01:22'),
(321, 0x37623061303134392d323665362d313165662d39, 'VIP023', 321, 'EXCO & Moderator', 1, 6, 1, NULL, '2024-06-10 05:01:22'),
(322, 0x37623061393131612d323665362d313165662d39, 'VIP024', 322, 'President of APMA', 1, 6, 1, NULL, '2024-06-10 05:01:22'),
(323, 0x37623063316430352d323665362d313165662d39, 'VIP025', 323, 'EXCO', 1, 6, 1, NULL, '2024-06-10 05:01:22'),
(324, 0x37623064343931652d323665362d313165662d39, 'VIP026', 324, 'EXCO', 1, 6, 1, NULL, '2024-06-10 05:01:22'),
(325, 0x37623065343564302d323665362d313165662d39, 'VIP027', 325, 'EXCO', 1, 6, 1, NULL, '2024-06-10 05:01:22'),
(326, 0x37623066316534312d323665362d313165662d39, 'VIP028', 326, 'EXCO', 1, 6, 1, NULL, '2024-06-10 05:01:22'),
(327, 0x37623066623463612d323665362d313165662d39, 'VIP029', 327, 'EXCO', 1, 6, 1, NULL, '2024-06-10 05:01:22'),
(328, 0x37623130343863622d323665362d313165662d39, 'VIP030', 328, 'Advertiser', 1, 6, 1, NULL, '2024-06-10 05:01:22'),
(329, 0x37623130666364332d323665362d313165662d39, 'VIP031', 329, 'Organizing Chairman APMA 2024', 1, 6, 1, NULL, '2024-06-10 05:01:22'),
(330, 0x37623131633539662d323665362d313165662d39, 'VIP032', 330, 'President of TPMA', 1, 6, 1, NULL, '2024-06-10 05:01:22'),
(331, 0x37623132613664372d323665362d313165662d39, 'VIP033', 331, 'อุปนายกฝ่ายบริหาร', 1, 6, 1, NULL, '2024-06-10 05:01:22'),
(332, 0x37623133376538322d323665362d313165662d39, 'VIP034', 332, 'อุปนายกฝ่ายวิชาการ', 1, 6, 1, NULL, '2024-06-10 05:01:22'),
(333, 0x37623134633133612d323665362d313165662d39, 'VIP035', 333, 'กรรมการและเหรัญญิก', 1, 6, 1, NULL, '2024-06-10 05:01:22'),
(334, 0x37623135363463622d323665362d313165662d39, 'VIP036', 334, 'กรรมการและเลขานุการ', 1, 6, 1, NULL, '2024-06-10 05:01:22'),
(335, 0x37623136303338372d323665362d313165662d39, 'VIP037', 335, 'กรรมการและฝ่ายทะเบียน', 1, 6, 1, NULL, '2024-06-10 05:01:22'),
(336, 0x37623136626364312d323665362d313165662d39, 'VIP038', 336, 'กรรมการ', 1, 6, 1, NULL, '2024-06-10 05:01:22'),
(337, 0x37623137356135382d323665362d313165662d39, 'VIP039', 337, 'กรรมการ', 1, 6, 1, NULL, '2024-06-10 05:01:22'),
(338, 0x37623138323262372d323665362d313165662d39, 'VIP040', 338, 'กรรมการ', 1, 6, 1, NULL, '2024-06-10 05:01:22'),
(339, 0x37623138613934342d323665362d313165662d39, 'VIP041', 339, 'กรรมการ', 1, 6, 1, NULL, '2024-06-10 05:01:22'),
(340, 0x37623139393833632d323665362d313165662d39, 'VIP042', 340, 'กรรมการ', 1, 6, 1, NULL, '2024-06-10 05:01:22'),
(341, 0x37623161353639622d323665362d313165662d39, 'VIP043', 341, 'กรรมการ', 1, 6, 1, NULL, '2024-06-10 05:01:22'),
(342, 0x37623161656533392d323665362d313165662d39, 'VIP044', 342, 'ที่ปรึกษา', 1, 6, 1, NULL, '2024-06-10 05:01:22'),
(343, 0x37623162393534312d323665362d313165662d39, 'VIP045', 343, 'ที่ปรึกษา', 1, 6, 1, NULL, '2024-06-10 05:01:22'),
(344, 0x37623163346265642d323665362d313165662d39, 'VIP046', 344, 'เจ้าหน้าที่สมาคม', 1, 6, 1, NULL, '2024-06-10 05:01:22'),
(345, 0x37623163653230662d323665362d313165662d39, 'VIP047', 345, 'Guest', 1, 6, 1, NULL, '2024-06-10 05:01:22'),
(346, 0x37623164393332632d323665362d313165662d39, 'VIP048', 346, 'Guest', 1, 6, 1, NULL, '2024-06-10 05:01:22');

-- --------------------------------------------------------

--
-- Table structure for table `system`
--

CREATE TABLE `system` (
  `id` int NOT NULL,
  `name` varchar(200) COLLATE utf8mb4_general_ci NOT NULL,
  `email` varchar(100) COLLATE utf8mb4_general_ci NOT NULL,
  `password_email` varchar(200) COLLATE utf8mb4_general_ci NOT NULL,
  `password_default` varchar(50) COLLATE utf8mb4_general_ci NOT NULL,
  `updated` datetime DEFAULT NULL
) ENGINE=InnoDB DEFAULT CHARSET=utf8mb4 COLLATE=utf8mb4_general_ci;

--
-- Dumping data for table `system`
--

INSERT INTO `system` (`id`, `name`, `email`, `password_email`, `password_default`, `updated`) VALUES
(1, 'REGISTRATION', 'cpl.issue@gmail.com', 'wtubrchtfugusotb', 'testtest', '2024-05-31 04:06:58');

-- --------------------------------------------------------

--
-- Table structure for table `user`
--

CREATE TABLE `user` (
  `id` int NOT NULL,
  `login` int NOT NULL,
  `firstname` varchar(100) COLLATE utf8mb4_general_ci NOT NULL,
  `lastname` varchar(100) COLLATE utf8mb4_general_ci NOT NULL,
  `contact` varchar(100) COLLATE utf8mb4_general_ci NOT NULL
) ENGINE=InnoDB DEFAULT CHARSET=utf8mb4 COLLATE=utf8mb4_general_ci;

--
-- Dumping data for table `user`
--

INSERT INTO `user` (`id`, `login`, `firstname`, `lastname`, `contact`) VALUES
(1, 1, 'admin', 'system', '199');

--
-- Indexes for dumped tables
--

--
-- Indexes for table `country`
--
ALTER TABLE `country`
  ADD PRIMARY KEY (`id`);

--
-- Indexes for table `customer`
--
ALTER TABLE `customer`
  ADD PRIMARY KEY (`id`);

--
-- Indexes for table `customer_type`
--
ALTER TABLE `customer_type`
  ADD PRIMARY KEY (`id`);

--
-- Indexes for table `event_item`
--
ALTER TABLE `event_item`
  ADD PRIMARY KEY (`id`);

--
-- Indexes for table `event_request`
--
ALTER TABLE `event_request`
  ADD PRIMARY KEY (`id`);

--
-- Indexes for table `login`
--
ALTER TABLE `login`
  ADD PRIMARY KEY (`id`);

--
-- Indexes for table `registration`
--
ALTER TABLE `registration`
  ADD PRIMARY KEY (`id`);

--
-- Indexes for table `system`
--
ALTER TABLE `system`
  ADD PRIMARY KEY (`id`);

--
-- Indexes for table `user`
--
ALTER TABLE `user`
  ADD PRIMARY KEY (`id`);

--
-- AUTO_INCREMENT for dumped tables
--

--
-- AUTO_INCREMENT for table `country`
--
ALTER TABLE `country`
  MODIFY `id` int NOT NULL AUTO_INCREMENT, AUTO_INCREMENT=249;

--
-- AUTO_INCREMENT for table `customer`
--
ALTER TABLE `customer`
  MODIFY `id` int NOT NULL AUTO_INCREMENT, AUTO_INCREMENT=347;

--
-- AUTO_INCREMENT for table `customer_type`
--
ALTER TABLE `customer_type`
  MODIFY `id` int NOT NULL AUTO_INCREMENT, AUTO_INCREMENT=4;

--
-- AUTO_INCREMENT for table `event_item`
--
ALTER TABLE `event_item`
  MODIFY `id` int NOT NULL AUTO_INCREMENT, AUTO_INCREMENT=16;

--
-- AUTO_INCREMENT for table `event_request`
--
ALTER TABLE `event_request`
  MODIFY `id` int NOT NULL AUTO_INCREMENT, AUTO_INCREMENT=2;

--
-- AUTO_INCREMENT for table `login`
--
ALTER TABLE `login`
  MODIFY `id` int NOT NULL AUTO_INCREMENT, AUTO_INCREMENT=2;

--
-- AUTO_INCREMENT for table `registration`
--
ALTER TABLE `registration`
  MODIFY `id` int NOT NULL AUTO_INCREMENT, AUTO_INCREMENT=347;

--
-- AUTO_INCREMENT for table `system`
--
ALTER TABLE `system`
  MODIFY `id` int NOT NULL AUTO_INCREMENT, AUTO_INCREMENT=2;

--
-- AUTO_INCREMENT for table `user`
--
ALTER TABLE `user`
  MODIFY `id` int NOT NULL AUTO_INCREMENT, AUTO_INCREMENT=2;
COMMIT;

/*!40101 SET CHARACTER_SET_CLIENT=@OLD_CHARACTER_SET_CLIENT */;
/*!40101 SET CHARACTER_SET_RESULTS=@OLD_CHARACTER_SET_RESULTS */;
/*!40101 SET COLLATION_CONNECTION=@OLD_COLLATION_CONNECTION */;
